method,acceptance,discard,logical_error_rate,errors
closed boundary,1.000000,0.000000,4.089169e-03,26981944
closed boundary,0.999292,0.000708,3.773558e-03,24881795
closed boundary,0.998442,0.001558,3.382832e-03,22286467
closed boundary,0.997487,0.002513,2.996698e-03,19723699
closed boundary,0.996528,0.003472,2.653440e-03,17447651
closed boundary,0.995382,0.004618,2.293209e-03,15061614
closed boundary,0.994242,0.005758,1.964169e-03,12885734
closed boundary,0.993347,0.006653,1.738883e-03,11397496
closed boundary,0.992597,0.007403,1.546574e-03,10129355
closed boundary,0.991710,0.008290,1.389843e-03,9094697
closed boundary,0.991229,0.008771,1.314422e-03,8597006
closed boundary,0.990887,0.009113,1.267025e-03,8284144
closed boundary,0.990425,0.009575,1.196981e-03,7822526
closed boundary,0.990018,0.009982,1.142109e-03,7460856
closed boundary,0.989523,0.010477,1.086971e-03,7097117
closed boundary,0.987347,0.012653,1.029437e-03,6706681
closed boundary,0.985144,0.014856,9.977680e-04,6485860
closed boundary,0.984402,0.015598,9.489456e-04,6163850
closed boundary,0.983460,0.016540,9.224866e-04,5986248
closed boundary,0.982420,0.017580,8.834598e-04,5726935
closed boundary,0.981220,0.018780,8.340737e-04,5400188
closed boundary,0.977975,0.022025,7.560907e-04,4879100
closed boundary,0.966883,0.033117,5.392945e-04,3440630
closed boundary,0.961413,0.038587,4.300077e-04,2727874
closed boundary,0.949512,0.050488,2.976391e-04,1864784
closed boundary,0.943232,0.056768,2.182357e-04,1358258
closed boundary,0.941624,0.058376,2.045629e-04,1270991
closed boundary,0.937316,0.062684,1.675895e-04,1036504
closed boundary,0.935658,0.064342,1.579294e-04,975030
closed boundary,0.931332,0.068668,1.199537e-04,737151
closed boundary,0.929681,0.070319,1.131442e-04,694072
closed boundary,0.894983,0.105017,5.409989e-05,319484
closed boundary,0.886022,0.113978,4.129659e-05,241433
closed boundary,0.883554,0.116446,3.751933e-05,218739
closed boundary,0.882183,0.117817,3.451613e-05,200918
closed boundary,0.880738,0.119262,3.144910e-05,182765
closed boundary,0.879044,0.120956,2.930430e-05,169973
closed boundary,0.876937,0.123063,2.712337e-05,156946
closed boundary,0.874739,0.125261,2.521332e-05,145528
closed boundary,0.872884,0.127116,2.343484e-05,134976
closed boundary,0.868959,0.131041,2.196056e-05,125916
closed boundary,0.866987,0.133013,2.081067e-05,119052
closed boundary,0.864665,0.135335,1.960143e-05,111834
closed boundary,0.860994,0.139006,1.807091e-05,102664
closed boundary,0.851485,0.148515,1.554224e-05,87323
closed boundary,0.839328,0.160672,1.353974e-05,74986
closed boundary,0.821498,0.178502,1.076788e-05,58368
closed boundary,0.798996,0.201004,8.581041e-06,45240
closed boundary,0.776335,0.223665,6.622076e-06,33922
closed boundary,0.764714,0.235286,5.575439e-06,28133
closed boundary,0.747102,0.252898,4.127250e-06,20346
closed boundary,0.731832,0.268168,3.486292e-06,16835
closed boundary,0.711011,0.288989,2.879870e-06,13511
closed boundary,0.687048,0.312952,2.265182e-06,10269
closed boundary,0.669869,0.330131,1.891604e-06,8361
closed boundary,0.665187,0.334813,1.760017e-06,7725
closed boundary,0.652520,0.347480,1.580970e-06,6807
closed boundary,0.642366,0.357634,1.436330e-06,6088
closed boundary,0.640562,0.359438,1.382410e-06,5843
closed boundary,0.637777,0.362223,1.313118e-06,5526
closed boundary,0.635202,0.364798,1.269292e-06,5320
closed boundary,0.631317,0.368683,1.223570e-06,5097
closed boundary,0.627672,0.372328,1.180696e-06,4890
closed boundary,0.621426,0.378574,1.125009e-06,4613
closed boundary,0.611523,0.388477,1.080279e-06,4359
closed boundary,0.609107,0.390893,1.059932e-06,4260
closed boundary,0.601153,0.398847,1.030342e-06,4087
closed boundary,0.596922,0.403078,1.005908e-06,3962
closed boundary,0.586342,0.413658,9.863227e-07,3816
closed boundary,0.580657,0.419343,9.735337e-07,3730
closed boundary,0.575295,0.424705,9.612689e-07,3649
closed boundary,0.557241,0.442759,9.464515e-07,3480
closed boundary,0.544524,0.455476,9.359906e-07,3363
Caliper,1.000000,0.000000,4.089165e-03,26981944
Caliper,1.000000,0.000000,4.089165e-03,26981944
Caliper,1.000000,0.000000,4.089165e-03,26981944
Caliper,1.000000,0.000000,4.089165e-03,26981944
Caliper,0.999460,0.000540,3.646472e-03,24047889
Caliper,0.998732,0.001268,3.128959e-03,20619937
Caliper,0.997872,0.002128,2.684427e-03,17675234
Caliper,0.996745,0.003255,2.225460e-03,14636671
Caliper,0.995994,0.004006,1.932243e-03,12698636
Caliper,0.995206,0.004794,1.700677e-03,11167946
Caliper,0.994678,0.005322,1.579466e-03,10366479
Caliper,0.994292,0.005708,1.520941e-03,9978500
Caliper,0.993917,0.006083,1.455166e-03,9543354
Caliper,0.993433,0.006567,1.386570e-03,9089061
Caliper,0.992848,0.007152,1.311932e-03,8594742
Caliper,0.990648,0.009352,1.236413e-03,8082049
Caliper,0.988471,0.011529,1.197997e-03,7813725
Caliper,0.987668,0.012332,1.153181e-03,7515311
Caliper,0.986586,0.013414,1.105237e-03,7194970
Caliper,0.985529,0.014471,1.063411e-03,6915270
Caliper,0.984410,0.015590,1.017800e-03,6611153
Caliper,0.980852,0.019148,9.214088e-04,5963409
Caliper,0.969559,0.030441,6.926252e-04,4431094
Caliper,0.963760,0.036240,5.820237e-04,3701249
Caliper,0.952499,0.047501,4.548221e-04,2858543
Caliper,0.946258,0.053742,3.728160e-04,2327783
Caliper,0.944182,0.055818,3.507101e-04,2184955
Caliper,0.939701,0.060299,3.073606e-04,1905797
Caliper,0.937089,0.062911,2.858713e-04,1767625
Caliper,0.932129,0.067871,2.437480e-04,1499187
Caliper,0.929246,0.070754,2.298656e-04,1409429
Caliper,0.894917,0.105083,1.690835e-04,998442
Caliper,0.885449,0.114551,1.530093e-04,893964
Caliper,0.882152,0.117848,1.452931e-04,845721
Caliper,0.879709,0.120291,1.384226e-04,803498
Caliper,0.876925,0.123075,1.314363e-04,760530
Caliper,0.874041,0.125959,1.261421e-04,727496
Caliper,0.870771,0.129229,1.207393e-04,693731
Caliper,0.867182,0.132818,1.155050e-04,660921
Caliper,0.863328,0.136672,1.100346e-04,626821
Caliper,0.857521,0.142479,1.053712e-04,596218
Caliper,0.852923,0.147077,1.009223e-04,567983
Caliper,0.845971,0.154029,9.554902e-05,533360
Caliper,0.837934,0.162066,9.007575e-05,498031
Caliper,0.823806,0.176194,8.354332e-05,454125
Caliper,0.804040,0.195960,7.722990e-05,409734
Caliper,0.782469,0.217531,7.062153e-05,364622
Caliper,0.754565,0.245435,6.499094e-05,323585
Caliper,0.727972,0.272028,5.993940e-05,287916
Caliper,0.711177,0.288823,5.617853e-05,263625
Caliper,0.690367,0.309633,5.263187e-05,239755
Caliper,0.671616,0.328384,5.022597e-05,222581
Caliper,0.647197,0.352803,4.800928e-05,205022
Caliper,0.622644,0.377356,4.613878e-05,189559
Caliper,0.605631,0.394369,4.398334e-05,175766
Caliper,0.589560,0.410440,4.154851e-05,161630
Caliper,0.574094,0.425906,4.006730e-05,151779
Caliper,0.560495,0.439505,3.905177e-05,144428
Caliper,0.551901,0.448099,3.783078e-05,137767
Caliper,0.533695,0.466305,3.662099e-05,128962
Caliper,0.517690,0.482310,3.563428e-05,121724
Caliper,0.506767,0.493233,3.494141e-05,116839
Caliper,0.491991,0.508009,3.396765e-05,110271
Caliper,0.472442,0.527558,3.314183e-05,103315
Caliper,0.459139,0.540861,3.252595e-05,98540
Caliper,0.446291,0.553709,3.174166e-05,93473
Caliper,0.427445,0.572555,3.073229e-05,86679
Caliper,0.404852,0.595148,2.863770e-05,76502
Caliper,0.365717,0.634283,2.456544e-05,59280
Caliper,0.319705,0.680295,2.075287e-05,43779
Caliper,0.253637,0.746363,1.602358e-05,26817
Caliper,0.221022,0.778978,1.461404e-05,21313
Caliper,0.193298,0.806702,1.377310e-05,17567
string splitting,1.000000,0.000000,4.089169e-03,26981944
string splitting,1.000000,0.000000,4.089067e-03,26981255
string splitting,0.999991,0.000009,4.086681e-03,26965273
string splitting,0.999978,0.000022,4.082894e-03,26939930
string splitting,0.998872,0.001128,3.590110e-03,23662244
string splitting,0.997534,0.002466,3.057781e-03,20126689
string splitting,0.996215,0.003785,2.619472e-03,17218875
string splitting,0.994717,0.005283,2.195473e-03,14410062
string splitting,0.993701,0.006299,1.919059e-03,12582944
string splitting,0.992735,0.007265,1.703368e-03,11157829
string splitting,0.992088,0.007912,1.593207e-03,10429429
string splitting,0.991689,0.008311,1.546467e-03,10119387
string splitting,0.991176,0.008824,1.485939e-03,9718287
string splitting,0.990740,0.009260,1.428114e-03,9335990
string splitting,0.990253,0.009747,1.367222e-03,8933542
string splitting,0.988165,0.011835,1.314822e-03,8573034
string splitting,0.986013,0.013987,1.282823e-03,8346175
string splitting,0.985349,0.014651,1.247902e-03,8113509
string splitting,0.984393,0.015607,1.208534e-03,7849926
string splitting,0.983453,0.016547,1.171591e-03,7602697
string splitting,0.982333,0.017667,1.129604e-03,7321884
string splitting,0.979021,0.020979,1.040377e-03,6720795
string splitting,0.967954,0.032046,8.142152e-04,5200341
string splitting,0.962508,0.037492,6.994279e-04,4442069
string splitting,0.950630,0.049370,5.509401e-04,3455842
string splitting,0.944396,0.055604,4.661070e-04,2904543
string splitting,0.942846,0.057154,4.505306e-04,2802873
string splitting,0.938702,0.061298,4.072036e-04,2522189
string splitting,0.936562,0.063438,3.856633e-04,2383322
string splitting,0.932241,0.067759,3.431492e-04,2110811
string splitting,0.930388,0.069612,3.333569e-04,2046499
string splitting,0.895551,0.104449,2.607800e-04,1541001
string splitting,0.886519,0.113481,2.430710e-04,1421868
string splitting,0.883837,0.116163,2.358683e-04,1375561
string splitting,0.882460,0.117540,2.308141e-04,1343989
string splitting,0.880917,0.119083,2.252939e-04,1309552
string splitting,0.879184,0.120816,2.205338e-04,1279361
string splitting,0.877162,0.122838,2.153951e-04,1246677
string splitting,0.874769,0.125231,2.097288e-04,1210569
string splitting,0.872899,0.127101,2.057594e-04,1185118
string splitting,0.868714,0.131286,2.009558e-04,1151902
string splitting,0.866751,0.133249,1.975806e-04,1129995
string splitting,0.864333,0.135667,1.934549e-04,1103314
string splitting,0.860353,0.139647,1.877176e-04,1065663
string splitting,0.850935,0.149065,1.800086e-04,1010713
string splitting,0.838259,0.161741,1.734584e-04,959427
string splitting,0.819603,0.180397,1.653777e-04,894373
string splitting,0.797409,0.202591,1.584126e-04,833506
string splitting,0.774730,0.225270,1.501586e-04,767607
string splitting,0.762642,0.237358,1.448510e-04,728921
string splitting,0.737314,0.262686,1.308342e-04,636520
string splitting,0.721361,0.278639,1.261718e-04,600555
string splitting,0.700926,0.299074,1.207930e-04,558666
string splitting,0.678349,0.321651,1.144764e-04,512398
string splitting,0.661715,0.338285,1.083586e-04,473121
string splitting,0.653254,0.346746,1.037932e-04,447393
string splitting,0.640827,0.359173,1.011562e-04,427732
string splitting,0.630745,0.369255,9.911023e-05,412487
string splitting,0.628553,0.371447,9.798699e-05,406395
string splitting,0.626091,0.373909,9.637044e-05,398125
string splitting,0.623285,0.376715,9.497290e-05,390593
string splitting,0.619070,0.380930,9.292814e-05,379599
string splitting,0.615412,0.384588,9.159690e-05,371950
string splitting,0.609260,0.390740,8.976015e-05,360848
string splitting,0.603372,0.396628,8.811961e-05,350829
string splitting,0.601055,0.398945,8.688078e-05,344569
string splitting,0.593970,0.406030,8.563995e-05,335644
string splitting,0.592136,0.407864,8.520126e-05,332894
string splitting,0.583312,0.416688,8.362580e-05,321869
string splitting,0.579117,0.420883,8.330125e-05,318314
string splitting,0.571444,0.428556,8.230787e-05,310351
string splitting,0.550782,0.449218,7.916544e-05,287709
string splitting,0.536421,0.463579,7.831691e-05,277204
frozen gap,1.000000,0.000000,4.089165e-03,26981944
frozen gap,0.990601,0.009399,1.317425e-03,8611191
frozen gap,0.981167,0.018833,1.050480e-03,6800948
frozen gap,0.971895,0.028105,8.656621e-04,5551452
frozen gap,0.962224,0.037776,6.744372e-04,4282097
frozen gap,0.952282,0.047718,5.596132e-04,3516349
frozen gap,0.940758,0.059242,4.337758e-04,2692662
frozen gap,0.930069,0.069931,3.914123e-04,2402084
frozen gap,0.924061,0.075939,3.460730e-04,2110118
frozen gap,0.917637,0.082363,3.007023e-04,1820734
frozen gap,0.890114,0.109886,2.871011e-04,1686238
frozen gap,0.880822,0.119178,2.361115e-04,1372284
frozen gap,0.872777,0.127223,2.165778e-04,1247257
frozen gap,0.862812,0.137188,2.015990e-04,1147739
frozen gap,0.852554,0.147446,1.834701e-04,1032109
frozen gap,0.841797,0.158203,1.716591e-04,953483
frozen gap,0.831180,0.168820,1.592887e-04,873612
frozen gap,0.826564,0.173436,1.547103e-04,843790
frozen gap,0.817355,0.182645,1.486989e-04,801968
frozen gap,0.805663,0.194337,1.440352e-04,765704
frozen gap,0.790661,0.209339,1.403033e-04,731976
frozen gap,0.772280,0.227720,1.366748e-04,696469
frozen gap,0.753569,0.246431,1.319235e-04,655970
frozen gap,0.736100,0.263900,1.107101e-04,537728
frozen gap,0.714467,0.285533,1.006016e-04,474270
frozen gap,0.701697,0.298303,9.802165e-05,453848
frozen gap,0.684274,0.315726,9.591742e-05,433078
frozen gap,0.664789,0.335211,9.452183e-05,414624
frozen gap,0.650542,0.349458,9.216091e-05,395604
frozen gap,0.646197,0.353803,9.021224e-05,384653
frozen gap,0.635163,0.364837,8.735043e-05,366091
frozen gap,0.624055,0.375945,8.452517e-05,348055
frozen gap,0.614129,0.385871,7.778509e-05,315206
frozen gap,0.601201,0.398799,7.770502e-05,308253
frozen gap,0.592149,0.407851,7.517135e-05,293712
frozen gap,0.576556,0.423444,7.423589e-05,282419
frozen gap,0.549990,0.450010,4.939330e-05,179251
frozen gap,0.528103,0.471897,4.537833e-05,158127
frozen gap,0.503294,0.496706,4.212367e-05,139890
frozen gap,0.490892,0.509108,4.009634e-05,129876
frozen gap,0.480112,0.519888,3.856194e-05,122163
frozen gap,0.472605,0.527395,3.772017e-05,117628
frozen gap,0.455035,0.544965,3.599934e-05,108088
frozen gap,0.445587,0.554413,3.556810e-05,104576
cluster metric,1.000000,0.000000,4.089169e-03,26981944
cluster metric,1.000000,0.000000,4.089169e-03,26981944
cluster metric,1.000000,0.000000,4.089169e-03,26981944
cluster metric,1.000000,0.000000,4.089169e-03,26981944
cluster metric,1.000000,0.000000,4.089169e-03,26981944
cluster metric,1.000000,0.000000,4.089169e-03,26981944
cluster metric,1.000000,0.000000,4.089169e-03,26981944
cluster metric,1.000000,0.000000,4.089169e-03,26981944
cluster metric,1.000000,0.000000,4.089169e-03,26981944
cluster metric,1.000000,0.000000,4.089169e-03,26981944
cluster metric,1.000000,0.000000,4.089169e-03,26981944
cluster metric,1.000000,0.000000,4.089169e-03,26981944
cluster metric,1.000000,0.000000,4.089169e-03,26981944
cluster metric,1.000000,0.000000,4.089169e-03,26981944
cluster metric,1.000000,0.000000,4.089169e-03,26981944
cluster metric,1.000000,0.000000,4.089169e-03,26981944
cluster metric,1.000000,0.000000,4.089169e-03,26981944
cluster metric,1.000000,0.000000,4.089169e-03,26981944
cluster metric,1.000000,0.000000,4.089169e-03,26981944
cluster metric,1.000000,0.000000,4.089169e-03,26981944
cluster metric,1.000000,0.000000,4.089169e-03,26981944
cluster metric,1.000000,0.000000,4.089169e-03,26981944
cluster metric,1.000000,0.000000,4.089169e-03,26981944
cluster metric,1.000000,0.000000,4.089169e-03,26981944
cluster metric,1.000000,0.000000,4.089169e-03,26981944
cluster metric,1.000000,0.000000,4.089169e-03,26981944
cluster metric,1.000000,0.000000,4.089169e-03,26981944
cluster metric,1.000000,0.000000,4.089169e-03,26981944
cluster metric,1.000000,0.000000,4.089169e-03,26981944
cluster metric,1.000000,0.000000,4.089169e-03,26981944
cluster metric,1.000000,0.000000,4.089169e-03,26981944
cluster metric,1.000000,0.000000,4.089169e-03,26981944
cluster metric,1.000000,0.000000,4.089169e-03,26981944
cluster metric,1.000000,0.000000,4.089169e-03,26981944
cluster metric,1.000000,0.000000,4.089169e-03,26981944
cluster metric,1.000000,0.000000,4.089169e-03,26981944
cluster metric,1.000000,0.000000,4.089169e-03,26981944
cluster metric,1.000000,0.000000,4.089169e-03,26981944
cluster metric,1.000000,0.000000,4.089169e-03,26981944
cluster metric,1.000000,0.000000,4.089169e-03,26981944
cluster metric,1.000000,0.000000,4.089169e-03,26981944
cluster metric,1.000000,0.000000,4.089169e-03,26981944
cluster metric,1.000000,0.000000,4.089169e-03,26981944
cluster metric,1.000000,0.000000,4.089169e-03,26981944
cluster metric,1.000000,0.000000,4.089169e-03,26981944
cluster metric,1.000000,0.000000,4.089169e-03,26981944
cluster metric,1.000000,0.000000,4.089169e-03,26981944
cluster metric,1.000000,0.000000,4.089169e-03,26981944
cluster metric,1.000000,0.000000,4.089169e-03,26981944
cluster metric,1.000000,0.000000,4.089169e-03,26981944
cluster metric,1.000000,0.000000,4.089169e-03,26981944
cluster metric,1.000000,0.000000,4.089169e-03,26981944
cluster metric,1.000000,0.000000,4.089169e-03,26981944
cluster metric,1.000000,0.000000,4.089169e-03,26981944
cluster metric,1.000000,0.000000,4.089169e-03,26981944
cluster metric,1.000000,0.000000,4.089169e-03,26981944
cluster metric,1.000000,0.000000,4.089169e-03,26981944
cluster metric,1.000000,0.000000,4.089169e-03,26981944
cluster metric,1.000000,0.000000,4.089169e-03,26981944
cluster metric,1.000000,0.000000,4.089169e-03,26981944
cluster metric,1.000000,0.000000,4.089169e-03,26981944
cluster metric,1.000000,0.000000,4.089169e-03,26981944
cluster metric,1.000000,0.000000,4.089169e-03,26981944
cluster metric,1.000000,0.000000,4.089169e-03,26981944
cluster metric,1.000000,0.000000,4.089169e-03,26981944
cluster metric,1.000000,0.000000,4.089169e-03,26981944
cluster metric,1.000000,0.000000,4.089169e-03,26981944
cluster metric,1.000000,0.000000,4.089169e-03,26981944
cluster metric,1.000000,0.000000,4.089169e-03,26981944
cluster metric,1.000000,0.000000,4.089169e-03,26981944
cluster metric,1.000000,0.000000,4.089169e-03,26981944
cluster metric,1.000000,0.000000,4.089169e-03,26981944
cluster metric,1.000000,0.000000,4.089169e-03,26981944
cluster metric,1.000000,0.000000,4.089169e-03,26981944
cluster metric,1.000000,0.000000,4.089169e-03,26981944
cluster metric,1.000000,0.000000,4.089169e-03,26981944
cluster metric,1.000000,0.000000,4.089169e-03,26981944
cluster metric,1.000000,0.000000,4.089169e-03,26981944
cluster metric,1.000000,0.000000,4.089169e-03,26981944
cluster metric,1.000000,0.000000,4.089169e-03,26981944
cluster metric,1.000000,0.000000,4.089169e-03,26981944
cluster metric,1.000000,0.000000,4.089169e-03,26981944
cluster metric,1.000000,0.000000,4.089169e-03,26981944
cluster metric,1.000000,0.000000,4.089169e-03,26981944
cluster metric,1.000000,0.000000,4.089169e-03,26981940
cluster metric,1.000000,0.000000,4.089168e-03,26981935
cluster metric,1.000000,0.000000,4.089167e-03,26981930
cluster metric,1.000000,0.000000,4.089166e-03,26981919
cluster metric,1.000000,0.000000,4.089164e-03,26981909
cluster metric,1.000000,0.000000,4.089153e-03,26981835
cluster metric,1.000000,0.000000,4.089169e-03,26981944
cluster metric,1.000000,0.000000,4.089169e-03,26981944
cluster metric,1.000000,0.000000,4.089169e-03,26981944
cluster metric,1.000000,0.000000,4.089169e-03,26981944
cluster metric,1.000000,0.000000,4.089169e-03,26981944
cluster metric,1.000000,0.000000,4.089169e-03,26981944
cluster metric,1.000000,0.000000,4.089169e-03,26981944
cluster metric,1.000000,0.000000,4.089169e-03,26981944
cluster metric,1.000000,0.000000,4.089169e-03,26981944
cluster metric,1.000000,0.000000,4.089169e-03,26981944
cluster metric,1.000000,0.000000,4.089169e-03,26981944
cluster metric,1.000000,0.000000,4.089169e-03,26981944
cluster metric,1.000000,0.000000,4.089169e-03,26981944
cluster metric,1.000000,0.000000,4.089169e-03,26981944
cluster metric,1.000000,0.000000,4.089169e-03,26981944
cluster metric,1.000000,0.000000,4.089169e-03,26981944
cluster metric,1.000000,0.000000,4.089169e-03,26981944
cluster metric,1.000000,0.000000,4.089169e-03,26981944
cluster metric,1.000000,0.000000,4.089169e-03,26981944
cluster metric,1.000000,0.000000,4.089169e-03,26981944
cluster metric,1.000000,0.000000,4.089169e-03,26981944
cluster metric,1.000000,0.000000,4.089169e-03,26981944
cluster metric,1.000000,0.000000,4.089169e-03,26981944
cluster metric,1.000000,0.000000,4.089169e-03,26981944
cluster metric,1.000000,0.000000,4.089169e-03,26981944
cluster metric,1.000000,0.000000,4.089169e-03,26981944
cluster metric,1.000000,0.000000,4.089169e-03,26981944
cluster metric,1.000000,0.000000,4.089169e-03,26981944
cluster metric,1.000000,0.000000,4.089169e-03,26981944
cluster metric,1.000000,0.000000,4.089169e-03,26981944
cluster metric,1.000000,0.000000,4.089169e-03,26981944
cluster metric,1.000000,0.000000,4.089169e-03,26981944
cluster metric,1.000000,0.000000,4.089169e-03,26981944
cluster metric,1.000000,0.000000,4.089169e-03,26981944
cluster metric,1.000000,0.000000,4.089161e-03,26981887
cluster metric,1.000000,0.000000,4.089169e-03,26981944
cluster metric,1.000000,0.000000,4.089169e-03,26981944
cluster metric,1.000000,0.000000,4.089169e-03,26981944
cluster metric,1.000000,0.000000,4.089169e-03,26981944
cluster metric,1.000000,0.000000,4.089169e-03,26981944
cluster metric,1.000000,0.000000,4.089169e-03,26981944
cluster metric,1.000000,0.000000,4.089169e-03,26981944
cluster metric,1.000000,0.000000,4.089169e-03,26981944
cluster metric,1.000000,0.000000,4.089169e-03,26981944
cluster metric,1.000000,0.000000,4.089169e-03,26981944
cluster metric,1.000000,0.000000,4.089169e-03,26981944
cluster metric,1.000000,0.000000,4.089169e-03,26981944
cluster metric,1.000000,0.000000,4.089169e-03,26981944
cluster metric,1.000000,0.000000,4.089169e-03,26981944
cluster metric,1.000000,0.000000,4.089169e-03,26981944
cluster metric,1.000000,0.000000,4.089169e-03,26981944
cluster metric,1.000000,0.000000,4.089169e-03,26981944
cluster metric,1.000000,0.000000,4.089169e-03,26981944
cluster metric,1.000000,0.000000,4.089169e-03,26981944
cluster metric,1.000000,0.000000,4.089169e-03,26981944
cluster metric,1.000000,0.000000,4.089169e-03,26981944
cluster metric,1.000000,0.000000,4.089169e-03,26981944
cluster metric,1.000000,0.000000,4.089169e-03,26981944
cluster metric,1.000000,0.000000,4.089169e-03,26981944
cluster metric,1.000000,0.000000,4.089169e-03,26981944
cluster metric,1.000000,0.000000,4.089169e-03,26981944
cluster metric,1.000000,0.000000,4.089169e-03,26981944
cluster metric,1.000000,0.000000,4.089169e-03,26981944
cluster metric,1.000000,0.000000,4.089169e-03,26981944
cluster metric,1.000000,0.000000,4.089169e-03,26981944
cluster metric,1.000000,0.000000,4.089169e-03,26981944
cluster metric,1.000000,0.000000,4.089169e-03,26981944
cluster metric,1.000000,0.000000,4.089169e-03,26981944
cluster metric,1.000000,0.000000,4.089169e-03,26981944
cluster metric,1.000000,0.000000,4.089169e-03,26981944
cluster metric,1.000000,0.000000,4.089169e-03,26981944
cluster metric,1.000000,0.000000,4.089169e-03,26981944
cluster metric,1.000000,0.000000,4.089169e-03,26981944
cluster metric,1.000000,0.000000,4.089169e-03,26981944
cluster metric,1.000000,0.000000,4.089169e-03,26981944
cluster metric,1.000000,0.000000,4.089169e-03,26981944
cluster metric,1.000000,0.000000,4.089169e-03,26981944
cluster metric,1.000000,0.000000,4.089169e-03,26981944
cluster metric,1.000000,0.000000,4.089169e-03,26981944
cluster metric,1.000000,0.000000,4.089169e-03,26981944
cluster metric,1.000000,0.000000,4.089169e-03,26981944
cluster metric,1.000000,0.000000,4.089169e-03,26981944
cluster metric,1.000000,0.000000,4.089169e-03,26981944
cluster metric,1.000000,0.000000,4.089169e-03,26981944
cluster metric,1.000000,0.000000,4.089169e-03,26981944
cluster metric,1.000000,0.000000,4.089169e-03,26981944
cluster metric,1.000000,0.000000,4.089169e-03,26981944
cluster metric,1.000000,0.000000,4.089169e-03,26981944
cluster metric,1.000000,0.000000,4.089169e-03,26981944
cluster metric,1.000000,0.000000,4.089169e-03,26981944
cluster metric,1.000000,0.000000,4.089169e-03,26981944
cluster metric,1.000000,0.000000,4.089169e-03,26981944
cluster metric,1.000000,0.000000,4.089169e-03,26981944
cluster metric,1.000000,0.000000,4.089169e-03,26981944
cluster metric,1.000000,0.000000,4.089169e-03,26981944
cluster metric,1.000000,0.000000,4.089169e-03,26981944
cluster metric,1.000000,0.000000,4.089169e-03,26981944
cluster metric,1.000000,0.000000,4.089169e-03,26981944
cluster metric,1.000000,0.000000,4.089169e-03,26981944
cluster metric,1.000000,0.000000,4.089169e-03,26981944
cluster metric,1.000000,0.000000,4.089169e-03,26981944
cluster metric,1.000000,0.000000,4.089169e-03,26981944
cluster metric,1.000000,0.000000,4.089169e-03,26981944
cluster metric,1.000000,0.000000,4.089169e-03,26981944
cluster metric,1.000000,0.000000,4.089169e-03,26981944
cluster metric,1.000000,0.000000,4.089169e-03,26981944
cluster metric,1.000000,0.000000,4.089169e-03,26981944
cluster metric,1.000000,0.000000,4.089169e-03,26981944
cluster metric,1.000000,0.000000,4.089169e-03,26981944
cluster metric,1.000000,0.000000,4.089169e-03,26981944
cluster metric,1.000000,0.000000,4.089169e-03,26981944
cluster metric,1.000000,0.000000,4.089169e-03,26981944
cluster metric,1.000000,0.000000,4.089169e-03,26981944
cluster metric,1.000000,0.000000,4.089169e-03,26981944
cluster metric,1.000000,0.000000,4.089169e-03,26981944
cluster metric,1.000000,0.000000,4.089169e-03,26981944
cluster metric,1.000000,0.000000,4.089169e-03,26981944
cluster metric,1.000000,0.000000,4.089169e-03,26981944
cluster metric,1.000000,0.000000,4.089169e-03,26981944
cluster metric,1.000000,0.000000,4.089169e-03,26981944
cluster metric,1.000000,0.000000,4.089169e-03,26981944
cluster metric,1.000000,0.000000,4.089169e-03,26981944
cluster metric,1.000000,0.000000,4.089169e-03,26981944
cluster metric,1.000000,0.000000,4.089169e-03,26981944
cluster metric,1.000000,0.000000,4.089169e-03,26981944
cluster metric,1.000000,0.000000,4.089169e-03,26981944
cluster metric,1.000000,0.000000,4.089169e-03,26981944
cluster metric,1.000000,0.000000,4.089169e-03,26981944
cluster metric,1.000000,0.000000,4.089169e-03,26981944
cluster metric,1.000000,0.000000,4.089169e-03,26981944
cluster metric,1.000000,0.000000,4.089169e-03,26981944
cluster metric,1.000000,0.000000,4.089169e-03,26981944
cluster metric,1.000000,0.000000,4.089169e-03,26981944
cluster metric,1.000000,0.000000,4.089169e-03,26981944
cluster metric,1.000000,0.000000,4.089169e-03,26981944
cluster metric,1.000000,0.000000,4.089169e-03,26981944
cluster metric,1.000000,0.000000,4.089169e-03,26981944
cluster metric,1.000000,0.000000,4.089169e-03,26981944
cluster metric,1.000000,0.000000,4.089169e-03,26981944
cluster metric,1.000000,0.000000,4.089169e-03,26981944
cluster metric,1.000000,0.000000,4.089169e-03,26981944
cluster metric,1.000000,0.000000,4.089169e-03,26981944
cluster metric,1.000000,0.000000,4.089169e-03,26981944
cluster metric,1.000000,0.000000,4.089169e-03,26981944
cluster metric,1.000000,0.000000,4.089169e-03,26981944
cluster metric,1.000000,0.000000,4.089169e-03,26981944
cluster metric,1.000000,0.000000,4.089169e-03,26981944
cluster metric,1.000000,0.000000,4.089169e-03,26981944
cluster metric,1.000000,0.000000,4.089169e-03,26981944
cluster metric,1.000000,0.000000,4.089169e-03,26981944
cluster metric,1.000000,0.000000,4.089169e-03,26981944
cluster metric,1.000000,0.000000,4.089169e-03,26981944
cluster metric,1.000000,0.000000,4.089169e-03,26981944
cluster metric,1.000000,0.000000,4.089169e-03,26981944
cluster metric,1.000000,0.000000,4.089169e-03,26981944
cluster metric,1.000000,0.000000,4.089169e-03,26981944
cluster metric,1.000000,0.000000,4.089169e-03,26981944
cluster metric,1.000000,0.000000,4.089169e-03,26981944
cluster metric,1.000000,0.000000,4.089169e-03,26981944
cluster metric,1.000000,0.000000,4.089140e-03,26981744
cluster metric,1.000000,0.000000,4.089117e-03,26981585
cluster metric,0.999999,0.000001,4.089072e-03,26981289
cluster metric,0.999999,0.000001,4.089020e-03,26980935
cluster metric,0.999999,0.000001,4.088949e-03,26980454
cluster metric,0.999998,0.000002,4.088835e-03,26979684
cluster metric,0.999997,0.000003,4.088640e-03,26978368
cluster metric,0.999994,0.000006,4.088305e-03,26976072
cluster metric,0.999989,0.000011,4.087749e-03,26972280
cluster metric,0.999984,0.000016,4.086847e-03,26966179
cluster metric,0.999973,0.000027,4.085516e-03,26957101
cluster metric,0.999957,0.000043,4.083504e-03,26943394
cluster metric,0.999933,0.000067,4.080589e-03,26923512
cluster metric,0.999895,0.000105,4.076280e-03,26894084
cluster metric,0.999837,0.000163,4.069975e-03,26850921
cluster metric,0.999744,0.000256,4.061032e-03,26789429
cluster metric,0.999603,0.000397,4.048495e-03,26702942
cluster metric,0.999399,0.000601,4.031099e-03,26582793
cluster metric,0.999097,0.000903,4.007892e-03,26421757
cluster metric,0.998664,0.001336,3.977609e-03,26210769
cluster metric,0.998080,0.001920,3.939501e-03,25944463
cluster metric,0.997289,0.002711,3.892940e-03,25617505
cluster metric,0.996221,0.003779,3.836007e-03,25215817
cluster metric,0.994877,0.005123,3.770220e-03,24749950
cluster metric,0.993121,0.006879,3.693442e-03,24203126
cluster metric,0.990902,0.009098,3.605281e-03,23572632
cluster metric,0.988197,0.011803,3.510244e-03,22888586
cluster metric,0.984759,0.015241,3.401116e-03,22099862
cluster metric,0.980436,0.019564,3.285520e-03,21255027
cluster metric,0.975506,0.024494,3.163777e-03,20364509
cluster metric,0.969730,0.030270,3.030594e-03,19391741
cluster metric,0.962594,0.037406,2.894732e-03,18386100
cluster metric,0.954668,0.045332,2.756968e-03,17366891
cluster metric,0.945839,0.054161,2.608351e-03,16278756
cluster metric,0.935801,0.064199,2.460230e-03,15191383
cluster metric,0.924427,0.075573,2.325397e-03,14184305
cluster metric,0.912164,0.087836,2.185843e-03,13156191
cluster metric,0.898953,0.101047,2.032403e-03,12055487
cluster metric,0.883988,0.116012,1.877993e-03,10954139
cluster metric,0.870073,0.129927,1.766742e-03,10143014
cluster metric,0.854999,0.145001,1.661748e-03,9374952
cluster metric,0.832691,0.167309,1.546998e-03,8499859
cluster metric,0.814167,0.185833,1.381730e-03,7422917
cluster metric,0.798418,0.201582,1.238835e-03,6526529
cluster metric,0.779813,0.220187,1.155936e-03,5947882
cluster metric,0.766491,0.233509,1.099139e-03,5559018
cluster metric,0.740252,0.259748,1.068725e-03,5220156
cluster metric,0.722776,0.277224,9.595102e-04,4576059
cluster metric,0.691757,0.308243,8.348438e-04,3810633
cluster metric,0.669890,0.330110,6.865589e-04,3034727
cluster metric,0.648082,0.351918,5.942537e-04,2541206
cluster metric,0.631994,0.368006,5.432546e-04,2265451
cluster metric,0.621125,0.378875,5.216416e-04,2137911
cluster metric,0.594834,0.405166,5.299002e-04,2079832
cluster metric,0.585376,0.414624,5.068015e-04,1957541
cluster metric,0.570540,0.429460,4.765884e-04,1794187
cluster metric,0.532768,0.467232,4.530688e-04,1592724
cluster metric,0.511293,0.488707,3.551242e-04,1198086
cluster metric,0.495787,0.504213,2.418223e-04,791097
cluster metric,0.454462,0.545538,1.971709e-04,591260
cluster metric,0.429953,0.570047,1.675345e-04,475295
cluster metric,0.418824,0.581176,1.335316e-04,369023
cluster metric,0.410022,0.589978,1.252029e-04,338735
cluster metric,0.406110,0.593890,1.220197e-04,326973
cluster metric,0.404861,0.595139,1.216240e-04,324910
cluster metric,0.404335,0.595665,1.215731e-04,324352
cluster metric,0.403797,0.596203,1.216724e-04,324185
cluster metric,0.401880,0.598120,1.219805e-04,323463
cluster metric,0.378130,0.621870,1.277573e-04,318761
cluster metric,0.350981,0.649019,1.152198e-04,266839
cluster metric,0.344049,0.655951,8.485571e-05,192637
cluster metric,0.343113,0.656887,7.368396e-05,166820
cluster metric,0.339942,0.660058,4.359786e-05,97793
cluster metric,0.324498,0.675502,4.430161e-05,94857
cluster metric,0.254190,0.745810,4.336393e-05,72732
cluster metric,0.227917,0.772083,4.352388e-05,65455
cluster metric,0.192838,0.807162,4.711099e-05,59945
cluster metric,0.190908,0.809092,3.497462e-05,44057
cluster metric,0.188649,0.811351,2.187539e-05,27230
cluster metric,0.186105,0.813895,2.189910e-05,26892
cluster metric,0.178758,0.821242,1.381244e-05,16292
cluster metric,0.175698,0.824302,1.376922e-05,15963
cluster metric,0.175698,0.824302,1.376922e-05,15963
cluster metric,0.175698,0.824302,1.376922e-05,15963
cluster metric,0.175698,0.824302,1.376922e-05,15963
cluster metric,0.175698,0.824302,1.376922e-05,15963
cluster metric,0.175698,0.824302,1.376922e-05,15963
cluster metric,0.175698,0.824302,1.376922e-05,15963
cluster metric,0.175698,0.824302,1.376922e-05,15963
cluster metric,0.175698,0.824302,1.376922e-05,15963
cluster metric,0.175698,0.824302,1.376922e-05,15963
cluster metric,0.175698,0.824302,1.376922e-05,15963
cluster metric,0.175698,0.824302,1.376922e-05,15963
cluster metric,0.175698,0.824302,1.376922e-05,15963
cluster metric,0.175698,0.824302,1.376922e-05,15963
cluster metric,0.175698,0.824302,1.376922e-05,15963
cluster metric,0.175698,0.824302,1.376922e-05,15963
cluster metric,0.175698,0.824302,1.376922e-05,15963
cluster metric,0.175698,0.824302,1.376922e-05,15963
cluster metric,0.175698,0.824302,1.376922e-05,15963
cluster metric,0.175698,0.824302,1.376922e-05,15963
cluster metric,0.175698,0.824302,1.376922e-05,15963
cluster metric,0.175698,0.824302,1.376922e-05,15963
cluster metric,0.175698,0.824302,1.376922e-05,15963
cluster metric,0.175698,0.824302,1.376922e-05,15963
cluster metric,0.175698,0.824302,1.376922e-05,15963
cluster metric,0.175698,0.824302,1.376922e-05,15963
cluster metric,0.175698,0.824302,1.376922e-05,15963
cluster metric,0.175698,0.824302,1.376922e-05,15963
cluster metric,0.175698,0.824302,1.376922e-05,15963
cluster metric,0.175698,0.824302,1.376922e-05,15963
cluster metric,0.175698,0.824302,1.376922e-05,15963
cluster metric,0.175698,0.824302,1.376922e-05,15963
cluster metric,0.175698,0.824302,1.376922e-05,15963
cluster metric,0.175698,0.824302,1.376922e-05,15963
cluster metric,0.175698,0.824302,1.376922e-05,15963
cluster metric,0.175698,0.824302,1.376922e-05,15963
cluster metric,0.175698,0.824302,1.376922e-05,15963
cluster metric,0.175698,0.824302,1.376922e-05,15963
cluster metric,0.175698,0.824302,1.376922e-05,15963
cluster metric,0.175698,0.824302,1.376922e-05,15963
cluster metric,0.175698,0.824302,1.376922e-05,15963
cluster metric,0.175698,0.824302,1.376922e-05,15963
cluster metric,0.175698,0.824302,1.376922e-05,15963
cluster metric,0.175698,0.824302,1.376922e-05,15963
cluster metric,0.175698,0.824302,1.376922e-05,15963
cluster metric,0.175698,0.824302,1.376922e-05,15963
cluster metric,0.175698,0.824302,1.376922e-05,15963
cluster metric,0.175698,0.824302,1.376922e-05,15963
cluster metric,0.175698,0.824302,1.376922e-05,15963
cluster metric,0.175698,0.824302,1.376922e-05,15963
cluster metric,0.175698,0.824302,1.376922e-05,15963
cluster metric,0.175698,0.824302,1.376922e-05,15963
cluster metric,0.175698,0.824302,1.376922e-05,15963
cluster metric,0.175698,0.824302,1.376922e-05,15963
cluster metric,0.175698,0.824302,1.376922e-05,15963
cluster metric,0.175698,0.824302,1.376922e-05,15963
cluster metric,0.175698,0.824302,1.376922e-05,15963
cluster metric,0.175698,0.824302,1.376922e-05,15963
cluster metric,0.175698,0.824302,1.376922e-05,15963
cluster metric,0.175698,0.824302,1.376922e-05,15963
cluster metric,0.175698,0.824302,1.376922e-05,15963
cluster metric,0.175698,0.824302,1.376922e-05,15963
cluster metric,0.175698,0.824302,1.376922e-05,15963
cluster metric,0.175698,0.824302,1.376922e-05,15963
cluster metric,0.175698,0.824302,1.376922e-05,15963
cluster metric,0.175698,0.824302,1.376922e-05,15963
cluster metric,0.175698,0.824302,1.376922e-05,15963
cluster metric,0.175698,0.824302,1.376922e-05,15963
cluster metric,0.175698,0.824302,1.376922e-05,15963
cluster metric,0.175698,0.824302,1.376922e-05,15963
cluster metric,0.175698,0.824302,1.376922e-05,15963
cluster metric,0.175698,0.824302,1.376922e-05,15963
cluster metric,0.175698,0.824302,1.376922e-05,15963
cluster metric,0.175698,0.824302,1.376922e-05,15963
cluster metric,0.175698,0.824302,1.376922e-05,15963
cluster metric,0.175698,0.824302,1.376922e-05,15963
cluster metric,0.175698,0.824302,1.376922e-05,15963
cluster metric,0.175698,0.824302,1.376922e-05,15963
cluster metric,0.175698,0.824302,1.376922e-05,15963
cluster metric,0.175698,0.824302,1.376922e-05,15963
cluster metric,0.175698,0.824302,1.376922e-05,15963
cluster metric,0.175698,0.824302,1.376922e-05,15963
cluster metric,0.175698,0.824302,1.376922e-05,15963
cluster metric,0.175698,0.824302,1.376922e-05,15963
cluster metric,0.175698,0.824302,1.376922e-05,15963
cluster metric,0.175698,0.824302,1.376922e-05,15963
cluster metric,0.175698,0.824302,1.376922e-05,15963
cluster metric,0.175698,0.824302,1.376922e-05,15963
cluster metric,0.175698,0.824302,1.376922e-05,15963
cluster metric,0.175698,0.824302,1.376922e-05,15963
cluster metric,0.175698,0.824302,1.376922e-05,15963
cluster metric,0.175698,0.824302,1.376922e-05,15963
cluster metric,0.175698,0.824302,1.376922e-05,15963
cluster metric,0.175698,0.824302,1.376922e-05,15963
cluster metric,0.175698,0.824302,1.376922e-05,15963
cluster metric,0.175698,0.824302,1.376922e-05,15963
cluster metric,0.175698,0.824302,1.376922e-05,15963
cluster metric,0.175698,0.824302,1.376922e-05,15963
cluster metric,0.175698,0.824302,1.376922e-05,15963
cluster metric,0.175698,0.824302,1.376922e-05,15963
cluster metric,0.175698,0.824302,1.376922e-05,15963
cluster metric,0.175698,0.824302,1.376922e-05,15963
cluster metric,0.175698,0.824302,1.376922e-05,15963
cluster metric,0.175698,0.824302,1.376922e-05,15963
cluster metric,0.175698,0.824302,1.376922e-05,15963
cluster metric,0.175698,0.824302,1.376922e-05,15963
cluster metric,0.175698,0.824302,1.376922e-05,15963
cluster metric,0.175698,0.824302,1.376922e-05,15963
cluster metric,0.175698,0.824302,1.376922e-05,15963
cluster metric,0.175698,0.824302,1.376922e-05,15963
cluster metric,0.175698,0.824302,1.376922e-05,15963
cluster metric,0.175698,0.824302,1.376922e-05,15963
cluster metric,0.175698,0.824302,1.376922e-05,15963
cluster metric,0.175698,0.824302,1.376922e-05,15963
cluster metric,0.175698,0.824302,1.376922e-05,15963
cluster metric,0.175698,0.824302,1.376922e-05,15963
cluster metric,0.175698,0.824302,1.376922e-05,15963
cluster metric,0.175698,0.824302,1.376922e-05,15963
cluster metric,0.175698,0.824302,1.376922e-05,15963
cluster metric,0.175698,0.824302,1.376922e-05,15963
cluster metric,0.175698,0.824302,1.376922e-05,15963
cluster metric,0.175698,0.824302,1.376922e-05,15963
cluster metric,0.175698,0.824302,1.376922e-05,15963
cluster metric,0.175698,0.824302,1.376922e-05,15963
cluster metric,0.175698,0.824302,1.376922e-05,15963
cluster metric,0.175698,0.824302,1.376922e-05,15963
cluster metric,0.175698,0.824302,1.376922e-05,15963
cluster metric,0.175698,0.824302,1.376922e-05,15963
cluster metric,0.175698,0.824302,1.376922e-05,15963
cluster metric,0.175698,0.824302,1.376922e-05,15963
cluster metric,0.175698,0.824302,1.376922e-05,15963
cluster metric,0.175698,0.824302,1.376922e-05,15963
cluster metric,0.175698,0.824302,1.376922e-05,15963
cluster metric,0.175698,0.824302,1.376922e-05,15963
cluster metric,0.175698,0.824302,1.376922e-05,15963
cluster metric,0.175698,0.824302,1.376922e-05,15963
cluster metric,0.175698,0.824302,1.376922e-05,15963
cluster metric,0.175698,0.824302,1.376922e-05,15963
cluster metric,0.175698,0.824302,1.376922e-05,15963
cluster metric,0.175698,0.824302,1.376922e-05,15963
cluster metric,0.175698,0.824302,1.376922e-05,15963
cluster metric,0.175698,0.824302,1.376922e-05,15963
cluster metric,0.175698,0.824302,1.376922e-05,15963
cluster metric,0.175698,0.824302,1.376922e-05,15963
cluster metric,0.175698,0.824302,1.376922e-05,15963
cluster metric,0.175698,0.824302,1.376922e-05,15963
cluster metric,0.175698,0.824302,1.376922e-05,15963
cluster metric,0.175698,0.824302,1.376922e-05,15963
cluster metric,0.175698,0.824302,1.376922e-05,15963
cluster metric,0.175698,0.824302,1.376922e-05,15963
cluster metric,0.175698,0.824302,1.376922e-05,15963
cluster metric,0.175698,0.824302,1.376922e-05,15963
cluster metric,0.175698,0.824302,1.376922e-05,15963
cluster metric,0.175698,0.824302,1.376922e-05,15963
cluster metric,0.175698,0.824302,1.376922e-05,15963
cluster metric,0.175698,0.824302,1.376922e-05,15963
cluster metric,0.175698,0.824302,1.376922e-05,15963
cluster metric,0.175698,0.824302,1.376922e-05,15963
cluster metric,0.175698,0.824302,1.376922e-05,15963
cluster metric,0.175698,0.824302,1.376922e-05,15963
cluster metric,0.175698,0.824302,1.376922e-05,15963
cluster metric,0.175698,0.824302,1.376922e-05,15963
cluster metric,0.175698,0.824302,1.376922e-05,15963
cluster metric,0.175698,0.824302,1.376922e-05,15963
cluster metric,0.175698,0.824302,1.376922e-05,15963
cluster metric,0.175698,0.824302,1.376922e-05,15963
cluster metric,0.175698,0.824302,1.376922e-05,15963
cluster metric,0.175698,0.824302,1.376922e-05,15963
cluster metric,0.175698,0.824302,1.376922e-05,15963
cluster metric,0.175698,0.824302,1.376922e-05,15963
cluster metric,0.175698,0.824302,1.376922e-05,15963
cluster metric,0.175698,0.824302,1.376922e-05,15963
cluster metric,0.175698,0.824302,1.376922e-05,15963
cluster metric,0.175698,0.824302,1.376922e-05,15963
cluster metric,0.175698,0.824302,1.376922e-05,15963
cluster metric,0.175698,0.824302,1.376922e-05,15963
cluster metric,0.175698,0.824302,1.376922e-05,15963
cluster metric,0.175698,0.824302,1.376922e-05,15963
cluster metric,0.175698,0.824302,1.376922e-05,15963
cluster metric,0.175698,0.824302,1.376922e-05,15963
cluster metric,0.175698,0.824302,1.376922e-05,15963
cluster metric,0.175698,0.824302,1.376922e-05,15963
cluster metric,0.175698,0.824302,1.376922e-05,15963
cluster metric,0.175698,0.824302,1.376922e-05,15963
cluster metric,0.175698,0.824302,1.376922e-05,15963
cluster metric,0.175698,0.824302,1.376922e-05,15963
cluster metric,0.175698,0.824302,1.376922e-05,15963
cluster metric,0.175698,0.824302,1.376922e-05,15963
cluster metric,0.175698,0.824302,1.376922e-05,15963
cluster metric,0.175698,0.824302,1.376922e-05,15963
cluster metric,0.175698,0.824302,1.376922e-05,15963
cluster metric,0.175698,0.824302,1.376922e-05,15963
cluster metric,0.175698,0.824302,1.376922e-05,15963
cluster metric,0.175698,0.824302,1.376922e-05,15963
cluster metric,0.175698,0.824302,1.376922e-05,15963
cluster metric,0.175698,0.824302,1.376922e-05,15963
cluster metric,0.175698,0.824302,1.376922e-05,15963
cluster metric,0.175698,0.824302,1.376922e-05,15963
cluster metric,0.175698,0.824302,1.376922e-05,15963
cluster metric,0.175698,0.824302,1.376922e-05,15963
cluster metric,0.175698,0.824302,1.376922e-05,15963
cluster metric,0.175698,0.824302,1.376922e-05,15963
cluster metric,0.175698,0.824302,1.376922e-05,15963
cluster metric,0.175698,0.824302,1.376922e-05,15963
cluster metric,0.175698,0.824302,1.376922e-05,15963
cluster metric,0.175698,0.824302,1.376922e-05,15963
cluster metric,0.175698,0.824302,1.376922e-05,15963
cluster metric,0.175698,0.824302,1.376922e-05,15963
cluster metric,0.175698,0.824302,1.376922e-05,15963
cluster metric,0.175698,0.824302,1.376922e-05,15963
cluster metric,0.175698,0.824302,1.376922e-05,15963
cluster metric,0.175698,0.824302,1.376922e-05,15963
cluster metric,0.175698,0.824302,1.376922e-05,15963
cluster metric,0.175698,0.824302,1.376922e-05,15963
cluster metric,0.175698,0.824302,1.376922e-05,15963
cluster metric,0.175698,0.824302,1.376922e-05,15963
cluster metric,0.175698,0.824302,1.376922e-05,15963
cluster metric,0.175698,0.824302,1.376922e-05,15963
cluster metric,0.175698,0.824302,1.376922e-05,15963
cluster metric,0.175698,0.824302,1.376922e-05,15963
cluster metric,0.175698,0.824302,1.376922e-05,15963
cluster metric,0.175698,0.824302,1.376922e-05,15963
cluster metric,0.175698,0.824302,1.376922e-05,15963
cluster metric,0.175698,0.824302,1.376922e-05,15963
cluster metric,0.175698,0.824302,1.376922e-05,15963
cluster metric,0.175698,0.824302,1.376922e-05,15963
cluster metric,0.175698,0.824302,1.376922e-05,15963
cluster metric,0.175698,0.824302,1.376922e-05,15963
cluster metric,0.175698,0.824302,1.376922e-05,15963
cluster metric,0.175698,0.824302,1.376922e-05,15963
cluster metric,0.175698,0.824302,1.376922e-05,15963
cluster metric,0.175698,0.824302,1.376922e-05,15963
cluster metric,0.175698,0.824302,1.376922e-05,15963
cluster metric,0.175698,0.824302,1.376922e-05,15963
cluster metric,0.175698,0.824302,1.376922e-05,15963
cluster metric,0.175698,0.824302,1.376922e-05,15963
cluster metric,0.175698,0.824302,1.376922e-05,15963
cluster metric,0.175698,0.824302,1.376922e-05,15963
cluster metric,0.175698,0.824302,1.376922e-05,15963
cluster metric,0.175698,0.824302,1.376922e-05,15963
cluster metric,0.175698,0.824302,1.376922e-05,15963
cluster metric,0.175698,0.824302,1.376922e-05,15963
cluster metric,0.175698,0.824302,1.376922e-05,15963
cluster metric,0.175698,0.824302,1.376922e-05,15963
cluster metric,0.175698,0.824302,1.376922e-05,15963
cluster metric,0.175698,0.824302,1.376922e-05,15963
cluster metric,0.175698,0.824302,1.376922e-05,15963
cluster metric,0.175698,0.824302,1.376922e-05,15963
cluster metric,0.175698,0.824302,1.376922e-05,15963
cluster metric,0.175698,0.824302,1.376922e-05,15963
cluster metric,0.175698,0.824302,1.376922e-05,15963
cluster metric,0.175698,0.824302,1.376922e-05,15963
cluster metric,0.175698,0.824302,1.376922e-05,15963
cluster metric,0.175698,0.824302,1.376922e-05,15963
cluster metric,0.175698,0.824302,1.376922e-05,15963
cluster metric,0.175698,0.824302,1.376922e-05,15963
cluster metric,0.175698,0.824302,1.376922e-05,15963
cluster metric,0.175698,0.824302,1.376922e-05,15963
cluster metric,0.175698,0.824302,1.376922e-05,15963
cluster metric,0.175698,0.824302,1.376922e-05,15963
cluster metric,0.175698,0.824302,1.376922e-05,15963
cluster metric,0.175698,0.824302,1.376922e-05,15963
cluster metric,0.175698,0.824302,1.376922e-05,15963
cluster metric,0.175698,0.824302,1.376922e-05,15963
cluster metric,0.175698,0.824302,1.376922e-05,15963
cluster metric,0.175698,0.824302,1.376922e-05,15963
cluster metric,0.175698,0.824302,1.376922e-05,15963
cluster metric,0.175698,0.824302,1.376922e-05,15963
cluster metric,0.175698,0.824302,1.376922e-05,15963
cluster metric,0.175698,0.824302,1.376922e-05,15963
cluster metric,0.175698,0.824302,1.376922e-05,15963
cluster metric,0.175698,0.824302,1.376922e-05,15963
cluster metric,0.175698,0.824302,1.376922e-05,15963
cluster metric,0.175698,0.824302,1.376922e-05,15963
cluster metric,0.175698,0.824302,1.376922e-05,15963
cluster metric,0.175698,0.824302,1.376922e-05,15963
cluster metric,0.175698,0.824302,1.376922e-05,15963
cluster metric,0.175698,0.824302,1.376922e-05,15963
cluster metric,0.175698,0.824302,1.376922e-05,15963
cluster metric,0.175698,0.824302,1.376922e-05,15963
cluster metric,0.175698,0.824302,1.376922e-05,15963
cluster metric,0.175698,0.824302,1.376922e-05,15963
cluster metric,0.175698,0.824302,1.376922e-05,15963
cluster metric,0.175698,0.824302,1.376922e-05,15963
cluster metric,0.175698,0.824302,1.376922e-05,15963
cluster metric,0.175698,0.824302,1.376922e-05,15963
cluster metric,0.175698,0.824302,1.376922e-05,15963
cluster metric,0.175698,0.824302,1.376922e-05,15963
cluster metric,0.175698,0.824302,1.376922e-05,15963
cluster metric,0.175698,0.824302,1.376922e-05,15963
cluster metric,0.175698,0.824302,1.376922e-05,15963
cluster metric,0.175698,0.824302,1.376922e-05,15963
cluster metric,0.175698,0.824302,1.376922e-05,15963
cluster metric,0.175698,0.824302,1.376922e-05,15963
cluster metric,0.175698,0.824302,1.376922e-05,15963
cluster metric,0.175698,0.824302,1.376922e-05,15963
cluster metric,0.175698,0.824302,1.376922e-05,15963
cluster metric,0.175698,0.824302,1.376922e-05,15963
cluster metric,0.175698,0.824302,1.376922e-05,15963
cluster metric,0.175698,0.824302,1.376922e-05,15963
cluster metric,0.175698,0.824302,1.376922e-05,15963
cluster metric,0.175698,0.824302,1.376922e-05,15963
cluster metric,0.175698,0.824302,1.376922e-05,15963
cluster metric,0.175698,0.824302,1.376922e-05,15963
cluster metric,0.175698,0.824302,1.376922e-05,15963
cluster metric,0.175698,0.824302,1.376922e-05,15963
cluster metric,0.175698,0.824302,1.376922e-05,15963
cluster metric,0.175698,0.824302,1.376922e-05,15963
cluster metric,0.175698,0.824302,1.376922e-05,15963
cluster metric,0.175698,0.824302,1.376922e-05,15963
cluster metric,0.175698,0.824302,1.376922e-05,15963
cluster metric,0.175698,0.824302,1.376922e-05,15963
cluster metric,0.175698,0.824302,1.376922e-05,15963
cluster metric,0.175698,0.824302,1.376922e-05,15963
cluster metric,0.175698,0.824302,1.376922e-05,15963
cluster metric,0.175698,0.824302,1.376922e-05,15963
cluster metric,0.175698,0.824302,1.376922e-05,15963
cluster metric,0.175698,0.824302,1.376922e-05,15963
cluster metric,0.175698,0.824302,1.376922e-05,15963
cluster metric,0.175698,0.824302,1.376922e-05,15963
cluster metric,0.175698,0.824302,1.376922e-05,15963
cluster metric,0.175698,0.824302,1.376922e-05,15963
cluster metric,0.175698,0.824302,1.376922e-05,15963
cluster metric,0.175698,0.824302,1.376922e-05,15963
cluster metric,0.175698,0.824302,1.376922e-05,15963
cluster metric,0.175698,0.824302,1.376922e-05,15963
cluster metric,0.175698,0.824302,1.376922e-05,15963
cluster metric,0.175698,0.824302,1.376922e-05,15963
cluster metric,0.175698,0.824302,1.376922e-05,15963
cluster metric,0.175698,0.824302,1.376922e-05,15963
cluster metric,0.175698,0.824302,1.376922e-05,15963
cluster metric,0.175698,0.824302,1.376922e-05,15963
cluster metric,0.175698,0.824302,1.376922e-05,15963
cluster metric,0.175698,0.824302,1.376922e-05,15963
cluster metric,0.175698,0.824302,1.376922e-05,15963
cluster metric,0.175698,0.824302,1.376922e-05,15963
cluster metric,0.175698,0.824302,1.376922e-05,15963
cluster metric,0.175698,0.824302,1.376922e-05,15963
cluster metric,0.175698,0.824302,1.376922e-05,15963
cluster metric,0.175698,0.824302,1.376922e-05,15963
cluster metric,0.175698,0.824302,1.376922e-05,15963
cluster metric,0.175698,0.824302,1.376922e-05,15963
cluster metric,0.175698,0.824302,1.376922e-05,15963
cluster metric,0.175698,0.824302,1.376922e-05,15963
cluster metric,0.175698,0.824302,1.376922e-05,15963
cluster metric,0.175698,0.824302,1.376922e-05,15963
cluster metric,0.175698,0.824302,1.376922e-05,15963
cluster metric,0.175698,0.824302,1.376922e-05,15963
cluster metric,0.175698,0.824302,1.376922e-05,15963
cluster metric,0.175698,0.824302,1.376922e-05,15963
cluster metric,0.175698,0.824302,1.376922e-05,15963
cluster metric,0.175698,0.824302,1.376922e-05,15963
cluster metric,0.175698,0.824302,1.376922e-05,15963
cluster metric,0.175698,0.824302,1.376922e-05,15963
cluster metric,0.175698,0.824302,1.376922e-05,15963
cluster metric,0.175698,0.824302,1.376922e-05,15963
cluster metric,0.175698,0.824302,1.376922e-05,15963
cluster metric,0.175698,0.824302,1.376922e-05,15963
cluster metric,0.175698,0.824302,1.376922e-05,15963
cluster metric,0.175698,0.824302,1.376922e-05,15963
cluster metric,0.175698,0.824302,1.376922e-05,15963
cluster metric,0.175698,0.824302,1.376922e-05,15963
cluster metric,0.175698,0.824302,1.376922e-05,15963
cluster metric,0.175698,0.824302,1.376922e-05,15963
cluster metric,0.175698,0.824302,1.376922e-05,15963
cluster metric,0.175698,0.824302,1.376922e-05,15963
cluster metric,0.175698,0.824302,1.376922e-05,15963
cluster metric,0.175698,0.824302,1.376922e-05,15963
cluster metric,0.175698,0.824302,1.376922e-05,15963
cluster metric,0.175698,0.824302,1.376922e-05,15963
cluster metric,0.175698,0.824302,1.376922e-05,15963
cluster metric,0.175698,0.824302,1.376922e-05,15963
cluster metric,0.175698,0.824302,1.376922e-05,15963
cluster metric,0.175698,0.824302,1.376922e-05,15963
cluster metric,0.175698,0.824302,1.376922e-05,15963
cluster metric,0.175698,0.824302,1.376922e-05,15963
cluster metric,0.175698,0.824302,1.376922e-05,15963
cluster metric,0.175698,0.824302,1.376922e-05,15963
cluster metric,0.175698,0.824302,1.376922e-05,15963
cluster metric,0.175698,0.824302,1.376922e-05,15963
cluster metric,0.175698,0.824302,1.376922e-05,15963
cluster metric,0.175698,0.824302,1.376922e-05,15963
cluster metric,0.175698,0.824302,1.376922e-05,15963
cluster metric,0.175698,0.824302,1.376922e-05,15963
cluster metric,0.175698,0.824302,1.376922e-05,15963
cluster metric,0.175698,0.824302,1.376922e-05,15963
cluster metric,0.175698,0.824302,1.376922e-05,15963
cluster metric,0.175698,0.824302,1.376922e-05,15963
cluster metric,0.175698,0.824302,1.376922e-05,15963
cluster metric,0.175698,0.824302,1.376922e-05,15963
cluster metric,0.175698,0.824302,1.376922e-05,15963
cluster metric,0.175698,0.824302,1.376922e-05,15963
cluster metric,0.175698,0.824302,1.376922e-05,15963
cluster metric,0.175698,0.824302,1.376922e-05,15963
cluster metric,0.175698,0.824302,1.376922e-05,15963
cluster metric,0.175698,0.824302,1.376922e-05,15963
cluster metric,0.175698,0.824302,1.376922e-05,15963
cluster metric,0.175698,0.824302,1.376922e-05,15963
cluster metric,0.175698,0.824302,1.376922e-05,15963
cluster metric,0.175698,0.824302,1.376922e-05,15963
cluster metric,0.175698,0.824302,1.376922e-05,15963
cluster metric,0.175698,0.824302,1.376922e-05,15963
cluster metric,0.175698,0.824302,1.376922e-05,15963
cluster metric,0.175698,0.824302,1.376922e-05,15963
cluster metric,0.175698,0.824302,1.376922e-05,15963
cluster metric,0.175698,0.824302,1.376922e-05,15963
cluster metric,0.175698,0.824302,1.376922e-05,15963
cluster metric,0.175698,0.824302,1.376922e-05,15963
cluster metric,0.175698,0.824302,1.376922e-05,15963
cluster metric,0.175698,0.824302,1.376922e-05,15963
cluster metric,0.175698,0.824302,1.376922e-05,15963
cluster metric,0.175698,0.824302,1.376922e-05,15963
cluster metric,0.175698,0.824302,1.376922e-05,15963
cluster metric,0.175698,0.824302,1.376922e-05,15963
cluster metric,0.175698,0.824302,1.376922e-05,15963
cluster metric,0.175698,0.824302,1.376922e-05,15963
cluster metric,0.175698,0.824302,1.376922e-05,15963
cluster metric,0.175698,0.824302,1.376922e-05,15963
cluster metric,0.175698,0.824302,1.376922e-05,15963
cluster metric,0.175698,0.824302,1.376922e-05,15963
cluster metric,0.175698,0.824302,1.376922e-05,15963
cluster metric,0.175698,0.824302,1.376922e-05,15963
cluster metric,0.175698,0.824302,1.376922e-05,15963
cluster metric,0.175698,0.824302,1.376922e-05,15963
cluster metric,0.175698,0.824302,1.376922e-05,15963
cluster metric,0.175698,0.824302,1.376922e-05,15963
cluster metric,0.175698,0.824302,1.376922e-05,15963
cluster metric,0.175698,0.824302,1.376922e-05,15963
cluster metric,0.175698,0.824302,1.376922e-05,15963
cluster metric,0.175698,0.824302,1.376922e-05,15963
cluster metric,0.175698,0.824302,1.376922e-05,15963
cluster metric,0.175698,0.824302,1.376922e-05,15963
cluster metric,0.175698,0.824302,1.376922e-05,15963
cluster metric,0.175698,0.824302,1.376922e-05,15963
cluster metric,0.175698,0.824302,1.376922e-05,15963
cluster metric,0.175698,0.824302,1.376922e-05,15963
cluster metric,0.175698,0.824302,1.376922e-05,15963
cluster metric,0.175698,0.824302,1.376922e-05,15963
cluster metric,0.175698,0.824302,1.376922e-05,15963
cluster metric,0.175698,0.824302,1.376922e-05,15963
cluster metric,0.175698,0.824302,1.376922e-05,15963
cluster metric,0.175698,0.824302,1.376922e-05,15963
cluster metric,0.175698,0.824302,1.376922e-05,15963
cluster metric,0.175698,0.824302,1.376922e-05,15963
cluster metric,0.175698,0.824302,1.376922e-05,15963
cluster metric,0.175698,0.824302,1.376922e-05,15963
cluster metric,0.175698,0.824302,1.376922e-05,15963
cluster metric,0.175698,0.824302,1.376922e-05,15963
cluster metric,0.175698,0.824302,1.376922e-05,15963
cluster metric,0.175698,0.824302,1.376922e-05,15963
cluster metric,0.175698,0.824302,1.376922e-05,15963
cluster metric,0.175698,0.824302,1.376922e-05,15963
cluster metric,0.175698,0.824302,1.376922e-05,15963
cluster metric,0.175698,0.824302,1.376922e-05,15963
cluster metric,0.175698,0.824302,1.376922e-05,15963
cluster metric,0.175698,0.824302,1.376922e-05,15963
cluster metric,0.175698,0.824302,1.376922e-05,15963
cluster metric,0.175698,0.824302,1.376922e-05,15963
cluster metric,0.175698,0.824302,1.376922e-05,15963
cluster metric,0.175698,0.824302,1.376922e-05,15963
cluster metric,0.175698,0.824302,1.376922e-05,15963
cluster metric,0.175698,0.824302,1.376922e-05,15963
cluster metric,0.175698,0.824302,1.376922e-05,15963
cluster metric,0.175698,0.824302,1.376922e-05,15963
cluster metric,0.175698,0.824302,1.376922e-05,15963
cluster metric,0.175698,0.824302,1.376922e-05,15963
cluster metric,0.175698,0.824302,1.376922e-05,15963
cluster metric,0.175698,0.824302,1.376922e-05,15963
cluster metric,0.175698,0.824302,1.376922e-05,15963
cluster metric,0.175698,0.824302,1.376922e-05,15963
cluster metric,0.175698,0.824302,1.376922e-05,15963
cluster metric,0.175698,0.824302,1.376922e-05,15963
cluster metric,0.175698,0.824302,1.376922e-05,15963
cluster metric,0.175698,0.824302,1.376922e-05,15963
cluster metric,0.175698,0.824302,1.376922e-05,15963
cluster metric,0.175698,0.824302,1.376922e-05,15963
cluster metric,0.175698,0.824302,1.376922e-05,15963
cluster metric,0.175698,0.824302,1.376922e-05,15963
cluster metric,0.175698,0.824302,1.376922e-05,15963
cluster metric,0.175698,0.824302,1.376922e-05,15963
cluster metric,0.175698,0.824302,1.376922e-05,15963
cluster metric,0.175698,0.824302,1.376922e-05,15963
cluster metric,0.175698,0.824302,1.376922e-05,15963
cluster metric,0.175698,0.824302,1.376922e-05,15963
cluster metric,0.175698,0.824302,1.376922e-05,15963
cluster metric,0.175698,0.824302,1.376922e-05,15963
cluster metric,0.175698,0.824302,1.376922e-05,15963
cluster metric,0.175698,0.824302,1.376922e-05,15963
cluster metric,0.175698,0.824302,1.376922e-05,15963
cluster metric,0.175698,0.824302,1.376922e-05,15963
cluster metric,0.175698,0.824302,1.376922e-05,15963
cluster metric,0.175698,0.824302,1.376922e-05,15963
cluster metric,0.175698,0.824302,1.376922e-05,15963
cluster metric,0.175698,0.824302,1.376922e-05,15963
cluster metric,0.175698,0.824302,1.376922e-05,15963
cluster metric,0.175698,0.824302,1.376922e-05,15963
cluster metric,0.175698,0.824302,1.376922e-05,15963
cluster metric,0.175698,0.824302,1.376922e-05,15963
cluster metric,0.175698,0.824302,1.376922e-05,15963
cluster metric,0.175698,0.824302,1.376922e-05,15963
cluster metric,0.175698,0.824302,1.376922e-05,15963
cluster metric,0.175698,0.824302,1.376922e-05,15963
cluster metric,0.175698,0.824302,1.376922e-05,15963
cluster metric,0.175698,0.824302,1.376922e-05,15963
cluster metric,0.175698,0.824302,1.376922e-05,15963
cluster metric,0.175698,0.824302,1.376922e-05,15963
cluster metric,0.175698,0.824302,1.376922e-05,15963
cluster metric,0.175698,0.824302,1.376922e-05,15963
cluster metric,0.175698,0.824302,1.376922e-05,15963
cluster metric,0.175698,0.824302,1.376922e-05,15963
cluster metric,0.175698,0.824302,1.376922e-05,15963
cluster metric,0.175698,0.824302,1.376922e-05,15963
cluster metric,0.175698,0.824302,1.376922e-05,15963
cluster metric,0.175698,0.824302,1.376922e-05,15963
cluster metric,0.175698,0.824302,1.376922e-05,15963
cluster metric,0.175698,0.824302,1.376922e-05,15963
cluster metric,0.175698,0.824302,1.376922e-05,15963
cluster metric,0.175698,0.824302,1.376922e-05,15963
cluster metric,0.175698,0.824302,1.376922e-05,15963
cluster metric,0.175698,0.824302,1.376922e-05,15963
cluster metric,0.175698,0.824302,1.376922e-05,15963
cluster metric,0.175698,0.824302,1.376922e-05,15963
cluster metric,0.175698,0.824302,1.376922e-05,15963
cluster metric,0.175698,0.824302,1.376922e-05,15963
cluster metric,0.175698,0.824302,1.376922e-05,15963
cluster metric,0.175698,0.824302,1.376922e-05,15963
cluster metric,0.175698,0.824302,1.376922e-05,15963
cluster metric,0.175698,0.824302,1.376922e-05,15963
cluster metric,0.175698,0.824302,1.376922e-05,15963
cluster metric,0.175698,0.824302,1.376922e-05,15963
cluster metric,0.175698,0.824302,1.376922e-05,15963
cluster metric,0.175698,0.824302,1.376922e-05,15963
cluster metric,0.175698,0.824302,1.376922e-05,15963
cluster metric,0.175698,0.824302,1.376922e-05,15963
cluster metric,0.175698,0.824302,1.376922e-05,15963
cluster metric,0.175698,0.824302,1.376922e-05,15963
cluster metric,0.175698,0.824302,1.376922e-05,15963
cluster metric,0.175698,0.824302,1.376922e-05,15963
cluster metric,0.175698,0.824302,1.376922e-05,15963
cluster metric,0.175698,0.824302,1.376922e-05,15963
cluster metric,0.175698,0.824302,1.376922e-05,15963
cluster metric,0.175698,0.824302,1.376922e-05,15963
cluster metric,0.175698,0.824302,1.376922e-05,15963
cluster metric,0.175698,0.824302,1.376922e-05,15963
cluster metric,0.175698,0.824302,1.376922e-05,15963
cluster metric,0.175698,0.824302,1.376922e-05,15963
cluster metric,0.175698,0.824302,1.376922e-05,15963
cluster metric,0.175698,0.824302,1.376922e-05,15963
cluster metric,0.175698,0.824302,1.376922e-05,15963
cluster metric,0.175698,0.824302,1.376922e-05,15963
cluster metric,0.175698,0.824302,1.376922e-05,15963
cluster metric,0.175698,0.824302,1.376922e-05,15963
cluster metric,0.175698,0.824302,1.376922e-05,15963
cluster metric,0.175698,0.824302,1.376922e-05,15963
cluster metric,0.175698,0.824302,1.376922e-05,15963
cluster metric,0.175698,0.824302,1.376922e-05,15963
cluster metric,0.175698,0.824302,1.376922e-05,15963
cluster metric,0.175698,0.824302,1.376922e-05,15963
cluster metric,0.175698,0.824302,1.376922e-05,15963
cluster metric,0.175698,0.824302,1.376922e-05,15963
cluster metric,0.175698,0.824302,1.376922e-05,15963
cluster metric,0.175698,0.824302,1.376922e-05,15963
cluster metric,0.175698,0.824302,1.376922e-05,15963
cluster metric,0.175698,0.824302,1.376922e-05,15963
cluster metric,0.175698,0.824302,1.376922e-05,15963
cluster metric,0.175698,0.824302,1.376922e-05,15963
cluster metric,0.175698,0.824302,1.376922e-05,15963
cluster metric,0.175698,0.824302,1.376922e-05,15963
cluster metric,0.175698,0.824302,1.376922e-05,15963
cluster metric,0.175698,0.824302,1.376922e-05,15963
cluster metric,0.175698,0.824302,1.376922e-05,15963
cluster metric,0.175698,0.824302,1.376922e-05,15963
cluster metric,0.175698,0.824302,1.376922e-05,15963
cluster metric,0.175698,0.824302,1.376922e-05,15963
cluster metric,0.175698,0.824302,1.376922e-05,15963
cluster metric,0.175698,0.824302,1.376922e-05,15963
cluster metric,0.175698,0.824302,1.376922e-05,15963
cluster metric,0.175698,0.824302,1.376922e-05,15963
cluster metric,0.175698,0.824302,1.376922e-05,15963
cluster metric,0.175698,0.824302,1.376922e-05,15963
cluster metric,0.175698,0.824302,1.376922e-05,15963
cluster metric,0.175698,0.824302,1.376922e-05,15963
cluster metric,0.175698,0.824302,1.376922e-05,15963
cluster metric,0.175698,0.824302,1.376922e-05,15963
cluster metric,0.175698,0.824302,1.376922e-05,15963
cluster metric,0.175698,0.824302,1.376922e-05,15963
cluster metric,0.175698,0.824302,1.376922e-05,15963
cluster metric,0.175698,0.824302,1.376922e-05,15963
cluster metric,0.175698,0.824302,1.376922e-05,15963
cluster metric,0.175698,0.824302,1.376922e-05,15963
cluster metric,0.175698,0.824302,1.376922e-05,15963
cluster metric,0.175698,0.824302,1.376922e-05,15963
cluster metric,0.175698,0.824302,1.376922e-05,15963
cluster metric,0.175698,0.824302,1.376922e-05,15963
cluster metric,0.175698,0.824302,1.376922e-05,15963
cluster metric,0.175698,0.824302,1.376922e-05,15963
cluster metric,0.175698,0.824302,1.376922e-05,15963
cluster metric,0.175698,0.824302,1.376922e-05,15963
cluster metric,0.175698,0.824302,1.376922e-05,15963
cluster metric,0.175698,0.824302,1.376922e-05,15963
cluster metric,0.175698,0.824302,1.376922e-05,15963
cluster metric,0.175698,0.824302,1.376922e-05,15963
cluster metric,0.175698,0.824302,1.376922e-05,15963
cluster metric,0.175698,0.824302,1.376922e-05,15963
cluster metric,0.175698,0.824302,1.376922e-05,15963
cluster metric,0.175698,0.824302,1.376922e-05,15963
cluster metric,0.175698,0.824302,1.376922e-05,15963
cluster metric,0.175698,0.824302,1.376922e-05,15963
cluster metric,0.175698,0.824302,1.376922e-05,15963
cluster metric,0.175698,0.824302,1.376922e-05,15963
cluster metric,0.175698,0.824302,1.376922e-05,15963
cluster metric,0.175698,0.824302,1.376922e-05,15963
cluster metric,0.175698,0.824302,1.376922e-05,15963
cluster metric,0.175698,0.824302,1.376922e-05,15963
cluster metric,0.175698,0.824302,1.376922e-05,15963
cluster metric,0.175698,0.824302,1.376922e-05,15963
cluster metric,0.175698,0.824302,1.376922e-05,15963
cluster metric,0.175698,0.824302,1.376922e-05,15963
cluster metric,0.175698,0.824302,1.376922e-05,15963
cluster metric,0.175698,0.824302,1.376922e-05,15963
cluster metric,0.175698,0.824302,1.376922e-05,15963
cluster metric,0.175698,0.824302,1.376922e-05,15963
cluster metric,0.175698,0.824302,1.376922e-05,15963
cluster metric,0.175698,0.824302,1.376922e-05,15963
cluster metric,0.175698,0.824302,1.376922e-05,15963
cluster metric,0.175698,0.824302,1.376922e-05,15963
cluster metric,0.175698,0.824302,1.376922e-05,15963
cluster metric,0.175698,0.824302,1.376922e-05,15963
cluster metric,0.175698,0.824302,1.376922e-05,15963
cluster metric,0.175698,0.824302,1.376922e-05,15963
cluster metric,0.175698,0.824302,1.376922e-05,15963
cluster metric,0.175698,0.824302,1.376922e-05,15963
cluster metric,0.175698,0.824302,1.376922e-05,15963
cluster metric,0.175698,0.824302,1.376922e-05,15963
cluster metric,0.175698,0.824302,1.376922e-05,15963
cluster metric,0.175698,0.824302,1.376922e-05,15963
cluster metric,0.175698,0.824302,1.376922e-05,15963
cluster metric,0.175698,0.824302,1.376922e-05,15963
cluster metric,0.175698,0.824302,1.376922e-05,15963
cluster metric,0.175698,0.824302,1.376922e-05,15963
cluster metric,0.175698,0.824302,1.376922e-05,15963
cluster metric,0.175698,0.824302,1.376922e-05,15963
cluster metric,0.175698,0.824302,1.376922e-05,15963
cluster metric,0.175698,0.824302,1.376922e-05,15963
cluster metric,0.175698,0.824302,1.376922e-05,15963
cluster metric,0.175698,0.824302,1.376922e-05,15963
cluster metric,0.175698,0.824302,1.376922e-05,15963
cluster metric,0.175698,0.824302,1.376922e-05,15963
cluster metric,0.175698,0.824302,1.376922e-05,15963
cluster metric,0.175698,0.824302,1.376922e-05,15963
cluster metric,0.175698,0.824302,1.376922e-05,15963
cluster metric,0.175698,0.824302,1.376922e-05,15963
cluster metric,0.175698,0.824302,1.376922e-05,15963
cluster metric,0.175698,0.824302,1.376922e-05,15963
cluster metric,0.175698,0.824302,1.376922e-05,15963
cluster metric,0.175698,0.824302,1.376922e-05,15963
cluster metric,0.175698,0.824302,1.376922e-05,15963
cluster metric,0.175698,0.824302,1.376922e-05,15963
cluster metric,0.175698,0.824302,1.376922e-05,15963
cluster metric,0.175698,0.824302,1.376922e-05,15963
cluster metric,0.175698,0.824302,1.376922e-05,15963
cluster metric,0.175698,0.824302,1.376922e-05,15963
cluster metric,0.175698,0.824302,1.376922e-05,15963
cluster metric,0.175698,0.824302,1.376922e-05,15963
cluster metric,0.175698,0.824302,1.376922e-05,15963
cluster metric,0.175698,0.824302,1.376922e-05,15963
cluster metric,0.175698,0.824302,1.376922e-05,15963
cluster metric,0.175698,0.824302,1.376922e-05,15963
cluster metric,0.175698,0.824302,1.376922e-05,15963
cluster metric,0.175698,0.824302,1.376922e-05,15963
cluster metric,0.175698,0.824302,1.376922e-05,15963
cluster metric,0.175698,0.824302,1.376922e-05,15963
cluster metric,0.175698,0.824302,1.376922e-05,15963
cluster metric,0.175698,0.824302,1.376922e-05,15963
cluster metric,0.175698,0.824302,1.376922e-05,15963
cluster metric,0.175698,0.824302,1.376922e-05,15963
cluster metric,0.175698,0.824302,1.376922e-05,15963
cluster metric,0.175698,0.824302,1.376922e-05,15963
cluster metric,0.175698,0.824302,1.376922e-05,15963
cluster metric,0.175698,0.824302,1.376922e-05,15963
cluster metric,0.175698,0.824302,1.376922e-05,15963
cluster metric,0.175698,0.824302,1.376922e-05,15963
cluster metric,0.175698,0.824302,1.376922e-05,15963
cluster metric,0.175698,0.824302,1.376922e-05,15963
cluster metric,0.175698,0.824302,1.376922e-05,15963
cluster metric,0.175698,0.824302,1.376922e-05,15963
cluster metric,0.175698,0.824302,1.376922e-05,15963
cluster metric,0.175698,0.824302,1.376922e-05,15963
cluster metric,0.175698,0.824302,1.376922e-05,15963
cluster metric,0.175698,0.824302,1.376922e-05,15963
cluster metric,0.175698,0.824302,1.376922e-05,15963
cluster metric,0.175698,0.824302,1.376922e-05,15963
cluster metric,0.175698,0.824302,1.376922e-05,15963
cluster metric,0.175698,0.824302,1.376922e-05,15963
cluster metric,0.175698,0.824302,1.376922e-05,15963
cluster metric,0.175698,0.824302,1.376922e-05,15963
cluster metric,0.175698,0.824302,1.376922e-05,15963
cluster metric,0.175698,0.824302,1.376922e-05,15963
cluster metric,0.175698,0.824302,1.376922e-05,15963
cluster metric,0.175698,0.824302,1.376922e-05,15963
cluster metric,0.175698,0.824302,1.376922e-05,15963
cluster metric,0.175698,0.824302,1.376922e-05,15963
cluster metric,0.175698,0.824302,1.376922e-05,15963
cluster metric,0.175698,0.824302,1.376922e-05,15963
cluster metric,0.175698,0.824302,1.376922e-05,15963
cluster metric,0.175698,0.824302,1.376922e-05,15963
cluster metric,0.175698,0.824302,1.376922e-05,15963
cluster metric,0.175698,0.824302,1.376922e-05,15963
cluster metric,0.175698,0.824302,1.376922e-05,15963
cluster metric,0.175698,0.824302,1.376922e-05,15963
cluster metric,0.175698,0.824302,1.376922e-05,15963
cluster metric,0.175698,0.824302,1.376922e-05,15963
cluster metric,0.175698,0.824302,1.376922e-05,15963
cluster metric,0.175698,0.824302,1.376922e-05,15963
cluster metric,0.175698,0.824302,1.376922e-05,15963
cluster metric,0.175698,0.824302,1.376922e-05,15963
cluster metric,0.175698,0.824302,1.376922e-05,15963
cluster metric,0.175698,0.824302,1.376922e-05,15963
cluster metric,0.175698,0.824302,1.376922e-05,15963
cluster metric,0.175698,0.824302,1.376922e-05,15963
cluster metric,0.175698,0.824302,1.376922e-05,15963
cluster metric,0.175698,0.824302,1.376922e-05,15963
cluster metric,0.175698,0.824302,1.376922e-05,15963
cluster metric,0.175698,0.824302,1.376922e-05,15963
cluster metric,0.175698,0.824302,1.376922e-05,15963
cluster metric,0.175698,0.824302,1.376922e-05,15963
cluster metric,0.175698,0.824302,1.376922e-05,15963
cluster metric,0.175698,0.824302,1.376922e-05,15963
cluster metric,0.175698,0.824302,1.376922e-05,15963
cluster metric,0.175698,0.824302,1.376922e-05,15963
cluster metric,0.175698,0.824302,1.376922e-05,15963
cluster metric,0.175698,0.824302,1.376922e-05,15963
cluster metric,0.175698,0.824302,1.376922e-05,15963
cluster metric,0.175698,0.824302,1.376922e-05,15963
cluster metric,0.175698,0.824302,1.376922e-05,15963
cluster metric,0.175698,0.824302,1.376922e-05,15963
cluster metric,0.175698,0.824302,1.376922e-05,15963
cluster metric,0.175698,0.824302,1.376922e-05,15963
cluster metric,0.175698,0.824302,1.376922e-05,15963
cluster metric,0.175698,0.824302,1.376922e-05,15963
cluster metric,0.175698,0.824302,1.376922e-05,15963
cluster metric,0.175698,0.824302,1.376922e-05,15963
cluster metric,0.175698,0.824302,1.376922e-05,15963
cluster metric,0.175698,0.824302,1.376922e-05,15963
cluster metric,0.175698,0.824302,1.376922e-05,15963
cluster metric,0.175698,0.824302,1.376922e-05,15963
cluster metric,0.175698,0.824302,1.376922e-05,15963
cluster metric,0.175698,0.824302,1.376922e-05,15963
cluster metric,0.175698,0.824302,1.376922e-05,15963
cluster metric,0.175698,0.824302,1.376922e-05,15963
cluster metric,0.175698,0.824302,1.376922e-05,15963
cluster metric,0.175698,0.824302,1.376922e-05,15963
cluster metric,0.175698,0.824302,1.376922e-05,15963
cluster metric,0.175698,0.824302,1.376922e-05,15963
cluster metric,0.175698,0.824302,1.376922e-05,15963
cluster metric,0.175698,0.824302,1.376922e-05,15963
cluster metric,0.175698,0.824302,1.376922e-05,15963
cluster metric,0.175698,0.824302,1.376922e-05,15963
cluster metric,0.175698,0.824302,1.376922e-05,15963
cluster metric,0.175698,0.824302,1.376922e-05,15963
cluster metric,0.175698,0.824302,1.376922e-05,15963
cluster metric,0.175698,0.824302,1.376922e-05,15963
cluster metric,0.175698,0.824302,1.376922e-05,15963
cluster metric,0.175698,0.824302,1.376922e-05,15963
cluster metric,0.175698,0.824302,1.376922e-05,15963
cluster metric,0.175698,0.824302,1.376922e-05,15963
cluster metric,0.175698,0.824302,1.376922e-05,15963
cluster metric,0.175698,0.824302,1.376922e-05,15963
cluster metric,0.175698,0.824302,1.376922e-05,15963
cluster metric,0.175698,0.824302,1.376922e-05,15963
cluster metric,0.175698,0.824302,1.376922e-05,15963
cluster metric,0.175698,0.824302,1.376922e-05,15963
cluster metric,0.175698,0.824302,1.376922e-05,15963
cluster metric,0.175698,0.824302,1.376922e-05,15963
cluster metric,0.175698,0.824302,1.376922e-05,15963
cluster metric,0.175698,0.824302,1.376922e-05,15963
cluster metric,0.175698,0.824302,1.376922e-05,15963
cluster metric,0.175698,0.824302,1.376922e-05,15963
cluster metric,0.175698,0.824302,1.376922e-05,15963
cluster metric,0.175698,0.824302,1.376922e-05,15963
cluster metric,0.175698,0.824302,1.376922e-05,15963
cluster metric,0.175698,0.824302,1.376922e-05,15963
cluster metric,0.175698,0.824302,1.376922e-05,15963
cluster metric,0.175698,0.824302,1.376922e-05,15963
cluster metric,0.175698,0.824302,1.376922e-05,15963
cluster metric,0.175698,0.824302,1.376922e-05,15963
cluster metric,0.175698,0.824302,1.376922e-05,15963
cluster metric,0.175698,0.824302,1.376922e-05,15963
cluster metric,0.175698,0.824302,1.376922e-05,15963
cluster metric,0.175698,0.824302,1.376922e-05,15963
cluster metric,0.175698,0.824302,1.376922e-05,15963
cluster metric,0.175698,0.824302,1.376922e-05,15963
cluster metric,0.175698,0.824302,1.376922e-05,15963
cluster metric,0.175698,0.824302,1.376922e-05,15963
cluster metric,0.175698,0.824302,1.376922e-05,15963
cluster metric,0.175698,0.824302,1.376922e-05,15963
cluster metric,0.175698,0.824302,1.376922e-05,15963
cluster metric,0.175698,0.824302,1.376922e-05,15963
cluster metric,0.175698,0.824302,1.376922e-05,15963
cluster metric,0.175698,0.824302,1.376922e-05,15963
cluster metric,0.175698,0.824302,1.376922e-05,15963
cluster metric,0.175698,0.824302,1.376922e-05,15963
cluster metric,0.175698,0.824302,1.376922e-05,15963
cluster metric,0.175698,0.824302,1.376922e-05,15963
cluster metric,0.175698,0.824302,1.376922e-05,15963
cluster metric,0.175698,0.824302,1.376922e-05,15963
cluster metric,0.175698,0.824302,1.376922e-05,15963
cluster metric,0.175698,0.824302,1.376922e-05,15963
cluster metric,0.175698,0.824302,1.376922e-05,15963
cluster metric,0.175698,0.824302,1.376922e-05,15963
cluster metric,0.175698,0.824302,1.376922e-05,15963
cluster metric,0.175698,0.824302,1.376922e-05,15963
cluster metric,0.175698,0.824302,1.376922e-05,15963
cluster metric,0.175698,0.824302,1.376922e-05,15963
cluster metric,0.175698,0.824302,1.376922e-05,15963
cluster metric,0.175698,0.824302,1.376922e-05,15963
cluster metric,0.175698,0.824302,1.376922e-05,15963
cluster metric,0.175698,0.824302,1.376922e-05,15963
cluster metric,0.175698,0.824302,1.376922e-05,15963
cluster metric,0.175698,0.824302,1.376922e-05,15963
cluster metric,0.175698,0.824302,1.376922e-05,15963
cluster metric,0.175698,0.824302,1.376922e-05,15963
cluster metric,0.175698,0.824302,1.376922e-05,15963
cluster metric,0.175698,0.824302,1.376922e-05,15963
cluster metric,0.175698,0.824302,1.376922e-05,15963
cluster metric,0.175698,0.824302,1.376922e-05,15963
cluster metric,0.175698,0.824302,1.376922e-05,15963
cluster metric,0.175698,0.824302,1.376922e-05,15963
cluster metric,0.175698,0.824302,1.376922e-05,15963
cluster metric,0.175698,0.824302,1.376922e-05,15963
cluster metric,0.175698,0.824302,1.376922e-05,15963
cluster metric,0.175698,0.824302,1.376922e-05,15963
cluster metric,0.175698,0.824302,1.376922e-05,15963
cluster metric,0.175698,0.824302,1.376922e-05,15963
cluster metric,0.175698,0.824302,1.376922e-05,15963
cluster metric,0.175698,0.824302,1.376922e-05,15963
cluster metric,0.175698,0.824302,1.376922e-05,15963
cluster metric,0.175698,0.824302,1.376922e-05,15963
cluster metric,0.175698,0.824302,1.376922e-05,15963
cluster metric,0.175698,0.824302,1.376922e-05,15963
cluster metric,0.175698,0.824302,1.376922e-05,15963
cluster metric,0.175698,0.824302,1.376922e-05,15963
cluster metric,0.175698,0.824302,1.376922e-05,15963
cluster metric,0.175698,0.824302,1.376922e-05,15963
cluster metric,0.175698,0.824302,1.376922e-05,15963
cluster metric,0.175698,0.824302,1.376922e-05,15963
cluster metric,0.175698,0.824302,1.376922e-05,15963
cluster metric,0.175698,0.824302,1.376922e-05,15963
cluster metric,0.175698,0.824302,1.376922e-05,15963
cluster metric,0.175698,0.824302,1.376922e-05,15963
cluster metric,0.175698,0.824302,1.376922e-05,15963
cluster metric,0.175698,0.824302,1.376922e-05,15963
cluster metric,0.175698,0.824302,1.376922e-05,15963
cluster metric,0.175698,0.824302,1.376922e-05,15963
cluster metric,0.175698,0.824302,1.376922e-05,15963
cluster metric,0.175698,0.824302,1.376922e-05,15963
cluster metric,0.175698,0.824302,1.376922e-05,15963
cluster metric,0.175698,0.824302,1.376922e-05,15963
cluster metric,0.175698,0.824302,1.376922e-05,15963
cluster metric,0.175698,0.824302,1.376922e-05,15963
cluster metric,0.175698,0.824302,1.376922e-05,15963
cluster metric,0.175698,0.824302,1.376922e-05,15963
cluster metric,0.175698,0.824302,1.376922e-05,15963
cluster metric,0.175698,0.824302,1.376922e-05,15963
cluster metric,0.175698,0.824302,1.376922e-05,15963
cluster metric,0.175698,0.824302,1.376922e-05,15963
cluster metric,0.175698,0.824302,1.376922e-05,15963
cluster metric,0.175698,0.824302,1.376922e-05,15963
cluster metric,0.175698,0.824302,1.376922e-05,15963
cluster metric,0.175698,0.824302,1.376922e-05,15963
cluster metric,0.175698,0.824302,1.376922e-05,15963
cluster metric,0.175698,0.824302,1.376922e-05,15963
cluster metric,0.175698,0.824302,1.376922e-05,15963
cluster metric,0.175698,0.824302,1.376922e-05,15963
cluster metric,0.175698,0.824302,1.376922e-05,15963
cluster metric,0.175698,0.824302,1.376922e-05,15963
cluster metric,0.175698,0.824302,1.376922e-05,15963
cluster metric,0.175698,0.824302,1.376922e-05,15963
cluster metric,0.175698,0.824302,1.376922e-05,15963
cluster metric,0.175698,0.824302,1.376922e-05,15963
cluster metric,0.175698,0.824302,1.376922e-05,15963
cluster metric,0.175698,0.824302,1.376922e-05,15963
cluster metric,0.175698,0.824302,1.376922e-05,15963
cluster metric,0.175698,0.824302,1.376922e-05,15963
cluster metric,0.175698,0.824302,1.376922e-05,15963
cluster metric,0.175698,0.824302,1.376922e-05,15963
cluster metric,0.175698,0.824302,1.376922e-05,15963
cluster metric,0.175698,0.824302,1.376922e-05,15963
cluster metric,0.175698,0.824302,1.376922e-05,15963
cluster metric,0.175698,0.824302,1.376922e-05,15963
cluster metric,0.175698,0.824302,1.376922e-05,15963
cluster metric,0.175698,0.824302,1.376922e-05,15963
cluster metric,0.175698,0.824302,1.376922e-05,15963
cluster metric,0.175698,0.824302,1.376922e-05,15963
cluster metric,0.175698,0.824302,1.376922e-05,15963
cluster metric,0.175698,0.824302,1.376922e-05,15963
cluster metric,0.175698,0.824302,1.376922e-05,15963
cluster metric,0.175698,0.824302,1.376922e-05,15963
cluster metric,0.175698,0.824302,1.376922e-05,15963
cluster metric,0.175698,0.824302,1.376922e-05,15963
cluster metric,0.175698,0.824302,1.376922e-05,15963
cluster metric,0.175698,0.824302,1.376922e-05,15963
cluster metric,0.175698,0.824302,1.376922e-05,15963
cluster metric,0.175698,0.824302,1.376922e-05,15963
cluster metric,0.175698,0.824302,1.376922e-05,15963
cluster metric,0.175698,0.824302,1.376922e-05,15963
cluster metric,0.175698,0.824302,1.376922e-05,15963
cluster metric,0.175698,0.824302,1.376922e-05,15963
cluster metric,0.175698,0.824302,1.376922e-05,15963
cluster metric,0.175698,0.824302,1.376922e-05,15963
cluster metric,0.175698,0.824302,1.376922e-05,15963
cluster metric,0.175698,0.824302,1.376922e-05,15963
cluster metric,0.175698,0.824302,1.376922e-05,15963
cluster metric,0.175698,0.824302,1.376922e-05,15963
cluster metric,0.175698,0.824302,1.376922e-05,15963
cluster metric,0.175698,0.824302,1.376922e-05,15963
cluster metric,0.175698,0.824302,1.376922e-05,15963
cluster metric,0.175698,0.824302,1.376922e-05,15963
cluster metric,0.175698,0.824302,1.376922e-05,15963
cluster metric,0.175698,0.824302,1.376922e-05,15963
cluster metric,0.175698,0.824302,1.376922e-05,15963
cluster metric,0.175698,0.824302,1.376922e-05,15963
cluster metric,0.175698,0.824302,1.376922e-05,15963
cluster metric,0.175698,0.824302,1.376922e-05,15963
cluster metric,0.175698,0.824302,1.376922e-05,15963
cluster metric,0.175698,0.824302,1.376922e-05,15963
cluster metric,0.175698,0.824302,1.376922e-05,15963
cluster metric,0.175698,0.824302,1.376922e-05,15963
cluster metric,0.175698,0.824302,1.376922e-05,15963
cluster metric,0.175698,0.824302,1.376922e-05,15963
cluster metric,0.175698,0.824302,1.376922e-05,15963
cluster metric,0.175698,0.824302,1.376922e-05,15963
cluster metric,0.175698,0.824302,1.376922e-05,15963
cluster metric,0.175698,0.824302,1.376922e-05,15963
cluster metric,0.175698,0.824302,1.376922e-05,15963
cluster metric,0.175698,0.824302,1.376922e-05,15963
cluster metric,0.175698,0.824302,1.376922e-05,15963
cluster metric,0.175698,0.824302,1.376922e-05,15963
cluster metric,0.175698,0.824302,1.376922e-05,15963
cluster metric,0.175698,0.824302,1.376922e-05,15963
cluster metric,0.175698,0.824302,1.376922e-05,15963
cluster metric,0.175698,0.824302,1.376922e-05,15963
cluster metric,0.175698,0.824302,1.376922e-05,15963
cluster metric,0.175698,0.824302,1.376922e-05,15963
cluster metric,0.175698,0.824302,1.376922e-05,15963
cluster metric,0.175698,0.824302,1.376922e-05,15963
cluster metric,0.175698,0.824302,1.376922e-05,15963
cluster metric,0.175698,0.824302,1.376922e-05,15963
cluster metric,0.175698,0.824302,1.376922e-05,15963
cluster metric,0.175698,0.824302,1.376922e-05,15963
cluster metric,0.175698,0.824302,1.376922e-05,15963
cluster metric,0.175698,0.824302,1.376922e-05,15963
cluster metric,0.175698,0.824302,1.376922e-05,15963
cluster metric,0.175698,0.824302,1.376922e-05,15963
cluster metric,0.175698,0.824302,1.376922e-05,15963
cluster metric,0.175698,0.824302,1.376922e-05,15963
cluster metric,0.175698,0.824302,1.376922e-05,15963
cluster metric,0.175698,0.824302,1.376922e-05,15963
cluster metric,0.175698,0.824302,1.376922e-05,15963
cluster metric,0.175698,0.824302,1.376922e-05,15963
cluster metric,0.175698,0.824302,1.376922e-05,15963
cluster metric,0.175698,0.824302,1.376922e-05,15963
cluster metric,0.175698,0.824302,1.376922e-05,15963
cluster metric,0.175698,0.824302,1.376922e-05,15963
cluster metric,0.175698,0.824302,1.376922e-05,15963
cluster metric,0.175698,0.824302,1.376922e-05,15963
cluster metric,0.175698,0.824302,1.376922e-05,15963
cluster metric,0.175698,0.824302,1.376922e-05,15963
cluster metric,0.175698,0.824302,1.376922e-05,15963
cluster metric,0.175698,0.824302,1.376922e-05,15963
cluster metric,0.175698,0.824302,1.376922e-05,15963
cluster metric,0.175698,0.824302,1.376922e-05,15963
cluster metric,0.175698,0.824302,1.376922e-05,15963
cluster metric,0.175698,0.824302,1.376922e-05,15963
cluster metric,0.175698,0.824302,1.376922e-05,15963
cluster metric,0.175698,0.824302,1.376922e-05,15963
cluster metric,0.175698,0.824302,1.376922e-05,15963
cluster metric,0.175698,0.824302,1.376922e-05,15963
cluster metric,0.175698,0.824302,1.376922e-05,15963
cluster metric,0.175698,0.824302,1.376922e-05,15963
cluster metric,0.175698,0.824302,1.376922e-05,15963
cluster metric,0.175698,0.824302,1.376922e-05,15963
cluster metric,0.175698,0.824302,1.376922e-05,15963
cluster metric,0.175698,0.824302,1.376922e-05,15963
cluster metric,0.175698,0.824302,1.376922e-05,15963
cluster metric,0.175698,0.824302,1.376922e-05,15963
cluster metric,0.175698,0.824302,1.376922e-05,15963
cluster metric,0.175698,0.824302,1.376922e-05,15963
cluster metric,0.175698,0.824302,1.376922e-05,15963
cluster metric,0.175698,0.824302,1.376922e-05,15963
cluster metric,0.175698,0.824302,1.376922e-05,15963
cluster metric,0.175698,0.824302,1.376922e-05,15963
cluster metric,0.175698,0.824302,1.376922e-05,15963
cluster metric,0.175698,0.824302,1.376922e-05,15963
cluster metric,0.175698,0.824302,1.376922e-05,15963
cluster metric,0.175698,0.824302,1.376922e-05,15963
cluster metric,0.175698,0.824302,1.376922e-05,15963
cluster metric,0.175698,0.824302,1.376922e-05,15963
cluster metric,0.175698,0.824302,1.376922e-05,15963
cluster metric,0.175698,0.824302,1.376922e-05,15963
cluster metric,0.175698,0.824302,1.376922e-05,15963
cluster metric,0.175698,0.824302,1.376922e-05,15963
cluster metric,0.175698,0.824302,1.376922e-05,15963
cluster metric,0.175698,0.824302,1.376922e-05,15963
cluster metric,0.175698,0.824302,1.376922e-05,15963
cluster metric,0.175698,0.824302,1.376922e-05,15963
cluster metric,0.175698,0.824302,1.376922e-05,15963
cluster metric,0.175698,0.824302,1.376922e-05,15963
cluster metric,0.175698,0.824302,1.376922e-05,15963
cluster metric,0.175698,0.824302,1.376922e-05,15963
cluster metric,0.175698,0.824302,1.376922e-05,15963
cluster metric,0.175698,0.824302,1.376922e-05,15963
cluster metric,0.175698,0.824302,1.376922e-05,15963
cluster metric,0.175698,0.824302,1.376922e-05,15963
cluster metric,0.175698,0.824302,1.376922e-05,15963
cluster metric,0.175698,0.824302,1.376922e-05,15963
cluster metric,0.175698,0.824302,1.376922e-05,15963
cluster metric,0.175698,0.824302,1.376922e-05,15963
cluster metric,0.175698,0.824302,1.376922e-05,15963
cluster metric,0.175698,0.824302,1.376922e-05,15963
cluster metric,0.175698,0.824302,1.376922e-05,15963
cluster metric,0.175698,0.824302,1.376922e-05,15963
cluster metric,0.175698,0.824302,1.376922e-05,15963
cluster metric,0.175698,0.824302,1.376922e-05,15963
cluster metric,0.175698,0.824302,1.376922e-05,15963
cluster metric,0.175698,0.824302,1.376922e-05,15963
cluster metric,0.175698,0.824302,1.376922e-05,15963
cluster metric,0.175698,0.824302,1.376922e-05,15963
cluster metric,0.175698,0.824302,1.376922e-05,15963
cluster metric,0.175698,0.824302,1.376922e-05,15963
cluster metric,0.175698,0.824302,1.376922e-05,15963
cluster metric,0.175698,0.824302,1.376922e-05,15963
cluster metric,0.175698,0.824302,1.376922e-05,15963
cluster metric,0.175698,0.824302,1.376922e-05,15963
cluster metric,0.175698,0.824302,1.376922e-05,15963
cluster metric,0.175698,0.824302,1.376922e-05,15963
cluster metric,0.175698,0.824302,1.376922e-05,15963
cluster metric,0.175698,0.824302,1.376922e-05,15963
cluster metric,0.175698,0.824302,1.376922e-05,15963
cluster metric,0.175698,0.824302,1.376922e-05,15963
cluster metric,0.175698,0.824302,1.376922e-05,15963
cluster metric,0.175698,0.824302,1.376922e-05,15963
cluster metric,0.175698,0.824302,1.376922e-05,15963
cluster metric,0.175698,0.824302,1.376922e-05,15963
cluster metric,0.175698,0.824302,1.376922e-05,15963
cluster metric,0.175698,0.824302,1.376922e-05,15963
cluster metric,0.175698,0.824302,1.376922e-05,15963
cluster metric,0.175698,0.824302,1.376922e-05,15963
cluster metric,0.175698,0.824302,1.376922e-05,15963
cluster metric,0.175698,0.824302,1.376922e-05,15963
cluster metric,0.175698,0.824302,1.376922e-05,15963
cluster metric,0.175698,0.824302,1.376922e-05,15963
cluster metric,0.175698,0.824302,1.376922e-05,15963
cluster metric,0.175698,0.824302,1.376922e-05,15963
cluster metric,0.175698,0.824302,1.376922e-05,15963
cluster metric,0.175698,0.824302,1.376922e-05,15963
cluster metric,0.175698,0.824302,1.376922e-05,15963
cluster metric,0.175698,0.824302,1.376922e-05,15963
cluster metric,0.175698,0.824302,1.376922e-05,15963
cluster metric,0.175698,0.824302,1.376922e-05,15963
cluster metric,0.175698,0.824302,1.376922e-05,15963
cluster metric,0.175698,0.824302,1.376922e-05,15963
cluster metric,0.175698,0.824302,1.376922e-05,15963
cluster metric,0.175698,0.824302,1.376922e-05,15963
cluster metric,0.175698,0.824302,1.376922e-05,15963
cluster metric,0.175698,0.824302,1.376922e-05,15963
cluster metric,0.175698,0.824302,1.376922e-05,15963
cluster metric,0.175698,0.824302,1.376922e-05,15963
cluster metric,0.175698,0.824302,1.376922e-05,15963
cluster metric,0.175698,0.824302,1.376922e-05,15963
cluster metric,0.175698,0.824302,1.376922e-05,15963
cluster metric,0.175698,0.824302,1.376922e-05,15963
cluster metric,0.175698,0.824302,1.376922e-05,15963
cluster metric,0.175698,0.824302,1.376922e-05,15963
cluster metric,0.175698,0.824302,1.376922e-05,15963
cluster metric,0.175698,0.824302,1.376922e-05,15963
cluster metric,0.175698,0.824302,1.376922e-05,15963
cluster metric,0.175698,0.824302,1.376922e-05,15963
cluster metric,0.175698,0.824302,1.376922e-05,15963
cluster metric,0.175698,0.824302,1.376922e-05,15963
cluster metric,0.175698,0.824302,1.376922e-05,15963
cluster metric,0.175698,0.824302,1.376922e-05,15963
cluster metric,0.175698,0.824302,1.376922e-05,15963
cluster metric,0.175698,0.824302,1.376922e-05,15963
cluster metric,0.175698,0.824302,1.376922e-05,15963
cluster metric,0.175698,0.824302,1.376922e-05,15963
cluster metric,0.175698,0.824302,1.376922e-05,15963
cluster metric,0.175698,0.824302,1.376922e-05,15963
cluster metric,0.175698,0.824302,1.376922e-05,15963
cluster metric,0.175698,0.824302,1.376922e-05,15963
cluster metric,0.175698,0.824302,1.376922e-05,15963
cluster metric,0.175698,0.824302,1.376922e-05,15963
cluster metric,0.175698,0.824302,1.376922e-05,15963
cluster metric,0.175698,0.824302,1.376922e-05,15963
cluster metric,0.175698,0.824302,1.376922e-05,15963
cluster metric,0.175698,0.824302,1.376922e-05,15963
cluster metric,0.175698,0.824302,1.376922e-05,15963
cluster metric,0.175698,0.824302,1.376922e-05,15963
cluster metric,0.175698,0.824302,1.376922e-05,15963
cluster metric,0.175698,0.824302,1.376922e-05,15963
cluster metric,0.175698,0.824302,1.376922e-05,15963
cluster metric,0.175698,0.824302,1.376922e-05,15963
cluster metric,0.175698,0.824302,1.376922e-05,15963
cluster metric,0.175698,0.824302,1.376922e-05,15963
cluster metric,0.175698,0.824302,1.376922e-05,15963
cluster metric,0.175698,0.824302,1.376922e-05,15963
cluster metric,0.175698,0.824302,1.376922e-05,15963
cluster metric,0.175698,0.824302,1.376922e-05,15963
cluster metric,0.175698,0.824302,1.376922e-05,15963
cluster metric,0.175698,0.824302,1.376922e-05,15963
cluster metric,0.175698,0.824302,1.376922e-05,15963
cluster metric,0.175698,0.824302,1.376922e-05,15963
cluster metric,0.175698,0.824302,1.376922e-05,15963
cluster metric,0.175698,0.824302,1.376922e-05,15963
cluster metric,0.175698,0.824302,1.376922e-05,15963
cluster metric,0.175698,0.824302,1.376922e-05,15963
cluster metric,0.175698,0.824302,1.376922e-05,15963
cluster metric,0.175698,0.824302,1.376922e-05,15963
cluster metric,0.175698,0.824302,1.376922e-05,15963
cluster metric,0.175698,0.824302,1.376922e-05,15963
cluster metric,0.175698,0.824302,1.376922e-05,15963
cluster metric,0.175698,0.824302,1.376922e-05,15963
cluster metric,0.175698,0.824302,1.376922e-05,15963
cluster metric,0.175698,0.824302,1.376922e-05,15963
cluster metric,0.175698,0.824302,1.376922e-05,15963
cluster metric,0.175698,0.824302,1.376922e-05,15963
cluster metric,0.175698,0.824302,1.376922e-05,15963
cluster metric,0.175698,0.824302,1.376922e-05,15963
cluster metric,0.175698,0.824302,1.376922e-05,15963
cluster metric,0.175698,0.824302,1.376922e-05,15963
cluster metric,0.175698,0.824302,1.376922e-05,15963
cluster metric,0.175698,0.824302,1.376922e-05,15963
cluster metric,0.175698,0.824302,1.376922e-05,15963
cluster metric,0.175698,0.824302,1.376922e-05,15963
cluster metric,0.175698,0.824302,1.376922e-05,15963
cluster metric,0.175698,0.824302,1.376922e-05,15963
cluster metric,0.175698,0.824302,1.376922e-05,15963
cluster metric,0.175698,0.824302,1.376922e-05,15963
cluster metric,0.175698,0.824302,1.376922e-05,15963
cluster metric,0.175698,0.824302,1.376922e-05,15963
cluster metric,0.175698,0.824302,1.376922e-05,15963
cluster metric,0.175698,0.824302,1.376922e-05,15963
cluster metric,0.175698,0.824302,1.376922e-05,15963
cluster metric,0.175698,0.824302,1.376922e-05,15963
cluster metric,0.175698,0.824302,1.376922e-05,15963
cluster metric,0.175698,0.824302,1.376922e-05,15963
cluster metric,0.175698,0.824302,1.376922e-05,15963
cluster metric,0.175698,0.824302,1.376922e-05,15963
cluster metric,0.175698,0.824302,1.376922e-05,15963
cluster metric,0.175698,0.824302,1.376922e-05,15963
cluster metric,0.175698,0.824302,1.376922e-05,15963
cluster metric,0.175698,0.824302,1.376922e-05,15963
cluster metric,0.175698,0.824302,1.376922e-05,15963
cluster metric,0.175698,0.824302,1.376922e-05,15963
cluster metric,0.175698,0.824302,1.376922e-05,15963
cluster metric,0.175698,0.824302,1.376922e-05,15963
cluster metric,0.175698,0.824302,1.376922e-05,15963
cluster metric,0.175698,0.824302,1.376922e-05,15963
cluster metric,0.175698,0.824302,1.376922e-05,15963
cluster metric,0.175698,0.824302,1.376922e-05,15963
cluster metric,0.175698,0.824302,1.376922e-05,15963
cluster metric,0.175698,0.824302,1.376922e-05,15963
cluster metric,0.175698,0.824302,1.376922e-05,15963
cluster metric,0.175698,0.824302,1.376922e-05,15963
cluster metric,0.175698,0.824302,1.376922e-05,15963
cluster metric,0.175698,0.824302,1.376922e-05,15963
cluster metric,0.175698,0.824302,1.376922e-05,15963
cluster metric,0.175698,0.824302,1.376922e-05,15963
cluster metric,0.175698,0.824302,1.376922e-05,15963
cluster metric,0.175698,0.824302,1.376922e-05,15963
cluster metric,0.175698,0.824302,1.376922e-05,15963
cluster metric,0.175698,0.824302,1.376922e-05,15963
cluster metric,0.175698,0.824302,1.376922e-05,15963
cluster metric,0.175698,0.824302,1.376922e-05,15963
cluster metric,0.175698,0.824302,1.376922e-05,15963
cluster metric,0.175698,0.824302,1.376922e-05,15963
cluster metric,0.175698,0.824302,1.376922e-05,15963
cluster metric,0.175698,0.824302,1.376922e-05,15963
cluster metric,0.175698,0.824302,1.376922e-05,15963
cluster metric,0.175698,0.824302,1.376922e-05,15963
cluster metric,0.175698,0.824302,1.376922e-05,15963
cluster metric,0.175698,0.824302,1.376922e-05,15963
cluster metric,0.175698,0.824302,1.376922e-05,15963
cluster metric,0.175698,0.824302,1.376922e-05,15963
cluster metric,0.175698,0.824302,1.376922e-05,15963
cluster metric,0.175698,0.824302,1.376922e-05,15963
cluster metric,0.175698,0.824302,1.376922e-05,15963
cluster metric,0.175698,0.824302,1.376922e-05,15963
cluster metric,0.175698,0.824302,1.376922e-05,15963
cluster metric,0.175698,0.824302,1.376922e-05,15963
cluster metric,0.175698,0.824302,1.376922e-05,15963
cluster metric,0.175698,0.824302,1.376922e-05,15963
cluster metric,0.175698,0.824302,1.376922e-05,15963
cluster metric,0.175698,0.824302,1.376922e-05,15963
cluster metric,0.175698,0.824302,1.376922e-05,15963
cluster metric,0.175698,0.824302,1.376922e-05,15963
cluster metric,0.175698,0.824302,1.376922e-05,15963
cluster metric,0.175698,0.824302,1.376922e-05,15963
cluster metric,0.175698,0.824302,1.376922e-05,15963
cluster metric,0.175698,0.824302,1.376922e-05,15963
cluster metric,0.175698,0.824302,1.376922e-05,15963
cluster metric,0.175698,0.824302,1.376922e-05,15963
cluster metric,0.175698,0.824302,1.376922e-05,15963
cluster metric,0.175698,0.824302,1.376922e-05,15963
cluster metric,0.175698,0.824302,1.376922e-05,15963
cluster metric,0.175698,0.824302,1.376922e-05,15963
cluster metric,0.175698,0.824302,1.376922e-05,15963
cluster metric,0.175698,0.824302,1.376922e-05,15963
cluster metric,0.175698,0.824302,1.376922e-05,15963
cluster metric,0.175698,0.824302,1.376922e-05,15963
cluster metric,0.175698,0.824302,1.376922e-05,15963
cluster metric,0.175698,0.824302,1.376922e-05,15963
cluster metric,0.175698,0.824302,1.376922e-05,15963
cluster metric,0.175698,0.824302,1.376922e-05,15963
cluster metric,0.175698,0.824302,1.376922e-05,15963
cluster metric,0.175698,0.824302,1.376922e-05,15963
cluster metric,0.175698,0.824302,1.376922e-05,15963
cluster metric,0.175698,0.824302,1.376922e-05,15963
cluster metric,0.175698,0.824302,1.376922e-05,15963
cluster metric,0.175698,0.824302,1.376922e-05,15963
cluster metric,0.175698,0.824302,1.376922e-05,15963
cluster metric,0.175698,0.824302,1.376922e-05,15963
cluster metric,0.175698,0.824302,1.376922e-05,15963
cluster metric,0.175698,0.824302,1.376922e-05,15963
cluster metric,0.175698,0.824302,1.376922e-05,15963
cluster metric,0.175698,0.824302,1.376922e-05,15963
cluster metric,0.175698,0.824302,1.376922e-05,15963
cluster metric,0.175698,0.824302,1.376922e-05,15963
cluster metric,0.175698,0.824302,1.376922e-05,15963
cluster metric,0.175698,0.824302,1.376922e-05,15963
cluster metric,0.175698,0.824302,1.376922e-05,15963
cluster metric,0.175698,0.824302,1.376922e-05,15963
cluster metric,0.175698,0.824302,1.376922e-05,15963
cluster metric,0.175698,0.824302,1.376922e-05,15963
cluster metric,0.175698,0.824302,1.376922e-05,15963
cluster metric,0.175698,0.824302,1.376922e-05,15963
cluster metric,0.175698,0.824302,1.376922e-05,15963
cluster metric,0.175698,0.824302,1.376922e-05,15963
cluster metric,0.175698,0.824302,1.376922e-05,15963
cluster metric,0.175698,0.824302,1.376922e-05,15963
cluster metric,0.175698,0.824302,1.376922e-05,15963
cluster metric,0.175698,0.824302,1.376922e-05,15963
cluster metric,0.175698,0.824302,1.376922e-05,15963
cluster metric,0.175698,0.824302,1.376922e-05,15963
cluster metric,0.175698,0.824302,1.376922e-05,15963
cluster metric,0.175698,0.824302,1.376922e-05,15963
cluster metric,0.175698,0.824302,1.376922e-05,15963
cluster metric,0.175698,0.824302,1.376922e-05,15963
cluster metric,0.175698,0.824302,1.376922e-05,15963
cluster metric,0.175698,0.824302,1.376922e-05,15963
cluster metric,0.175698,0.824302,1.376922e-05,15963
cluster metric,0.175698,0.824302,1.376922e-05,15963
cluster metric,0.175698,0.824302,1.376922e-05,15963
cluster metric,0.175698,0.824302,1.376922e-05,15963
cluster metric,0.175698,0.824302,1.376922e-05,15963
cluster metric,0.175698,0.824302,1.376922e-05,15963
cluster metric,0.175698,0.824302,1.376922e-05,15963
cluster metric,0.175698,0.824302,1.376922e-05,15963
cluster metric,0.175698,0.824302,1.376922e-05,15963
cluster metric,0.175698,0.824302,1.376922e-05,15963
cluster metric,0.175698,0.824302,1.376922e-05,15963
cluster metric,0.175698,0.824302,1.376922e-05,15963
cluster metric,0.175698,0.824302,1.376922e-05,15963
cluster metric,0.175698,0.824302,1.376922e-05,15963
cluster metric,0.175698,0.824302,1.376922e-05,15963
cluster metric,0.175698,0.824302,1.376922e-05,15963
cluster metric,0.175698,0.824302,1.376922e-05,15963
cluster metric,0.175698,0.824302,1.376922e-05,15963
cluster metric,0.175698,0.824302,1.376922e-05,15963
cluster metric,0.175698,0.824302,1.376922e-05,15963
cluster metric,0.175698,0.824302,1.376922e-05,15963
cluster metric,0.175698,0.824302,1.376922e-05,15963
cluster metric,0.175698,0.824302,1.376922e-05,15963
cluster metric,0.175698,0.824302,1.376922e-05,15963
cluster metric,0.175698,0.824302,1.376922e-05,15963
cluster metric,0.175698,0.824302,1.376922e-05,15963
cluster metric,0.175698,0.824302,1.376922e-05,15963
cluster metric,0.175698,0.824302,1.376922e-05,15963
cluster metric,0.175698,0.824302,1.376922e-05,15963
cluster metric,0.175698,0.824302,1.376922e-05,15963
cluster metric,0.175698,0.824302,1.376922e-05,15963
cluster metric,0.175698,0.824302,1.376922e-05,15963
cluster metric,0.175698,0.824302,1.376922e-05,15963
cluster metric,0.175698,0.824302,1.376922e-05,15963
cluster metric,0.175698,0.824302,1.376922e-05,15963
cluster metric,0.175698,0.824302,1.376922e-05,15963
cluster metric,0.175698,0.824302,1.376922e-05,15963
cluster metric,0.175698,0.824302,1.376922e-05,15963
cluster metric,0.175698,0.824302,1.376922e-05,15963
cluster metric,0.175698,0.824302,1.376922e-05,15963
cluster metric,0.175698,0.824302,1.376922e-05,15963
cluster metric,0.175698,0.824302,1.376922e-05,15963
cluster metric,0.175698,0.824302,1.376922e-05,15963
cluster metric,0.175698,0.824302,1.376922e-05,15963
cluster metric,0.175698,0.824302,1.376922e-05,15963
cluster metric,0.175698,0.824302,1.376922e-05,15963
cluster metric,0.175698,0.824302,1.376922e-05,15963
cluster metric,0.175698,0.824302,1.376922e-05,15963
cluster metric,0.175698,0.824302,1.376922e-05,15963
cluster metric,0.175698,0.824302,1.376922e-05,15963
cluster metric,0.175698,0.824302,1.376922e-05,15963
cluster metric,0.175698,0.824302,1.376922e-05,15963
cluster metric,0.175698,0.824302,1.376922e-05,15963
cluster metric,0.175698,0.824302,1.376922e-05,15963
cluster metric,0.175698,0.824302,1.376922e-05,15963
cluster metric,0.175698,0.824302,1.376922e-05,15963
cluster metric,0.175698,0.824302,1.376922e-05,15963
cluster metric,0.175698,0.824302,1.376922e-05,15963
cluster metric,0.175698,0.824302,1.376922e-05,15963
cluster metric,0.175698,0.824302,1.376922e-05,15963
cluster metric,0.175698,0.824302,1.376922e-05,15963
cluster metric,0.175698,0.824302,1.376922e-05,15963
cluster metric,0.175698,0.824302,1.376922e-05,15963
cluster metric,0.175698,0.824302,1.376922e-05,15963
cluster metric,0.175698,0.824302,1.376922e-05,15963
cluster metric,0.175698,0.824302,1.376922e-05,15963
cluster metric,0.175698,0.824302,1.376922e-05,15963
cluster metric,0.175698,0.824302,1.376922e-05,15963
cluster metric,0.175698,0.824302,1.376922e-05,15963
cluster metric,0.175698,0.824302,1.376922e-05,15963
cluster metric,0.175698,0.824302,1.376922e-05,15963
cluster metric,0.175698,0.824302,1.376922e-05,15963
cluster metric,0.175698,0.824302,1.376922e-05,15963
cluster metric,0.175698,0.824302,1.376922e-05,15963
cluster metric,0.175698,0.824302,1.376922e-05,15963
cluster metric,0.175698,0.824302,1.376922e-05,15963
cluster metric,0.175698,0.824302,1.376922e-05,15963
cluster metric,0.175698,0.824302,1.376922e-05,15963
cluster metric,0.175698,0.824302,1.376922e-05,15963
cluster metric,0.175698,0.824302,1.376922e-05,15963
cluster metric,0.175698,0.824302,1.376922e-05,15963
cluster metric,0.175698,0.824302,1.376922e-05,15963
cluster metric,0.175698,0.824302,1.376922e-05,15963
cluster metric,0.175698,0.824302,1.376922e-05,15963
cluster metric,0.175698,0.824302,1.376922e-05,15963
cluster metric,0.175698,0.824302,1.376922e-05,15963
cluster metric,0.175698,0.824302,1.376922e-05,15963
cluster metric,0.175698,0.824302,1.376922e-05,15963
cluster metric,0.175698,0.824302,1.376922e-05,15963
cluster metric,0.175698,0.824302,1.376922e-05,15963
cluster metric,0.175698,0.824302,1.376922e-05,15963
cluster metric,0.175698,0.824302,1.376922e-05,15963
cluster metric,0.175698,0.824302,1.376922e-05,15963
cluster metric,0.175698,0.824302,1.376922e-05,15963
cluster metric,0.175698,0.824302,1.376922e-05,15963
cluster metric,0.175698,0.824302,1.376922e-05,15963
cluster metric,0.175698,0.824302,1.376922e-05,15963
cluster metric,0.175698,0.824302,1.376922e-05,15963
cluster metric,0.175698,0.824302,1.376922e-05,15963
cluster metric,0.175698,0.824302,1.376922e-05,15963
cluster metric,0.175698,0.824302,1.376922e-05,15963
cluster metric,0.175698,0.824302,1.376922e-05,15963
cluster metric,0.175698,0.824302,1.376922e-05,15963
cluster metric,0.175698,0.824302,1.376922e-05,15963
cluster metric,0.175698,0.824302,1.376922e-05,15963
cluster metric,0.175698,0.824302,1.376922e-05,15963
cluster metric,0.175698,0.824302,1.376922e-05,15963
cluster metric,0.175698,0.824302,1.376922e-05,15963
cluster metric,0.175698,0.824302,1.376922e-05,15963
cluster metric,0.175698,0.824302,1.376922e-05,15963
cluster metric,0.175698,0.824302,1.376922e-05,15963
cluster metric,0.175698,0.824302,1.376922e-05,15963
cluster metric,0.175698,0.824302,1.376922e-05,15963
cluster metric,0.175698,0.824302,1.376922e-05,15963
cluster metric,0.175698,0.824302,1.376922e-05,15963
cluster metric,0.175698,0.824302,1.376922e-05,15963
cluster metric,0.175698,0.824302,1.376922e-05,15963
cluster metric,0.175698,0.824302,1.376922e-05,15963
cluster metric,0.175698,0.824302,1.376922e-05,15963
cluster metric,0.175698,0.824302,1.376922e-05,15963
cluster metric,0.175698,0.824302,1.376922e-05,15963
cluster metric,0.175698,0.824302,1.376922e-05,15963
cluster metric,0.175698,0.824302,1.376922e-05,15963
cluster metric,0.175698,0.824302,1.376922e-05,15963
cluster metric,0.175698,0.824302,1.376922e-05,15963
cluster metric,0.175698,0.824302,1.376922e-05,15963
cluster metric,0.175698,0.824302,1.376922e-05,15963
cluster metric,0.175698,0.824302,1.376922e-05,15963
cluster metric,0.175698,0.824302,1.376922e-05,15963
cluster metric,0.175698,0.824302,1.376922e-05,15963
cluster metric,0.175698,0.824302,1.376922e-05,15963
cluster metric,0.175698,0.824302,1.376922e-05,15963
cluster metric,0.175698,0.824302,1.376922e-05,15963
cluster metric,0.175698,0.824302,1.376922e-05,15963
cluster metric,0.175698,0.824302,1.376922e-05,15963
cluster metric,0.175698,0.824302,1.376922e-05,15963
cluster metric,0.175698,0.824302,1.376922e-05,15963
cluster metric,0.175698,0.824302,1.376922e-05,15963
cluster metric,0.175698,0.824302,1.376922e-05,15963
cluster metric,0.175698,0.824302,1.376922e-05,15963
cluster metric,0.175698,0.824302,1.376922e-05,15963
cluster metric,0.175698,0.824302,1.376922e-05,15963
cluster metric,0.175698,0.824302,1.376922e-05,15963
cluster metric,0.175698,0.824302,1.376922e-05,15963
cluster metric,0.175698,0.824302,1.376922e-05,15963
cluster metric,0.175698,0.824302,1.376922e-05,15963
cluster metric,0.175698,0.824302,1.376922e-05,15963
cluster metric,0.175698,0.824302,1.376922e-05,15963
cluster metric,0.175698,0.824302,1.376922e-05,15963
cluster metric,0.175698,0.824302,1.376922e-05,15963
cluster metric,0.175698,0.824302,1.376922e-05,15963
cluster metric,0.175698,0.824302,1.376922e-05,15963
cluster metric,0.175698,0.824302,1.376922e-05,15963
cluster metric,0.175698,0.824302,1.376922e-05,15963
cluster metric,0.175698,0.824302,1.376922e-05,15963
cluster metric,0.175698,0.824302,1.376922e-05,15963
cluster metric,0.175698,0.824302,1.376922e-05,15963
cluster metric,0.175698,0.824302,1.376922e-05,15963
cluster metric,0.175698,0.824302,1.376922e-05,15963
cluster metric,0.175698,0.824302,1.376922e-05,15963
cluster metric,0.175698,0.824302,1.376922e-05,15963
cluster metric,0.175698,0.824302,1.376922e-05,15963
cluster metric,0.175698,0.824302,1.376922e-05,15963
cluster metric,0.175698,0.824302,1.376922e-05,15963
cluster metric,0.175698,0.824302,1.376922e-05,15963
cluster metric,0.175698,0.824302,1.376922e-05,15963
cluster metric,0.175698,0.824302,1.376922e-05,15963
cluster metric,0.175698,0.824302,1.376922e-05,15963
cluster metric,0.175698,0.824302,1.376922e-05,15963
cluster metric,0.175698,0.824302,1.376922e-05,15963
cluster metric,0.175698,0.824302,1.376922e-05,15963
cluster metric,0.175698,0.824302,1.376922e-05,15963
cluster metric,0.175698,0.824302,1.376922e-05,15963
cluster metric,0.175698,0.824302,1.376922e-05,15963
cluster metric,0.175698,0.824302,1.376922e-05,15963
cluster metric,0.175698,0.824302,1.376922e-05,15963
cluster metric,0.175698,0.824302,1.376922e-05,15963
cluster metric,0.175698,0.824302,1.376922e-05,15963
cluster metric,0.175698,0.824302,1.376922e-05,15963
cluster metric,0.175698,0.824302,1.376922e-05,15963
cluster metric,0.175698,0.824302,1.376922e-05,15963
cluster metric,0.175698,0.824302,1.376922e-05,15963
cluster metric,0.175698,0.824302,1.376922e-05,15963
cluster metric,0.175698,0.824302,1.376922e-05,15963
cluster metric,0.175698,0.824302,1.376922e-05,15963
cluster metric,0.175698,0.824302,1.376922e-05,15963
cluster metric,0.175698,0.824302,1.376922e-05,15963
cluster metric,0.175698,0.824302,1.376922e-05,15963
cluster metric,0.175698,0.824302,1.376922e-05,15963
cluster metric,0.175698,0.824302,1.376922e-05,15963
cluster metric,0.175698,0.824302,1.376922e-05,15963
cluster metric,0.175698,0.824302,1.376922e-05,15963
cluster metric,0.175698,0.824302,1.376922e-05,15963
cluster metric,0.175698,0.824302,1.376922e-05,15963
cluster metric,0.175698,0.824302,1.376922e-05,15963
cluster metric,0.175698,0.824302,1.376922e-05,15963
cluster metric,0.175698,0.824302,1.376922e-05,15963
cluster metric,0.175698,0.824302,1.376922e-05,15963
cluster metric,0.175698,0.824302,1.376922e-05,15963
cluster metric,0.175698,0.824302,1.376922e-05,15963
cluster metric,0.175698,0.824302,1.376922e-05,15963
cluster metric,0.175698,0.824302,1.376922e-05,15963
cluster metric,0.175698,0.824302,1.376922e-05,15963
cluster metric,0.175698,0.824302,1.376922e-05,15963
cluster metric,0.175698,0.824302,1.376922e-05,15963
cluster metric,0.175698,0.824302,1.376922e-05,15963
cluster metric,0.175698,0.824302,1.376922e-05,15963
cluster metric,0.175698,0.824302,1.376922e-05,15963
cluster metric,0.175698,0.824302,1.376922e-05,15963
cluster metric,0.175698,0.824302,1.376922e-05,15963
cluster metric,0.175698,0.824302,1.376922e-05,15963
cluster metric,0.175698,0.824302,1.376922e-05,15963
cluster metric,0.175698,0.824302,1.376922e-05,15963
cluster metric,0.175698,0.824302,1.376922e-05,15963
cluster metric,0.175698,0.824302,1.376922e-05,15963
cluster metric,0.175698,0.824302,1.376922e-05,15963
cluster metric,0.175698,0.824302,1.376922e-05,15963
cluster metric,0.175698,0.824302,1.376922e-05,15963
cluster metric,0.175698,0.824302,1.376922e-05,15963
cluster metric,0.175698,0.824302,1.376922e-05,15963
cluster metric,0.175698,0.824302,1.376922e-05,15963
cluster metric,0.175698,0.824302,1.376922e-05,15963
cluster metric,0.175698,0.824302,1.376922e-05,15963
cluster metric,0.175698,0.824302,1.376922e-05,15963
cluster metric,0.175698,0.824302,1.376922e-05,15963
cluster metric,0.175698,0.824302,1.376922e-05,15963
cluster metric,0.175698,0.824302,1.376922e-05,15963
cluster metric,0.175698,0.824302,1.376922e-05,15963
cluster metric,0.175698,0.824302,1.376922e-05,15963
cluster metric,0.175698,0.824302,1.376922e-05,15963
cluster metric,0.175698,0.824302,1.376922e-05,15963
cluster metric,0.175698,0.824302,1.376922e-05,15963
cluster metric,0.175698,0.824302,1.376922e-05,15963
cluster metric,0.175698,0.824302,1.376922e-05,15963
cluster metric,0.175698,0.824302,1.376922e-05,15963
cluster metric,0.175698,0.824302,1.376922e-05,15963
cluster metric,0.175698,0.824302,1.376922e-05,15963
cluster metric,0.175698,0.824302,1.376922e-05,15963
cluster metric,0.175698,0.824302,1.376922e-05,15963
cluster metric,0.175698,0.824302,1.376922e-05,15963
cluster metric,0.175698,0.824302,1.376922e-05,15963
cluster metric,0.175698,0.824302,1.376922e-05,15963
cluster metric,0.175698,0.824302,1.376922e-05,15963
cluster metric,0.175698,0.824302,1.376922e-05,15963
cluster metric,0.175698,0.824302,1.376922e-05,15963
cluster metric,0.175698,0.824302,1.376922e-05,15963
cluster metric,0.175698,0.824302,1.376922e-05,15963
cluster metric,0.175698,0.824302,1.376922e-05,15963
cluster metric,0.175698,0.824302,1.376922e-05,15963
cluster metric,0.175698,0.824302,1.376922e-05,15963
cluster metric,0.175698,0.824302,1.376922e-05,15963
cluster metric,0.175698,0.824302,1.376922e-05,15963
cluster metric,0.175698,0.824302,1.376922e-05,15963
cluster metric,0.175698,0.824302,1.376922e-05,15963
cluster metric,0.175698,0.824302,1.376922e-05,15963
cluster metric,0.175698,0.824302,1.376922e-05,15963
cluster metric,0.175698,0.824302,1.376922e-05,15963
cluster metric,0.175698,0.824302,1.376922e-05,15963
cluster metric,0.175698,0.824302,1.376922e-05,15963
cluster metric,0.175698,0.824302,1.376922e-05,15963
cluster metric,0.175698,0.824302,1.376922e-05,15963
cluster metric,0.175698,0.824302,1.376922e-05,15963
cluster metric,0.175698,0.824302,1.376922e-05,15963
cluster metric,0.175698,0.824302,1.376922e-05,15963
cluster metric,0.175698,0.824302,1.376922e-05,15963
cluster metric,0.175698,0.824302,1.376922e-05,15963
cluster metric,0.175698,0.824302,1.376922e-05,15963
cluster metric,0.175698,0.824302,1.376922e-05,15963
cluster metric,0.175698,0.824302,1.376922e-05,15963
cluster metric,0.175698,0.824302,1.376922e-05,15963
cluster metric,0.175698,0.824302,1.376922e-05,15963
cluster metric,0.175698,0.824302,1.376922e-05,15963
cluster metric,0.175698,0.824302,1.376922e-05,15963
cluster metric,0.175698,0.824302,1.376922e-05,15963
cluster metric,0.175698,0.824302,1.376922e-05,15963
cluster metric,0.175698,0.824302,1.376922e-05,15963
cluster metric,0.175698,0.824302,1.376922e-05,15963
cluster metric,0.175698,0.824302,1.376922e-05,15963
cluster metric,0.175698,0.824302,1.376922e-05,15963
cluster metric,0.175698,0.824302,1.376922e-05,15963
cluster metric,0.175698,0.824302,1.376922e-05,15963
cluster metric,0.175698,0.824302,1.376922e-05,15963
cluster metric,0.175698,0.824302,1.376922e-05,15963
cluster metric,0.175698,0.824302,1.376922e-05,15963
cluster metric,0.175698,0.824302,1.376922e-05,15963
cluster metric,0.175698,0.824302,1.376922e-05,15963
cluster metric,0.175698,0.824302,1.376922e-05,15963
cluster metric,0.175698,0.824302,1.376922e-05,15963
cluster metric,0.175698,0.824302,1.376922e-05,15963
cluster metric,0.175698,0.824302,1.376922e-05,15963
cluster metric,0.175698,0.824302,1.376922e-05,15963
cluster metric,0.175698,0.824302,1.376922e-05,15963
cluster metric,0.175698,0.824302,1.376922e-05,15963
cluster metric,0.175698,0.824302,1.376922e-05,15963
cluster metric,0.175698,0.824302,1.376922e-05,15963
cluster metric,0.175698,0.824302,1.376922e-05,15963
cluster metric,0.175698,0.824302,1.376922e-05,15963
cluster metric,0.175698,0.824302,1.376922e-05,15963
cluster metric,0.175698,0.824302,1.376922e-05,15963
cluster metric,0.175698,0.824302,1.376922e-05,15963
cluster metric,0.175698,0.824302,1.376922e-05,15963
cluster metric,0.175698,0.824302,1.376922e-05,15963
cluster metric,0.175698,0.824302,1.376922e-05,15963
cluster metric,0.175698,0.824302,1.376922e-05,15963
cluster metric,0.175698,0.824302,1.376922e-05,15963
cluster metric,0.175698,0.824302,1.376922e-05,15963
cluster metric,0.175698,0.824302,1.376922e-05,15963
cluster metric,0.175698,0.824302,1.376922e-05,15963
cluster metric,0.175698,0.824302,1.376922e-05,15963
cluster metric,0.175698,0.824302,1.376922e-05,15963
cluster metric,0.175698,0.824302,1.376922e-05,15963
cluster metric,0.175698,0.824302,1.376922e-05,15963
cluster metric,0.175698,0.824302,1.376922e-05,15963
cluster metric,0.175698,0.824302,1.376922e-05,15963
cluster metric,0.175698,0.824302,1.376922e-05,15963
cluster metric,0.175698,0.824302,1.376922e-05,15963
cluster metric,0.175698,0.824302,1.376922e-05,15963
cluster metric,0.175698,0.824302,1.376922e-05,15963
cluster metric,0.175698,0.824302,1.376922e-05,15963
cluster metric,0.175698,0.824302,1.376922e-05,15963
cluster metric,0.175698,0.824302,1.376922e-05,15963
cluster metric,0.175698,0.824302,1.376922e-05,15963
cluster metric,0.175698,0.824302,1.376922e-05,15963
cluster metric,0.175698,0.824302,1.376922e-05,15963
cluster metric,0.175698,0.824302,1.376922e-05,15963
cluster metric,0.175698,0.824302,1.376922e-05,15963
cluster metric,0.175698,0.824302,1.376922e-05,15963
cluster metric,0.175698,0.824302,1.376922e-05,15963
cluster metric,0.175698,0.824302,1.376922e-05,15963
cluster metric,0.175698,0.824302,1.376922e-05,15963
cluster metric,0.175698,0.824302,1.376922e-05,15963
cluster metric,0.175698,0.824302,1.376922e-05,15963
cluster metric,0.175698,0.824302,1.376922e-05,15963
cluster metric,0.175698,0.824302,1.376922e-05,15963
cluster metric,0.175698,0.824302,1.376922e-05,15963
cluster metric,0.175698,0.824302,1.376922e-05,15963
cluster metric,0.175698,0.824302,1.376922e-05,15963
cluster metric,0.175698,0.824302,1.376922e-05,15963
cluster metric,0.175698,0.824302,1.376922e-05,15963
cluster metric,0.175698,0.824302,1.376922e-05,15963
cluster metric,0.175698,0.824302,1.376922e-05,15963
cluster metric,0.175698,0.824302,1.376922e-05,15963
cluster metric,0.175698,0.824302,1.376922e-05,15963
cluster metric,0.175698,0.824302,1.376922e-05,15963
cluster metric,0.175698,0.824302,1.376922e-05,15963
cluster metric,0.175698,0.824302,1.376922e-05,15963
cluster metric,0.175698,0.824302,1.376922e-05,15963
cluster metric,0.175698,0.824302,1.376922e-05,15963
cluster metric,0.175698,0.824302,1.376922e-05,15963
cluster metric,0.175698,0.824302,1.376922e-05,15963
cluster metric,0.175698,0.824302,1.376922e-05,15963
cluster metric,0.175698,0.824302,1.376922e-05,15963
cluster metric,0.175698,0.824302,1.376922e-05,15963
cluster metric,0.175698,0.824302,1.376922e-05,15963
cluster metric,0.175698,0.824302,1.376922e-05,15963
cluster metric,0.175698,0.824302,1.376922e-05,15963
cluster metric,0.175698,0.824302,1.376922e-05,15963
cluster metric,0.175698,0.824302,1.376922e-05,15963
cluster metric,0.175698,0.824302,1.376922e-05,15963
cluster metric,0.175698,0.824302,1.376922e-05,15963
cluster metric,0.175698,0.824302,1.376922e-05,15963
cluster metric,0.175698,0.824302,1.376922e-05,15963
cluster metric,0.175698,0.824302,1.376922e-05,15963
cluster metric,0.175698,0.824302,1.376922e-05,15963
cluster metric,0.175698,0.824302,1.376922e-05,15963
cluster metric,0.175698,0.824302,1.376922e-05,15963
cluster metric,0.175698,0.824302,1.376922e-05,15963
cluster metric,0.175698,0.824302,1.376922e-05,15963
cluster metric,0.175698,0.824302,1.376922e-05,15963
cluster metric,0.175698,0.824302,1.376922e-05,15963
cluster metric,0.175698,0.824302,1.376922e-05,15963
cluster metric,0.175698,0.824302,1.376922e-05,15963
cluster metric,0.175698,0.824302,1.376922e-05,15963
cluster metric,0.175698,0.824302,1.376922e-05,15963
cluster metric,0.175698,0.824302,1.376922e-05,15963
cluster metric,0.175698,0.824302,1.376922e-05,15963
cluster metric,0.175698,0.824302,1.376922e-05,15963
cluster metric,0.175698,0.824302,1.376922e-05,15963
cluster metric,0.175698,0.824302,1.376922e-05,15963
cluster metric,0.175698,0.824302,1.376922e-05,15963
cluster metric,0.175698,0.824302,1.376922e-05,15963
cluster metric,0.175698,0.824302,1.376922e-05,15963
cluster metric,0.175698,0.824302,1.376922e-05,15963
cluster metric,0.175698,0.824302,1.376922e-05,15963
cluster metric,0.175698,0.824302,1.376922e-05,15963
cluster metric,0.175698,0.824302,1.376922e-05,15963
cluster metric,0.175698,0.824302,1.376922e-05,15963
cluster metric,0.175698,0.824302,1.376922e-05,15963
cluster metric,0.175698,0.824302,1.376922e-05,15963
cluster metric,0.175698,0.824302,1.376922e-05,15963
cluster metric,0.175698,0.824302,1.376922e-05,15963
cluster metric,0.175698,0.824302,1.376922e-05,15963
cluster metric,0.175698,0.824302,1.376922e-05,15963
cluster metric,0.175698,0.824302,1.376922e-05,15963
cluster metric,0.175698,0.824302,1.376922e-05,15963
cluster metric,0.175698,0.824302,1.376922e-05,15963
cluster metric,0.175698,0.824302,1.376922e-05,15963
cluster metric,0.175698,0.824302,1.376922e-05,15963
cluster metric,0.175698,0.824302,1.376922e-05,15963
cluster metric,0.175698,0.824302,1.376922e-05,15963
cluster metric,0.175698,0.824302,1.376922e-05,15963
cluster metric,0.175698,0.824302,1.376922e-05,15963
cluster metric,0.175698,0.824302,1.376922e-05,15963
cluster metric,0.175698,0.824302,1.376922e-05,15963
cluster metric,0.175698,0.824302,1.376922e-05,15963
cluster metric,0.175698,0.824302,1.376922e-05,15963
cluster metric,0.175698,0.824302,1.376922e-05,15963
cluster metric,0.175698,0.824302,1.376922e-05,15963
cluster metric,0.175698,0.824302,1.376922e-05,15963
cluster metric,0.175698,0.824302,1.376922e-05,15963
cluster metric,0.175698,0.824302,1.376922e-05,15963
cluster metric,0.175698,0.824302,1.376922e-05,15963
cluster metric,0.175698,0.824302,1.376922e-05,15963
cluster metric,0.175698,0.824302,1.376922e-05,15963
cluster metric,0.175698,0.824302,1.376922e-05,15963
cluster metric,0.175698,0.824302,1.376922e-05,15963
cluster metric,0.175698,0.824302,1.376922e-05,15963
cluster metric,0.175698,0.824302,1.376922e-05,15963
cluster metric,0.175698,0.824302,1.376922e-05,15963
cluster metric,0.175698,0.824302,1.376922e-05,15963
cluster metric,0.175698,0.824302,1.376922e-05,15963
cluster metric,0.175698,0.824302,1.376922e-05,15963
cluster metric,0.175698,0.824302,1.376922e-05,15963
cluster metric,0.175698,0.824302,1.376922e-05,15963
cluster metric,0.175698,0.824302,1.376922e-05,15963
cluster metric,0.175698,0.824302,1.376922e-05,15963
cluster metric,0.175698,0.824302,1.376922e-05,15963
cluster metric,0.175698,0.824302,1.376922e-05,15963
cluster metric,0.175698,0.824302,1.376922e-05,15963
cluster metric,0.175698,0.824302,1.376922e-05,15963
cluster metric,0.175698,0.824302,1.376922e-05,15963
cluster metric,0.175698,0.824302,1.376922e-05,15963
cluster metric,0.175698,0.824302,1.376922e-05,15963
cluster metric,0.175698,0.824302,1.376922e-05,15963
cluster metric,0.175698,0.824302,1.376922e-05,15963
cluster metric,0.175698,0.824302,1.376922e-05,15963
cluster metric,0.175698,0.824302,1.376922e-05,15963
cluster metric,0.175698,0.824302,1.376922e-05,15963
cluster metric,0.175698,0.824302,1.376922e-05,15963
cluster metric,0.175698,0.824302,1.376922e-05,15963
cluster metric,0.175698,0.824302,1.376922e-05,15963
cluster metric,0.175698,0.824302,1.376922e-05,15963
cluster metric,0.175698,0.824302,1.376922e-05,15963
cluster metric,0.175698,0.824302,1.376922e-05,15963
cluster metric,0.175698,0.824302,1.376922e-05,15963
cluster metric,0.175698,0.824302,1.376922e-05,15963
cluster metric,0.175698,0.824302,1.376922e-05,15963
cluster metric,0.175698,0.824302,1.376922e-05,15963
cluster metric,0.175698,0.824302,1.376922e-05,15963
cluster metric,0.175698,0.824302,1.376922e-05,15963
cluster metric,0.175698,0.824302,1.376922e-05,15963
cluster metric,0.175698,0.824302,1.376922e-05,15963
cluster metric,0.175698,0.824302,1.376922e-05,15963
cluster metric,0.175698,0.824302,1.376922e-05,15963
cluster metric,0.175698,0.824302,1.376922e-05,15963
cluster metric,0.175698,0.824302,1.376922e-05,15963
cluster metric,0.175698,0.824302,1.376922e-05,15963
cluster metric,0.175698,0.824302,1.376922e-05,15963
cluster metric,0.175698,0.824302,1.376922e-05,15963
cluster metric,0.175698,0.824302,1.376922e-05,15963
cluster metric,0.175698,0.824302,1.376922e-05,15963
cluster metric,0.175698,0.824302,1.376922e-05,15963
cluster metric,0.175698,0.824302,1.376922e-05,15963
cluster metric,0.175698,0.824302,1.376922e-05,15963
cluster metric,0.175698,0.824302,1.376922e-05,15963
cluster metric,0.175698,0.824302,1.376922e-05,15963
cluster metric,0.175698,0.824302,1.376922e-05,15963
cluster metric,0.175698,0.824302,1.376922e-05,15963
cluster metric,0.175698,0.824302,1.376922e-05,15963
cluster metric,0.175698,0.824302,1.376922e-05,15963
cluster metric,0.175698,0.824302,1.376922e-05,15963
cluster metric,0.175698,0.824302,1.376922e-05,15963
cluster metric,0.175698,0.824302,1.376922e-05,15963
cluster metric,0.175698,0.824302,1.376922e-05,15963
cluster metric,0.175698,0.824302,1.376922e-05,15963
cluster metric,0.175698,0.824302,1.376922e-05,15963
cluster metric,0.175698,0.824302,1.376922e-05,15963
cluster metric,0.175698,0.824302,1.376922e-05,15963
cluster metric,0.175698,0.824302,1.376922e-05,15963
cluster metric,0.175698,0.824302,1.376922e-05,15963
cluster metric,0.175698,0.824302,1.376922e-05,15963
cluster metric,0.175698,0.824302,1.376922e-05,15963
cluster metric,0.175698,0.824302,1.376922e-05,15963
cluster metric,0.175698,0.824302,1.376922e-05,15963
cluster metric,0.175698,0.824302,1.376922e-05,15963
cluster metric,0.175698,0.824302,1.376922e-05,15963
cluster metric,0.175698,0.824302,1.376922e-05,15963
cluster metric,0.175698,0.824302,1.376922e-05,15963
cluster metric,0.175698,0.824302,1.376922e-05,15963
cluster metric,0.175698,0.824302,1.376922e-05,15963
cluster metric,0.175698,0.824302,1.376922e-05,15963
cluster metric,0.175698,0.824302,1.376922e-05,15963
cluster metric,0.175698,0.824302,1.376922e-05,15963
cluster metric,0.175698,0.824302,1.376922e-05,15963
cluster metric,0.175698,0.824302,1.376922e-05,15963
cluster metric,0.175698,0.824302,1.376922e-05,15963
cluster metric,0.175698,0.824302,1.376922e-05,15963
cluster metric,0.175698,0.824302,1.376922e-05,15963
cluster metric,0.175698,0.824302,1.376922e-05,15963
cluster metric,0.175698,0.824302,1.376922e-05,15963
cluster metric,0.175698,0.824302,1.376922e-05,15963
cluster metric,0.175698,0.824302,1.376922e-05,15963
cluster metric,0.175698,0.824302,1.376922e-05,15963
cluster metric,0.175698,0.824302,1.376922e-05,15963
cluster metric,0.175698,0.824302,1.376922e-05,15963
cluster metric,0.175698,0.824302,1.376922e-05,15963
cluster metric,0.175698,0.824302,1.376922e-05,15963
cluster metric,0.175698,0.824302,1.376922e-05,15963
cluster metric,0.175698,0.824302,1.376922e-05,15963
cluster metric,0.175698,0.824302,1.376922e-05,15963
cluster metric,0.175698,0.824302,1.376922e-05,15963
cluster metric,0.175698,0.824302,1.376922e-05,15963
cluster metric,0.175698,0.824302,1.376922e-05,15963
cluster metric,0.175698,0.824302,1.376922e-05,15963
cluster metric,0.175698,0.824302,1.376922e-05,15963
cluster metric,0.175698,0.824302,1.376922e-05,15963
cluster metric,0.175698,0.824302,1.376922e-05,15963
cluster metric,0.175698,0.824302,1.376922e-05,15963
cluster metric,0.175698,0.824302,1.376922e-05,15963
cluster metric,0.175698,0.824302,1.376922e-05,15963
cluster metric,0.175698,0.824302,1.376922e-05,15963
cluster metric,0.175698,0.824302,1.376922e-05,15963
cluster metric,0.175698,0.824302,1.376922e-05,15963
cluster metric,0.175698,0.824302,1.376922e-05,15963
cluster metric,0.175698,0.824302,1.376922e-05,15963
cluster metric,0.175698,0.824302,1.376922e-05,15963
cluster metric,0.175698,0.824302,1.376922e-05,15963
cluster metric,0.175698,0.824302,1.376922e-05,15963
cluster metric,0.175698,0.824302,1.376922e-05,15963
cluster metric,0.175698,0.824302,1.376922e-05,15963
cluster metric,0.175698,0.824302,1.376922e-05,15963
cluster metric,0.175698,0.824302,1.376922e-05,15963
cluster metric,0.175698,0.824302,1.376922e-05,15963
cluster metric,0.175698,0.824302,1.376922e-05,15963
cluster metric,0.175698,0.824302,1.376922e-05,15963
cluster metric,0.175698,0.824302,1.376922e-05,15963
cluster metric,0.175698,0.824302,1.376922e-05,15963
cluster metric,0.175698,0.824302,1.376922e-05,15963
cluster metric,0.175698,0.824302,1.376922e-05,15963
cluster metric,0.175698,0.824302,1.376922e-05,15963
cluster metric,0.175698,0.824302,1.376922e-05,15963
cluster metric,0.175698,0.824302,1.376922e-05,15963
cluster metric,0.175698,0.824302,1.376922e-05,15963
cluster metric,0.175698,0.824302,1.376922e-05,15963
cluster metric,0.175698,0.824302,1.376922e-05,15963
cluster metric,0.175698,0.824302,1.376922e-05,15963
cluster metric,0.175698,0.824302,1.376922e-05,15963
cluster metric,0.175698,0.824302,1.376922e-05,15963
cluster metric,0.175698,0.824302,1.376922e-05,15963
cluster metric,0.175698,0.824302,1.376922e-05,15963
cluster metric,0.175698,0.824302,1.376922e-05,15963
cluster metric,0.175698,0.824302,1.376922e-05,15963
cluster metric,0.175698,0.824302,1.376922e-05,15963
cluster metric,0.175698,0.824302,1.376922e-05,15963
cluster metric,0.175698,0.824302,1.376922e-05,15963
cluster metric,0.175698,0.824302,1.376922e-05,15963
cluster metric,0.175698,0.824302,1.376922e-05,15963
cluster metric,0.175698,0.824302,1.376922e-05,15963
cluster metric,0.175698,0.824302,1.376922e-05,15963
cluster metric,0.175698,0.824302,1.376922e-05,15963
cluster metric,0.175698,0.824302,1.376922e-05,15963
cluster metric,0.175698,0.824302,1.376922e-05,15963
cluster metric,0.175698,0.824302,1.376922e-05,15963
cluster metric,0.175698,0.824302,1.376922e-05,15963
cluster metric,0.175698,0.824302,1.376922e-05,15963
cluster metric,0.175698,0.824302,1.376922e-05,15963
cluster metric,0.175698,0.824302,1.376922e-05,15963
cluster metric,0.175698,0.824302,1.376922e-05,15963
cluster metric,0.175698,0.824302,1.376922e-05,15963
cluster metric,0.175698,0.824302,1.376922e-05,15963
cluster metric,0.175698,0.824302,1.376922e-05,15963
cluster metric,0.175698,0.824302,1.376922e-05,15963
cluster metric,0.175698,0.824302,1.376922e-05,15963
cluster metric,0.175698,0.824302,1.376922e-05,15963
cluster metric,0.175698,0.824302,1.376922e-05,15963
cluster metric,0.175698,0.824302,1.376922e-05,15963
cluster metric,0.175698,0.824302,1.376922e-05,15963
cluster metric,0.175698,0.824302,1.376922e-05,15963
cluster metric,0.175698,0.824302,1.376922e-05,15963
cluster metric,0.175698,0.824302,1.376922e-05,15963
cluster metric,0.175698,0.824302,1.376922e-05,15963
cluster metric,0.175698,0.824302,1.376922e-05,15963
cluster metric,0.175698,0.824302,1.376922e-05,15963
cluster metric,0.175698,0.824302,1.376922e-05,15963
cluster metric,0.175698,0.824302,1.376922e-05,15963
cluster metric,0.175698,0.824302,1.376922e-05,15963
cluster metric,0.175698,0.824302,1.376922e-05,15963
cluster metric,0.175698,0.824302,1.376922e-05,15963
cluster metric,0.175698,0.824302,1.376922e-05,15963
cluster metric,0.175698,0.824302,1.376922e-05,15963
cluster metric,0.175698,0.824302,1.376922e-05,15963
cluster metric,0.175698,0.824302,1.376922e-05,15963
cluster metric,0.175698,0.824302,1.376922e-05,15963
cluster metric,0.175698,0.824302,1.376922e-05,15963
cluster metric,0.175698,0.824302,1.376922e-05,15963
cluster metric,0.175698,0.824302,1.376922e-05,15963
cluster metric,0.175698,0.824302,1.376922e-05,15963
cluster metric,0.175698,0.824302,1.376922e-05,15963
cluster metric,0.175698,0.824302,1.376922e-05,15963
cluster metric,0.175698,0.824302,1.376922e-05,15963
cluster metric,0.175698,0.824302,1.376922e-05,15963
cluster metric,0.175698,0.824302,1.376922e-05,15963
cluster metric,0.175698,0.824302,1.376922e-05,15963
cluster metric,0.175698,0.824302,1.376922e-05,15963
cluster metric,0.175698,0.824302,1.376922e-05,15963
cluster metric,0.175698,0.824302,1.376922e-05,15963
cluster metric,0.175698,0.824302,1.376922e-05,15963
cluster metric,0.175698,0.824302,1.376922e-05,15963
cluster metric,0.175698,0.824302,1.376922e-05,15963
cluster metric,0.175698,0.824302,1.376922e-05,15963
cluster metric,0.175698,0.824302,1.376922e-05,15963
cluster metric,0.175698,0.824302,1.376922e-05,15963
cluster metric,0.175698,0.824302,1.376922e-05,15963
cluster metric,0.175698,0.824302,1.376922e-05,15963
cluster metric,0.175698,0.824302,1.376922e-05,15963
cluster metric,0.175698,0.824302,1.376922e-05,15963
cluster metric,0.175698,0.824302,1.376922e-05,15963
cluster metric,0.175698,0.824302,1.376922e-05,15963
cluster metric,0.175698,0.824302,1.376922e-05,15963
cluster metric,0.175698,0.824302,1.376922e-05,15963
cluster metric,0.175698,0.824302,1.376922e-05,15963
cluster metric,0.175698,0.824302,1.376922e-05,15963
cluster metric,0.175698,0.824302,1.376922e-05,15963
cluster metric,0.175698,0.824302,1.376922e-05,15963
cluster metric,0.175698,0.824302,1.376922e-05,15963
cluster metric,0.175698,0.824302,1.376922e-05,15963
cluster metric,0.175698,0.824302,1.376922e-05,15963
cluster metric,0.175698,0.824302,1.376922e-05,15963
cluster metric,0.175698,0.824302,1.376922e-05,15963
cluster metric,0.175698,0.824302,1.376922e-05,15963
cluster metric,0.175698,0.824302,1.376922e-05,15963
cluster metric,0.175698,0.824302,1.376922e-05,15963
cluster metric,0.175698,0.824302,1.376922e-05,15963
cluster metric,0.175698,0.824302,1.376922e-05,15963
cluster metric,0.175698,0.824302,1.376922e-05,15963
cluster metric,0.175698,0.824302,1.376922e-05,15963
cluster metric,0.175698,0.824302,1.376922e-05,15963
cluster metric,0.175698,0.824302,1.376922e-05,15963
cluster metric,0.175698,0.824302,1.376922e-05,15963
cluster metric,0.175698,0.824302,1.376922e-05,15963
cluster metric,0.175698,0.824302,1.376922e-05,15963
cluster metric,0.175698,0.824302,1.376922e-05,15963
cluster metric,0.175698,0.824302,1.376922e-05,15963
cluster metric,0.175698,0.824302,1.376922e-05,15963
cluster metric,0.175698,0.824302,1.376922e-05,15963
cluster metric,0.175698,0.824302,1.376922e-05,15963
cluster metric,0.175698,0.824302,1.376922e-05,15963
cluster metric,0.175698,0.824302,1.376922e-05,15963
cluster metric,0.175698,0.824302,1.376922e-05,15963
cluster metric,0.175698,0.824302,1.376922e-05,15963
cluster metric,0.175698,0.824302,1.376922e-05,15963
cluster metric,0.175698,0.824302,1.376922e-05,15963
cluster metric,0.175698,0.824302,1.376922e-05,15963
cluster metric,0.175698,0.824302,1.376922e-05,15963
cluster metric,0.175698,0.824302,1.376922e-05,15963
cluster metric,0.175698,0.824302,1.376922e-05,15963
cluster metric,0.175698,0.824302,1.376922e-05,15963
cluster metric,0.175698,0.824302,1.376922e-05,15963
cluster metric,0.175698,0.824302,1.376922e-05,15963
cluster metric,0.175698,0.824302,1.376922e-05,15963
cluster metric,0.175698,0.824302,1.376922e-05,15963
cluster metric,0.175698,0.824302,1.376922e-05,15963
cluster metric,0.175698,0.824302,1.376922e-05,15963
cluster metric,0.175698,0.824302,1.376922e-05,15963
cluster metric,0.175698,0.824302,1.376922e-05,15963
cluster metric,0.175698,0.824302,1.376922e-05,15963
cluster metric,0.175698,0.824302,1.376922e-05,15963
cluster metric,0.175698,0.824302,1.376922e-05,15963
cluster metric,0.175698,0.824302,1.376922e-05,15963
cluster metric,0.175698,0.824302,1.376922e-05,15963
cluster metric,0.175698,0.824302,1.376922e-05,15963
cluster metric,0.175698,0.824302,1.376922e-05,15963
cluster metric,0.175698,0.824302,1.376922e-05,15963
cluster metric,0.175698,0.824302,1.376922e-05,15963
cluster metric,0.175698,0.824302,1.376922e-05,15963
cluster metric,0.175698,0.824302,1.376922e-05,15963
cluster metric,0.175698,0.824302,1.376922e-05,15963
cluster metric,0.175698,0.824302,1.376922e-05,15963
cluster metric,0.175698,0.824302,1.376922e-05,15963
cluster metric,0.175698,0.824302,1.376922e-05,15963
cluster metric,0.175698,0.824302,1.376922e-05,15963
cluster metric,0.175698,0.824302,1.376922e-05,15963
cluster metric,0.175698,0.824302,1.376922e-05,15963
cluster metric,0.175698,0.824302,1.376922e-05,15963
cluster metric,0.175698,0.824302,1.376922e-05,15963
cluster metric,0.175698,0.824302,1.376922e-05,15963
cluster metric,0.175698,0.824302,1.376922e-05,15963
cluster metric,0.175698,0.824302,1.376922e-05,15963
cluster metric,0.175698,0.824302,1.376922e-05,15963
cluster metric,0.175698,0.824302,1.376922e-05,15963
cluster metric,0.175698,0.824302,1.376922e-05,15963
cluster metric,0.175698,0.824302,1.376922e-05,15963
cluster metric,0.175698,0.824302,1.376922e-05,15963
cluster metric,0.175698,0.824302,1.376922e-05,15963
cluster metric,0.175698,0.824302,1.376922e-05,15963
cluster metric,0.175698,0.824302,1.376922e-05,15963
cluster metric,0.175698,0.824302,1.376922e-05,15963
cluster metric,0.175698,0.824302,1.376922e-05,15963
cluster metric,0.175698,0.824302,1.376922e-05,15963
cluster metric,0.175698,0.824302,1.376922e-05,15963
cluster metric,0.175698,0.824302,1.376922e-05,15963
cluster metric,0.175698,0.824302,1.376922e-05,15963
cluster metric,0.175698,0.824302,1.376922e-05,15963
cluster metric,0.175698,0.824302,1.376922e-05,15963
cluster metric,0.175698,0.824302,1.376922e-05,15963
cluster metric,0.175698,0.824302,1.376922e-05,15963
cluster metric,0.175698,0.824302,1.376922e-05,15963
cluster metric,0.175698,0.824302,1.376922e-05,15963
cluster metric,0.175698,0.824302,1.376922e-05,15963
cluster metric,0.175698,0.824302,1.376922e-05,15963
cluster metric,0.175698,0.824302,1.376922e-05,15963
cluster metric,0.175698,0.824302,1.376922e-05,15963
cluster metric,0.175698,0.824302,1.376922e-05,15963
cluster metric,0.175698,0.824302,1.376922e-05,15963
cluster metric,0.175698,0.824302,1.376922e-05,15963
cluster metric,0.175698,0.824302,1.376922e-05,15963
cluster metric,0.175698,0.824302,1.376922e-05,15963
cluster metric,0.175698,0.824302,1.376922e-05,15963
cluster metric,0.175698,0.824302,1.376922e-05,15963
cluster metric,0.175698,0.824302,1.376922e-05,15963
cluster metric,0.175698,0.824302,1.376922e-05,15963
cluster metric,0.175698,0.824302,1.376922e-05,15963
cluster metric,0.175698,0.824302,1.376922e-05,15963
cluster metric,0.175698,0.824302,1.376922e-05,15963
cluster metric,0.175698,0.824302,1.376922e-05,15963
cluster metric,0.175698,0.824302,1.376922e-05,15963
cluster metric,0.175698,0.824302,1.376922e-05,15963
cluster metric,0.175698,0.824302,1.376922e-05,15963
cluster metric,0.175698,0.824302,1.376922e-05,15963
cluster metric,0.175698,0.824302,1.376922e-05,15963
cluster metric,0.175698,0.824302,1.376922e-05,15963
cluster metric,0.175698,0.824302,1.376922e-05,15963
cluster metric,0.175698,0.824302,1.376922e-05,15963
cluster metric,0.175698,0.824302,1.376922e-05,15963
cluster metric,0.175698,0.824302,1.376922e-05,15963
cluster metric,0.175698,0.824302,1.376922e-05,15963
cluster metric,0.175698,0.824302,1.376922e-05,15963
cluster metric,0.175698,0.824302,1.376922e-05,15963
cluster metric,0.175698,0.824302,1.376922e-05,15963
cluster metric,0.175698,0.824302,1.376922e-05,15963
cluster metric,0.175698,0.824302,1.376922e-05,15963
cluster metric,0.175698,0.824302,1.376922e-05,15963
cluster metric,0.175698,0.824302,1.376922e-05,15963
cluster metric,0.175698,0.824302,1.376922e-05,15963
cluster metric,0.175698,0.824302,1.376922e-05,15963
cluster metric,0.175698,0.824302,1.376922e-05,15963
cluster metric,0.175698,0.824302,1.376922e-05,15963
cluster metric,0.175698,0.824302,1.376922e-05,15963
cluster metric,0.175698,0.824302,1.376922e-05,15963
cluster metric,0.175698,0.824302,1.376922e-05,15963
cluster metric,0.175698,0.824302,1.376922e-05,15963
cluster metric,0.175698,0.824302,1.376922e-05,15963
cluster metric,0.175698,0.824302,1.376922e-05,15963
cluster metric,0.175698,0.824302,1.376922e-05,15963
cluster metric,0.175698,0.824302,1.376922e-05,15963
cluster metric,0.175698,0.824302,1.376922e-05,15963
cluster metric,0.175698,0.824302,1.376922e-05,15963
cluster metric,0.175698,0.824302,1.376922e-05,15963
cluster metric,0.175698,0.824302,1.376922e-05,15963
cluster metric,0.175698,0.824302,1.376922e-05,15963
cluster metric,0.175698,0.824302,1.376922e-05,15963
cluster metric,0.175698,0.824302,1.376922e-05,15963
cluster metric,0.175698,0.824302,1.376922e-05,15963
cluster metric,0.175698,0.824302,1.376922e-05,15963
cluster metric,0.175698,0.824302,1.376922e-05,15963
cluster metric,0.175698,0.824302,1.376922e-05,15963
cluster metric,0.175698,0.824302,1.376922e-05,15963
cluster metric,0.175698,0.824302,1.376922e-05,15963
cluster metric,0.175698,0.824302,1.376922e-05,15963
cluster metric,0.175698,0.824302,1.376922e-05,15963
cluster metric,0.175698,0.824302,1.376922e-05,15963
cluster metric,0.175698,0.824302,1.376922e-05,15963
cluster metric,0.175698,0.824302,1.376922e-05,15963
cluster metric,0.175698,0.824302,1.376922e-05,15963
cluster metric,0.175698,0.824302,1.376922e-05,15963
cluster metric,0.175698,0.824302,1.376922e-05,15963
cluster metric,0.175698,0.824302,1.376922e-05,15963
cluster metric,0.175698,0.824302,1.376922e-05,15963
cluster metric,0.175698,0.824302,1.376922e-05,15963
cluster metric,0.175698,0.824302,1.376922e-05,15963
cluster metric,0.175698,0.824302,1.376922e-05,15963
cluster metric,0.175698,0.824302,1.376922e-05,15963
cluster metric,0.175698,0.824302,1.376922e-05,15963
cluster metric,0.175698,0.824302,1.376922e-05,15963
cluster metric,0.175698,0.824302,1.376922e-05,15963
cluster metric,0.175698,0.824302,1.376922e-05,15963
cluster metric,0.175698,0.824302,1.376922e-05,15963
cluster metric,0.175698,0.824302,1.376922e-05,15963
cluster metric,0.175698,0.824302,1.376922e-05,15963
cluster metric,0.175698,0.824302,1.376922e-05,15963
cluster metric,0.175698,0.824302,1.376922e-05,15963
cluster metric,0.175698,0.824302,1.376922e-05,15963
cluster metric,0.175698,0.824302,1.376922e-05,15963
cluster metric,0.175698,0.824302,1.376922e-05,15963
cluster metric,0.175698,0.824302,1.376922e-05,15963
cluster metric,0.175698,0.824302,1.376922e-05,15963
cluster metric,0.175698,0.824302,1.376922e-05,15963
cluster metric,0.175698,0.824302,1.376922e-05,15963
cluster metric,0.175698,0.824302,1.376922e-05,15963
cluster metric,0.175698,0.824302,1.376922e-05,15963
cluster metric,0.175698,0.824302,1.376922e-05,15963
cluster metric,0.175698,0.824302,1.376922e-05,15963
cluster metric,0.175698,0.824302,1.376922e-05,15963
cluster metric,0.175698,0.824302,1.376922e-05,15963
cluster metric,0.175698,0.824302,1.376922e-05,15963
cluster metric,0.175698,0.824302,1.376922e-05,15963
cluster metric,0.175698,0.824302,1.376922e-05,15963
cluster metric,0.175698,0.824302,1.376922e-05,15963
cluster metric,0.175698,0.824302,1.376922e-05,15963
cluster metric,0.175698,0.824302,1.376922e-05,15963
cluster metric,0.175698,0.824302,1.376922e-05,15963
cluster metric,0.175698,0.824302,1.376922e-05,15963
cluster metric,0.175698,0.824302,1.376922e-05,15963
cluster metric,0.175698,0.824302,1.376922e-05,15963
cluster metric,0.175698,0.824302,1.376922e-05,15963
cluster metric,0.175698,0.824302,1.376922e-05,15963
cluster metric,0.175698,0.824302,1.376922e-05,15963
cluster metric,0.175698,0.824302,1.376922e-05,15963
cluster metric,0.175698,0.824302,1.376922e-05,15963
cluster metric,0.175698,0.824302,1.376922e-05,15963
cluster metric,0.175698,0.824302,1.376922e-05,15963
cluster metric,0.175698,0.824302,1.376922e-05,15963
cluster metric,0.175698,0.824302,1.376922e-05,15963
cluster metric,0.175698,0.824302,1.376922e-05,15963
cluster metric,0.175698,0.824302,1.376922e-05,15963
cluster metric,0.175698,0.824302,1.376922e-05,15963
cluster metric,0.175698,0.824302,1.376922e-05,15963
cluster metric,0.175698,0.824302,1.376922e-05,15963
cluster metric,0.175698,0.824302,1.376922e-05,15963
cluster metric,0.175698,0.824302,1.376922e-05,15963
cluster metric,0.175698,0.824302,1.376922e-05,15963
cluster metric,0.175698,0.824302,1.376922e-05,15963
cluster metric,0.175698,0.824302,1.376922e-05,15963
cluster metric,0.175698,0.824302,1.376922e-05,15963
cluster metric,0.175698,0.824302,1.376922e-05,15963
cluster metric,0.175698,0.824302,1.376922e-05,15963
cluster metric,0.175698,0.824302,1.376922e-05,15963
cluster metric,0.175698,0.824302,1.376922e-05,15963
cluster metric,0.175698,0.824302,1.376922e-05,15963
cluster metric,0.175698,0.824302,1.376922e-05,15963
cluster metric,0.175698,0.824302,1.376922e-05,15963
cluster metric,0.175698,0.824302,1.376922e-05,15963
cluster metric,0.175698,0.824302,1.376922e-05,15963
cluster metric,0.175698,0.824302,1.376922e-05,15963
cluster metric,0.175698,0.824302,1.376922e-05,15963
cluster metric,0.175698,0.824302,1.376922e-05,15963
cluster metric,0.175698,0.824302,1.376922e-05,15963
cluster metric,0.175698,0.824302,1.376922e-05,15963
cluster metric,0.175698,0.824302,1.376922e-05,15963
cluster metric,0.175698,0.824302,1.376922e-05,15963
cluster metric,0.175698,0.824302,1.376922e-05,15963
cluster metric,0.175698,0.824302,1.376922e-05,15963
cluster metric,0.175698,0.824302,1.376922e-05,15963
cluster metric,0.175698,0.824302,1.376922e-05,15963
cluster metric,0.175698,0.824302,1.376922e-05,15963
cluster metric,0.175698,0.824302,1.376922e-05,15963
cluster metric,0.175698,0.824302,1.376922e-05,15963
cluster metric,0.175698,0.824302,1.376922e-05,15963
cluster metric,0.175698,0.824302,1.376922e-05,15963
cluster metric,0.175698,0.824302,1.376922e-05,15963
cluster metric,0.175698,0.824302,1.376922e-05,15963
cluster metric,0.175698,0.824302,1.376922e-05,15963
cluster metric,0.175698,0.824302,1.376922e-05,15963
cluster metric,0.175698,0.824302,1.376922e-05,15963
cluster metric,0.175698,0.824302,1.376922e-05,15963
cluster metric,0.175698,0.824302,1.376922e-05,15963
cluster metric,0.175698,0.824302,1.376922e-05,15963
cluster metric,0.175698,0.824302,1.376922e-05,15963
cluster metric,0.175698,0.824302,1.376922e-05,15963
cluster metric,0.175698,0.824302,1.376922e-05,15963
cluster metric,0.175698,0.824302,1.376922e-05,15963
cluster metric,0.175698,0.824302,1.376922e-05,15963
cluster metric,0.175698,0.824302,1.376922e-05,15963
cluster metric,0.175698,0.824302,1.376922e-05,15963
cluster metric,0.175698,0.824302,1.376922e-05,15963
cluster metric,0.175698,0.824302,1.376922e-05,15963
cluster metric,0.175698,0.824302,1.376922e-05,15963
cluster metric,0.175698,0.824302,1.376922e-05,15963
cluster metric,0.175698,0.824302,1.376922e-05,15963
cluster metric,0.175698,0.824302,1.376922e-05,15963
cluster metric,0.175698,0.824302,1.376922e-05,15963
cluster metric,0.175698,0.824302,1.376922e-05,15963
cluster metric,0.175698,0.824302,1.376922e-05,15963
cluster metric,0.175698,0.824302,1.376922e-05,15963
cluster metric,0.175698,0.824302,1.376922e-05,15963
cluster metric,0.175698,0.824302,1.376922e-05,15963
cluster metric,0.175698,0.824302,1.376922e-05,15963
cluster metric,0.175698,0.824302,1.376922e-05,15963
cluster metric,0.175698,0.824302,1.376922e-05,15963
cluster metric,0.175698,0.824302,1.376922e-05,15963
cluster metric,0.175698,0.824302,1.376922e-05,15963
cluster metric,0.175698,0.824302,1.376922e-05,15963
cluster metric,0.175698,0.824302,1.376922e-05,15963
cluster metric,0.175698,0.824302,1.376922e-05,15963
cluster metric,0.175698,0.824302,1.376922e-05,15963
cluster metric,0.175698,0.824302,1.376922e-05,15963
cluster metric,0.175698,0.824302,1.376922e-05,15963
cluster metric,0.175698,0.824302,1.376922e-05,15963
cluster metric,0.175698,0.824302,1.376922e-05,15963
cluster metric,0.175698,0.824302,1.376922e-05,15963
cluster metric,0.175698,0.824302,1.376922e-05,15963
cluster metric,0.175698,0.824302,1.376922e-05,15963
cluster metric,0.175698,0.824302,1.376922e-05,15963
cluster metric,0.175698,0.824302,1.376922e-05,15963
cluster metric,0.175698,0.824302,1.376922e-05,15963
cluster metric,0.175698,0.824302,1.376922e-05,15963
cluster metric,0.175698,0.824302,1.376922e-05,15963
cluster metric,0.175698,0.824302,1.376922e-05,15963
cluster metric,0.175698,0.824302,1.376922e-05,15963
cluster metric,0.175698,0.824302,1.376922e-05,15963
cluster metric,0.175698,0.824302,1.376922e-05,15963
cluster metric,0.175698,0.824302,1.376922e-05,15963
cluster metric,0.175698,0.824302,1.376922e-05,15963
cluster metric,0.175698,0.824302,1.376922e-05,15963
cluster metric,0.175698,0.824302,1.376922e-05,15963
cluster metric,0.175698,0.824302,1.376922e-05,15963
cluster metric,0.175698,0.824302,1.376922e-05,15963
cluster metric,0.175698,0.824302,1.376922e-05,15963
cluster metric,0.175698,0.824302,1.376922e-05,15963
cluster metric,0.175698,0.824302,1.376922e-05,15963
cluster metric,0.175698,0.824302,1.376922e-05,15963
cluster metric,0.175698,0.824302,1.376922e-05,15963
cluster metric,0.175698,0.824302,1.376922e-05,15963
cluster metric,0.175698,0.824302,1.376922e-05,15963
cluster metric,0.175698,0.824302,1.376922e-05,15963
cluster metric,0.175698,0.824302,1.376922e-05,15963
cluster metric,0.175698,0.824302,1.376922e-05,15963
cluster metric,0.175698,0.824302,1.376922e-05,15963
cluster metric,0.175698,0.824302,1.376922e-05,15963
cluster metric,0.175698,0.824302,1.376922e-05,15963
cluster metric,0.175698,0.824302,1.376922e-05,15963
cluster metric,0.175698,0.824302,1.376922e-05,15963
cluster metric,0.175698,0.824302,1.376922e-05,15963
cluster metric,0.175698,0.824302,1.376922e-05,15963
cluster metric,0.175698,0.824302,1.376922e-05,15963
cluster metric,0.175698,0.824302,1.376922e-05,15963
cluster metric,0.175698,0.824302,1.376922e-05,15963
cluster metric,0.175698,0.824302,1.376922e-05,15963
cluster metric,0.175698,0.824302,1.376922e-05,15963
cluster metric,0.175698,0.824302,1.376922e-05,15963
cluster metric,0.175698,0.824302,1.376922e-05,15963
cluster metric,0.175698,0.824302,1.376922e-05,15963
cluster metric,0.175698,0.824302,1.376922e-05,15963
cluster metric,0.175698,0.824302,1.376922e-05,15963
cluster metric,0.175698,0.824302,1.376922e-05,15963
cluster metric,0.175698,0.824302,1.376922e-05,15963
cluster metric,0.175698,0.824302,1.376922e-05,15963
cluster metric,0.175698,0.824302,1.376922e-05,15963
cluster metric,0.175698,0.824302,1.376922e-05,15963
cluster metric,0.175698,0.824302,1.376922e-05,15963
cluster metric,0.175698,0.824302,1.376922e-05,15963
cluster metric,0.175698,0.824302,1.376922e-05,15963
cluster metric,0.175698,0.824302,1.376922e-05,15963
cluster metric,0.175698,0.824302,1.376922e-05,15963
cluster metric,0.175698,0.824302,1.376922e-05,15963
cluster metric,0.175698,0.824302,1.376922e-05,15963
cluster metric,0.175698,0.824302,1.376922e-05,15963
cluster metric,0.175698,0.824302,1.376922e-05,15963
cluster metric,0.175698,0.824302,1.376922e-05,15963
cluster metric,0.175698,0.824302,1.376922e-05,15963
cluster metric,0.175698,0.824302,1.376922e-05,15963
cluster metric,0.175698,0.824302,1.376922e-05,15963
cluster metric,0.175698,0.824302,1.376922e-05,15963
cluster metric,0.175698,0.824302,1.376922e-05,15963
cluster metric,0.175698,0.824302,1.376922e-05,15963
cluster metric,0.175698,0.824302,1.376922e-05,15963
cluster metric,0.175698,0.824302,1.376922e-05,15963
cluster metric,0.175698,0.824302,1.376922e-05,15963
cluster metric,0.175698,0.824302,1.376922e-05,15963
cluster metric,0.175698,0.824302,1.376922e-05,15963
cluster metric,0.175698,0.824302,1.376922e-05,15963
cluster metric,0.175698,0.824302,1.376922e-05,15963
cluster metric,0.175698,0.824302,1.376922e-05,15963
cluster metric,0.175698,0.824302,1.376922e-05,15963
cluster metric,0.175698,0.824302,1.376922e-05,15963
cluster metric,0.175698,0.824302,1.376922e-05,15963
cluster metric,0.175698,0.824302,1.376922e-05,15963
cluster metric,0.175698,0.824302,1.376922e-05,15963
cluster metric,0.175698,0.824302,1.376922e-05,15963
cluster metric,0.175698,0.824302,1.376922e-05,15963
cluster metric,0.175698,0.824302,1.376922e-05,15963
cluster metric,0.175698,0.824302,1.376922e-05,15963
cluster metric,0.175698,0.824302,1.376922e-05,15963
cluster metric,0.175698,0.824302,1.376922e-05,15963
cluster metric,0.175698,0.824302,1.376922e-05,15963
cluster metric,0.175698,0.824302,1.376922e-05,15963
cluster metric,0.175698,0.824302,1.376922e-05,15963
cluster metric,0.175698,0.824302,1.376922e-05,15963
cluster metric,0.175698,0.824302,1.376922e-05,15963
cluster metric,0.175698,0.824302,1.376922e-05,15963
cluster metric,0.175698,0.824302,1.376922e-05,15963
cluster metric,0.175698,0.824302,1.376922e-05,15963
cluster metric,0.175698,0.824302,1.376922e-05,15963
cluster metric,0.175698,0.824302,1.376922e-05,15963
cluster metric,0.175698,0.824302,1.376922e-05,15963
cluster metric,0.175698,0.824302,1.376922e-05,15963
cluster metric,0.175698,0.824302,1.376922e-05,15963
cluster metric,0.175698,0.824302,1.376922e-05,15963
cluster metric,0.175698,0.824302,1.376922e-05,15963
cluster metric,0.175698,0.824302,1.376922e-05,15963
cluster metric,0.175698,0.824302,1.376922e-05,15963
cluster metric,0.175698,0.824302,1.376922e-05,15963
cluster metric,0.175698,0.824302,1.376922e-05,15963
cluster metric,0.175698,0.824302,1.376922e-05,15963
cluster metric,0.175698,0.824302,1.376922e-05,15963
cluster metric,0.175698,0.824302,1.376922e-05,15963
cluster metric,0.175698,0.824302,1.376922e-05,15963
cluster metric,0.175698,0.824302,1.376922e-05,15963
cluster metric,0.175698,0.824302,1.376922e-05,15963
cluster metric,0.175698,0.824302,1.376922e-05,15963
cluster metric,0.175698,0.824302,1.376922e-05,15963
cluster metric,0.175698,0.824302,1.376922e-05,15963
cluster metric,0.175698,0.824302,1.376922e-05,15963
cluster metric,0.175698,0.824302,1.376922e-05,15963
cluster metric,0.175698,0.824302,1.376922e-05,15963
cluster metric,0.175698,0.824302,1.376922e-05,15963
cluster metric,0.175698,0.824302,1.376922e-05,15963
cluster metric,0.175698,0.824302,1.376922e-05,15963
cluster metric,0.175698,0.824302,1.376922e-05,15963
cluster metric,0.175698,0.824302,1.376922e-05,15963
cluster metric,0.175698,0.824302,1.376922e-05,15963
cluster metric,0.175698,0.824302,1.376922e-05,15963
cluster metric,0.175698,0.824302,1.376922e-05,15963
cluster metric,0.175698,0.824302,1.376922e-05,15963
cluster metric,0.175698,0.824302,1.376922e-05,15963
cluster metric,0.175698,0.824302,1.376922e-05,15963
cluster metric,0.175698,0.824302,1.376922e-05,15963
cluster metric,0.175698,0.824302,1.376922e-05,15963
cluster metric,0.175698,0.824302,1.376922e-05,15963
cluster metric,0.175698,0.824302,1.376922e-05,15963
cluster metric,0.175698,0.824302,1.376922e-05,15963
cluster metric,0.175698,0.824302,1.376922e-05,15963
cluster metric,0.175698,0.824302,1.376922e-05,15963
cluster metric,0.175698,0.824302,1.376922e-05,15963
cluster metric,0.175698,0.824302,1.376922e-05,15963
cluster metric,0.175698,0.824302,1.376922e-05,15963
cluster metric,0.175698,0.824302,1.376922e-05,15963
cluster metric,0.175698,0.824302,1.376922e-05,15963
cluster metric,0.175698,0.824302,1.376922e-05,15963
cluster metric,0.175698,0.824302,1.376922e-05,15963
cluster metric,0.175698,0.824302,1.376922e-05,15963
cluster metric,0.175698,0.824302,1.376922e-05,15963
cluster metric,0.175698,0.824302,1.376922e-05,15963
cluster metric,0.175698,0.824302,1.376922e-05,15963
cluster metric,0.175698,0.824302,1.376922e-05,15963
cluster metric,0.175698,0.824302,1.376922e-05,15963
cluster metric,0.175698,0.824302,1.376922e-05,15963
cluster metric,0.175698,0.824302,1.376922e-05,15963
cluster metric,0.175698,0.824302,1.376922e-05,15963
cluster metric,0.175698,0.824302,1.376922e-05,15963
cluster metric,0.175698,0.824302,1.376922e-05,15963
cluster metric,0.175698,0.824302,1.376922e-05,15963
cluster metric,0.175698,0.824302,1.376922e-05,15963
cluster metric,0.175698,0.824302,1.376922e-05,15963
cluster metric,0.175698,0.824302,1.376922e-05,15963
cluster metric,0.175698,0.824302,1.376922e-05,15963
cluster metric,0.175698,0.824302,1.376922e-05,15963
cluster metric,0.175698,0.824302,1.376922e-05,15963
cluster metric,0.175698,0.824302,1.376922e-05,15963
cluster metric,0.175698,0.824302,1.376922e-05,15963
cluster metric,0.175698,0.824302,1.376922e-05,15963
cluster metric,0.175698,0.824302,1.376922e-05,15963
cluster metric,0.175698,0.824302,1.376922e-05,15963
cluster metric,0.175698,0.824302,1.376922e-05,15963
cluster metric,0.175698,0.824302,1.376922e-05,15963
cluster metric,0.175698,0.824302,1.376922e-05,15963
cluster metric,0.175698,0.824302,1.376922e-05,15963
cluster metric,0.175698,0.824302,1.376922e-05,15963
cluster metric,0.175698,0.824302,1.376922e-05,15963
cluster metric,0.175698,0.824302,1.376922e-05,15963
cluster metric,0.175698,0.824302,1.376922e-05,15963
cluster metric,0.175698,0.824302,1.376922e-05,15963
cluster metric,0.175698,0.824302,1.376922e-05,15963
cluster metric,0.175698,0.824302,1.376922e-05,15963
cluster metric,0.175698,0.824302,1.376922e-05,15963
cluster metric,0.175698,0.824302,1.376922e-05,15963
cluster metric,0.175698,0.824302,1.376922e-05,15963
cluster metric,0.175698,0.824302,1.376922e-05,15963
cluster metric,0.175698,0.824302,1.376922e-05,15963
cluster metric,0.175698,0.824302,1.376922e-05,15963
cluster metric,0.175698,0.824302,1.376922e-05,15963
cluster metric,0.175698,0.824302,1.376922e-05,15963
cluster metric,0.175698,0.824302,1.376922e-05,15963
cluster metric,0.175698,0.824302,1.376922e-05,15963
cluster metric,0.175698,0.824302,1.376922e-05,15963
cluster metric,0.175698,0.824302,1.376922e-05,15963
cluster metric,0.175698,0.824302,1.376922e-05,15963
cluster metric,0.175698,0.824302,1.376922e-05,15963
cluster metric,0.175698,0.824302,1.376922e-05,15963
cluster metric,0.175698,0.824302,1.376922e-05,15963
cluster metric,0.175698,0.824302,1.376922e-05,15963
cluster metric,0.175698,0.824302,1.376922e-05,15963
cluster metric,0.175698,0.824302,1.376922e-05,15963
cluster metric,0.175698,0.824302,1.376922e-05,15963
cluster metric,0.175698,0.824302,1.376922e-05,15963
cluster metric,0.175698,0.824302,1.376922e-05,15963
cluster metric,0.175698,0.824302,1.376922e-05,15963
cluster metric,0.175698,0.824302,1.376922e-05,15963
cluster metric,0.175698,0.824302,1.376922e-05,15963
cluster metric,0.175698,0.824302,1.376922e-05,15963
cluster metric,0.175698,0.824302,1.376922e-05,15963
cluster metric,0.175698,0.824302,1.376922e-05,15963
cluster metric,0.175698,0.824302,1.376922e-05,15963
cluster metric,0.175698,0.824302,1.376922e-05,15963
cluster metric,0.175698,0.824302,1.376922e-05,15963
cluster metric,0.175698,0.824302,1.376922e-05,15963
cluster metric,0.175698,0.824302,1.376922e-05,15963
cluster metric,0.175698,0.824302,1.376922e-05,15963
cluster metric,0.175698,0.824302,1.376922e-05,15963
cluster metric,0.175698,0.824302,1.376922e-05,15963
cluster metric,0.175698,0.824302,1.376922e-05,15963
cluster metric,0.175698,0.824302,1.376922e-05,15963
cluster metric,0.175698,0.824302,1.376922e-05,15963
cluster metric,0.175698,0.824302,1.376922e-05,15963
cluster metric,0.175698,0.824302,1.376922e-05,15963
cluster metric,0.175698,0.824302,1.376922e-05,15963
cluster metric,0.175698,0.824302,1.376922e-05,15963
cluster metric,0.175698,0.824302,1.376922e-05,15963
cluster metric,0.175698,0.824302,1.376922e-05,15963
cluster metric,0.175698,0.824302,1.376922e-05,15963
cluster metric,0.175698,0.824302,1.376922e-05,15963
cluster metric,0.175698,0.824302,1.376922e-05,15963
cluster metric,0.175698,0.824302,1.376922e-05,15963
cluster metric,0.175698,0.824302,1.376922e-05,15963
cluster metric,0.175698,0.824302,1.376922e-05,15963
cluster metric,0.175698,0.824302,1.376922e-05,15963
cluster metric,0.175698,0.824302,1.376922e-05,15963
cluster metric,0.175698,0.824302,1.376922e-05,15963
cluster metric,0.175698,0.824302,1.376922e-05,15963
cluster metric,0.175698,0.824302,1.376922e-05,15963
cluster metric,0.175698,0.824302,1.376922e-05,15963
cluster metric,0.175698,0.824302,1.376922e-05,15963
cluster metric,0.175698,0.824302,1.376922e-05,15963
cluster metric,0.175698,0.824302,1.376922e-05,15963
cluster metric,0.175698,0.824302,1.376922e-05,15963
cluster metric,0.175698,0.824302,1.376922e-05,15963
cluster metric,0.175698,0.824302,1.376922e-05,15963
cluster metric,0.175698,0.824302,1.376922e-05,15963
cluster metric,0.175698,0.824302,1.376922e-05,15963
cluster metric,0.175698,0.824302,1.376922e-05,15963
cluster metric,0.175698,0.824302,1.376922e-05,15963
cluster metric,0.175698,0.824302,1.376922e-05,15963
cluster metric,0.175698,0.824302,1.376922e-05,15963
cluster metric,0.175698,0.824302,1.376922e-05,15963
cluster metric,0.175698,0.824302,1.376922e-05,15963
cluster metric,0.175698,0.824302,1.376922e-05,15963
cluster metric,0.175698,0.824302,1.376922e-05,15963
cluster metric,0.175698,0.824302,1.376922e-05,15963
cluster metric,0.175698,0.824302,1.376922e-05,15963
cluster metric,0.175698,0.824302,1.376922e-05,15963
cluster metric,0.175698,0.824302,1.376922e-05,15963
cluster metric,0.175698,0.824302,1.376922e-05,15963
cluster metric,0.175698,0.824302,1.376922e-05,15963
cluster metric,0.175698,0.824302,1.376922e-05,15963
cluster metric,0.175698,0.824302,1.376922e-05,15963
cluster metric,0.175698,0.824302,1.376922e-05,15963
cluster metric,0.175698,0.824302,1.376922e-05,15963
cluster metric,0.175698,0.824302,1.376922e-05,15963
cluster metric,0.175698,0.824302,1.376922e-05,15963
cluster metric,0.175698,0.824302,1.376922e-05,15963
cluster metric,0.175698,0.824302,1.376922e-05,15963
cluster metric,0.175698,0.824302,1.376922e-05,15963
cluster metric,0.175698,0.824302,1.376922e-05,15963
cluster metric,0.175698,0.824302,1.376922e-05,15963
cluster metric,0.175698,0.824302,1.376922e-05,15963
cluster metric,0.175698,0.824302,1.376922e-05,15963
cluster metric,0.175698,0.824302,1.376922e-05,15963
cluster metric,0.175698,0.824302,1.376922e-05,15963
cluster metric,0.175698,0.824302,1.376922e-05,15963
cluster metric,0.175698,0.824302,1.376922e-05,15963
cluster metric,0.175698,0.824302,1.376922e-05,15963
cluster metric,0.175698,0.824302,1.376922e-05,15963
cluster metric,0.175698,0.824302,1.376922e-05,15963
cluster metric,0.175698,0.824302,1.376922e-05,15963
cluster metric,0.175698,0.824302,1.376922e-05,15963
cluster metric,0.175698,0.824302,1.376922e-05,15963
cluster metric,0.175698,0.824302,1.376922e-05,15963
cluster metric,0.175698,0.824302,1.376922e-05,15963
cluster metric,0.175698,0.824302,1.376922e-05,15963
cluster metric,0.175698,0.824302,1.376922e-05,15963
cluster metric,0.175698,0.824302,1.376922e-05,15963
cluster metric,0.175698,0.824302,1.376922e-05,15963
cluster metric,0.175698,0.824302,1.376922e-05,15963
cluster metric,0.175698,0.824302,1.376922e-05,15963
cluster metric,0.175698,0.824302,1.376922e-05,15963
cluster metric,0.175698,0.824302,1.376922e-05,15963
cluster metric,0.175698,0.824302,1.376922e-05,15963
cluster metric,0.175698,0.824302,1.376922e-05,15963
cluster metric,0.175698,0.824302,1.376922e-05,15963
cluster metric,0.175698,0.824302,1.376922e-05,15963
cluster metric,0.175698,0.824302,1.376922e-05,15963
cluster metric,0.175698,0.824302,1.376922e-05,15963
cluster metric,0.175698,0.824302,1.376922e-05,15963
cluster metric,0.175698,0.824302,1.376922e-05,15963
cluster metric,0.175698,0.824302,1.376922e-05,15963
cluster metric,0.175698,0.824302,1.376922e-05,15963
cluster metric,0.175698,0.824302,1.376922e-05,15963
cluster metric,0.175698,0.824302,1.376922e-05,15963
cluster metric,0.175698,0.824302,1.376922e-05,15963
cluster metric,0.175698,0.824302,1.376922e-05,15963
cluster metric,0.175698,0.824302,1.376922e-05,15963
cluster metric,0.175698,0.824302,1.376922e-05,15963
cluster metric,0.175698,0.824302,1.376922e-05,15963
cluster metric,0.175698,0.824302,1.376922e-05,15963
cluster metric,0.175698,0.824302,1.376922e-05,15963
cluster metric,0.175698,0.824302,1.376922e-05,15963
cluster metric,0.175698,0.824302,1.376922e-05,15963
cluster metric,0.175698,0.824302,1.376922e-05,15963
cluster metric,0.175698,0.824302,1.376922e-05,15963
cluster metric,0.175698,0.824302,1.376922e-05,15963
cluster metric,0.175698,0.824302,1.376922e-05,15963
cluster metric,0.175698,0.824302,1.376922e-05,15963
cluster metric,0.175698,0.824302,1.376922e-05,15963
cluster metric,0.175698,0.824302,1.376922e-05,15963
cluster metric,0.175698,0.824302,1.376922e-05,15963
cluster metric,0.175698,0.824302,1.376922e-05,15963
cluster metric,0.175698,0.824302,1.376922e-05,15963
cluster metric,0.175698,0.824302,1.376922e-05,15963
cluster metric,0.175698,0.824302,1.376922e-05,15963
cluster metric,0.175698,0.824302,1.376922e-05,15963
cluster metric,0.175698,0.824302,1.376922e-05,15963
cluster metric,0.175698,0.824302,1.376922e-05,15963
cluster metric,0.175698,0.824302,1.376922e-05,15963
cluster metric,0.175698,0.824302,1.376922e-05,15963
cluster metric,0.175698,0.824302,1.376922e-05,15963
cluster metric,0.175698,0.824302,1.376922e-05,15963
cluster metric,0.175698,0.824302,1.376922e-05,15963
cluster metric,0.175698,0.824302,1.376922e-05,15963
cluster metric,0.175698,0.824302,1.376922e-05,15963
cluster metric,0.175698,0.824302,1.376922e-05,15963
cluster metric,0.175698,0.824302,1.376922e-05,15963
cluster metric,0.175698,0.824302,1.376922e-05,15963
cluster metric,0.175698,0.824302,1.376922e-05,15963
cluster metric,0.175698,0.824302,1.376922e-05,15963
cluster metric,0.175698,0.824302,1.376922e-05,15963
cluster metric,0.175698,0.824302,1.376922e-05,15963
cluster metric,0.175698,0.824302,1.376922e-05,15963
cluster metric,0.175698,0.824302,1.376922e-05,15963
cluster metric,0.175698,0.824302,1.376922e-05,15963
cluster metric,0.175698,0.824302,1.376922e-05,15963
cluster metric,0.175698,0.824302,1.376922e-05,15963
cluster metric,0.175698,0.824302,1.376922e-05,15963
cluster metric,0.175698,0.824302,1.376922e-05,15963
cluster metric,0.175698,0.824302,1.376922e-05,15963
cluster metric,0.175698,0.824302,1.376922e-05,15963
cluster metric,0.175698,0.824302,1.376922e-05,15963
cluster metric,0.175698,0.824302,1.376922e-05,15963
cluster metric,0.175698,0.824302,1.376922e-05,15963
cluster metric,0.175698,0.824302,1.376922e-05,15963
cluster metric,0.175698,0.824302,1.376922e-05,15963
cluster metric,0.175698,0.824302,1.376922e-05,15963
cluster metric,0.175698,0.824302,1.376922e-05,15963
cluster metric,0.175698,0.824302,1.376922e-05,15963
cluster metric,0.175698,0.824302,1.376922e-05,15963
cluster metric,0.175698,0.824302,1.376922e-05,15963
cluster metric,0.175698,0.824302,1.376922e-05,15963
cluster metric,0.175698,0.824302,1.376922e-05,15963
cluster metric,0.175698,0.824302,1.376922e-05,15963
cluster metric,0.175698,0.824302,1.376922e-05,15963
cluster metric,0.175698,0.824302,1.376922e-05,15963
cluster metric,0.175698,0.824302,1.376922e-05,15963
cluster metric,0.175698,0.824302,1.376922e-05,15963
cluster metric,0.175698,0.824302,1.376922e-05,15963
cluster metric,0.175698,0.824302,1.376922e-05,15963
cluster metric,0.175698,0.824302,1.376922e-05,15963
cluster metric,0.175698,0.824302,1.376922e-05,15963
cluster metric,0.175698,0.824302,1.376922e-05,15963
cluster metric,0.175698,0.824302,1.376922e-05,15963
cluster metric,0.175698,0.824302,1.376922e-05,15963
cluster metric,0.175698,0.824302,1.376922e-05,15963
cluster metric,0.175698,0.824302,1.376922e-05,15963
cluster metric,0.175698,0.824302,1.376922e-05,15963
cluster metric,0.175698,0.824302,1.376922e-05,15963
cluster metric,0.175698,0.824302,1.376922e-05,15963
cluster metric,0.175698,0.824302,1.376922e-05,15963
cluster metric,0.175698,0.824302,1.376922e-05,15963
cluster metric,0.175698,0.824302,1.376922e-05,15963
cluster metric,0.175698,0.824302,1.376922e-05,15963
cluster metric,0.175698,0.824302,1.376922e-05,15963
cluster metric,0.175698,0.824302,1.376922e-05,15963
cluster metric,0.175698,0.824302,1.376922e-05,15963
cluster metric,0.175698,0.824302,1.376922e-05,15963
cluster metric,0.175698,0.824302,1.376922e-05,15963
cluster metric,0.175698,0.824302,1.376922e-05,15963
cluster metric,0.175698,0.824302,1.376922e-05,15963
cluster metric,0.175698,0.824302,1.376922e-05,15963
cluster metric,0.175698,0.824302,1.376922e-05,15963
cluster metric,0.175698,0.824302,1.376922e-05,15963
cluster metric,0.175698,0.824302,1.376922e-05,15963
cluster metric,0.175698,0.824302,1.376922e-05,15963
cluster metric,0.175698,0.824302,1.376922e-05,15963
cluster metric,0.175698,0.824302,1.376922e-05,15963
cluster metric,0.175698,0.824302,1.376922e-05,15963
cluster metric,0.175698,0.824302,1.376922e-05,15963
cluster metric,0.175698,0.824302,1.376922e-05,15963
cluster metric,0.175698,0.824302,1.376922e-05,15963
cluster metric,0.175698,0.824302,1.376922e-05,15963
cluster metric,0.175698,0.824302,1.376922e-05,15963
cluster metric,0.175698,0.824302,1.376922e-05,15963
cluster metric,0.175698,0.824302,1.376922e-05,15963
cluster metric,0.175698,0.824302,1.376922e-05,15963
cluster metric,0.175698,0.824302,1.376922e-05,15963
cluster metric,0.175698,0.824302,1.376922e-05,15963
cluster metric,0.175698,0.824302,1.376922e-05,15963
cluster metric,0.175698,0.824302,1.376922e-05,15963
cluster metric,0.175698,0.824302,1.376922e-05,15963
cluster metric,0.175698,0.824302,1.376922e-05,15963
cluster metric,0.175698,0.824302,1.376922e-05,15963
cluster metric,0.175698,0.824302,1.376922e-05,15963
cluster metric,0.175698,0.824302,1.376922e-05,15963
cluster metric,0.175698,0.824302,1.376922e-05,15963
cluster metric,0.175698,0.824302,1.376922e-05,15963
cluster metric,0.175698,0.824302,1.376922e-05,15963
cluster metric,0.175698,0.824302,1.376922e-05,15963
cluster metric,0.175698,0.824302,1.376922e-05,15963
cluster metric,0.175698,0.824302,1.376922e-05,15963
cluster metric,0.175698,0.824302,1.376922e-05,15963
cluster metric,0.175698,0.824302,1.376922e-05,15963
cluster metric,0.175698,0.824302,1.376922e-05,15963
cluster metric,0.175698,0.824302,1.376922e-05,15963
cluster metric,0.175698,0.824302,1.376922e-05,15963
cluster metric,0.175698,0.824302,1.376922e-05,15963
cluster metric,0.175698,0.824302,1.376922e-05,15963
cluster metric,0.175698,0.824302,1.376922e-05,15963
cluster metric,0.175698,0.824302,1.376922e-05,15963
cluster metric,0.175698,0.824302,1.376922e-05,15963
cluster metric,0.175698,0.824302,1.376922e-05,15963
cluster metric,0.175698,0.824302,1.376922e-05,15963
cluster metric,0.175698,0.824302,1.376922e-05,15963
cluster metric,0.175698,0.824302,1.376922e-05,15963
cluster metric,0.175698,0.824302,1.376922e-05,15963
cluster metric,0.175698,0.824302,1.376922e-05,15963
cluster metric,0.175698,0.824302,1.376922e-05,15963
cluster metric,0.175698,0.824302,1.376922e-05,15963
cluster metric,0.175698,0.824302,1.376922e-05,15963
cluster metric,0.175698,0.824302,1.376922e-05,15963
cluster metric,0.175698,0.824302,1.376922e-05,15963
cluster metric,0.175698,0.824302,1.376922e-05,15963
cluster metric,0.175698,0.824302,1.376922e-05,15963
cluster metric,0.175698,0.824302,1.376922e-05,15963
cluster metric,0.175698,0.824302,1.376922e-05,15963
cluster metric,0.175698,0.824302,1.376922e-05,15963
cluster metric,0.175698,0.824302,1.376922e-05,15963
cluster metric,0.175698,0.824302,1.376922e-05,15963
cluster metric,0.175698,0.824302,1.376922e-05,15963
cluster metric,0.175698,0.824302,1.376922e-05,15963
cluster metric,0.175698,0.824302,1.376922e-05,15963
cluster metric,0.175698,0.824302,1.376922e-05,15963
cluster metric,0.175698,0.824302,1.376922e-05,15963
cluster metric,0.175698,0.824302,1.376922e-05,15963
cluster metric,0.175698,0.824302,1.376922e-05,15963
cluster metric,0.175698,0.824302,1.376922e-05,15963
cluster metric,0.175698,0.824302,1.376922e-05,15963
cluster metric,0.175698,0.824302,1.376922e-05,15963
cluster metric,0.175698,0.824302,1.376922e-05,15963
cluster metric,0.175698,0.824302,1.376922e-05,15963
cluster metric,0.175698,0.824302,1.376922e-05,15963
cluster metric,0.175698,0.824302,1.376922e-05,15963
cluster metric,0.175698,0.824302,1.376922e-05,15963
cluster metric,0.175698,0.824302,1.376922e-05,15963
cluster metric,0.175698,0.824302,1.376922e-05,15963
cluster metric,0.175698,0.824302,1.376922e-05,15963
cluster metric,0.175698,0.824302,1.376922e-05,15963
cluster metric,0.175698,0.824302,1.376922e-05,15963
cluster metric,0.175698,0.824302,1.376922e-05,15963
cluster metric,0.175698,0.824302,1.376922e-05,15963
cluster metric,0.175698,0.824302,1.376922e-05,15963
cluster metric,0.175698,0.824302,1.376922e-05,15963
cluster metric,0.175698,0.824302,1.376922e-05,15963
cluster metric,0.175698,0.824302,1.376922e-05,15963
cluster metric,0.175698,0.824302,1.376922e-05,15963
cluster metric,0.175698,0.824302,1.376922e-05,15963
cluster metric,0.175698,0.824302,1.376922e-05,15963
cluster metric,0.175698,0.824302,1.376922e-05,15963
cluster metric,0.175698,0.824302,1.376922e-05,15963
cluster metric,0.175698,0.824302,1.376922e-05,15963
cluster metric,0.175698,0.824302,1.376922e-05,15963
cluster metric,0.175698,0.824302,1.376922e-05,15963
cluster metric,0.175698,0.824302,1.376922e-05,15963
cluster metric,0.175698,0.824302,1.376922e-05,15963
cluster metric,0.175698,0.824302,1.376922e-05,15963
cluster metric,0.175698,0.824302,1.376922e-05,15963
cluster metric,0.175698,0.824302,1.376922e-05,15963
cluster metric,0.175698,0.824302,1.376922e-05,15963
cluster metric,0.175698,0.824302,1.376922e-05,15963
cluster metric,0.175698,0.824302,1.376922e-05,15963
cluster metric,0.175698,0.824302,1.376922e-05,15963
cluster metric,0.175698,0.824302,1.376922e-05,15963
cluster metric,0.175698,0.824302,1.376922e-05,15963
cluster metric,0.175698,0.824302,1.376922e-05,15963
cluster metric,0.175698,0.824302,1.376922e-05,15963
cluster metric,0.175698,0.824302,1.376922e-05,15963
cluster metric,0.175698,0.824302,1.376922e-05,15963
cluster metric,0.175698,0.824302,1.376922e-05,15963
cluster metric,0.175698,0.824302,1.376922e-05,15963
cluster metric,0.175698,0.824302,1.376922e-05,15963
cluster metric,0.175698,0.824302,1.376922e-05,15963
cluster metric,0.175698,0.824302,1.376922e-05,15963
cluster metric,0.175698,0.824302,1.376922e-05,15963
cluster metric,0.175698,0.824302,1.376922e-05,15963
cluster metric,0.175698,0.824302,1.376922e-05,15963
cluster metric,0.175698,0.824302,1.376922e-05,15963
cluster metric,0.175698,0.824302,1.376922e-05,15963
cluster metric,0.175698,0.824302,1.376922e-05,15963
cluster metric,0.175698,0.824302,1.376922e-05,15963
cluster metric,0.175698,0.824302,1.376922e-05,15963
cluster metric,0.175698,0.824302,1.376922e-05,15963
cluster metric,0.175698,0.824302,1.376922e-05,15963
cluster metric,0.175698,0.824302,1.376922e-05,15963
cluster metric,0.175698,0.824302,1.376922e-05,15963
cluster metric,0.175698,0.824302,1.376922e-05,15963
cluster metric,0.175698,0.824302,1.376922e-05,15963
cluster metric,0.175698,0.824302,1.376922e-05,15963
cluster metric,0.175698,0.824302,1.376922e-05,15963
cluster metric,0.175698,0.824302,1.376922e-05,15963
cluster metric,0.175698,0.824302,1.376922e-05,15963
cluster metric,0.175698,0.824302,1.376922e-05,15963
cluster metric,0.175698,0.824302,1.376922e-05,15963
cluster metric,0.175698,0.824302,1.376922e-05,15963
cluster metric,0.175698,0.824302,1.376922e-05,15963
cluster metric,0.175698,0.824302,1.376922e-05,15963
error detection,0.175698,0.824302,1.376922e-05,15963
