closed_exact_us,closed_thresholded_us,caliper_exact_us,caliper_thresholded_us
1736.834,1652.750,32078.375,2574.416
1246.250,0.458,3884.042,2.875
1197.250,0.250,5003.875,1.584
2287.083,2154.333,45824.667,3928.250
1093.042,1037.042,3640.625,2.542
1471.083,1379.500,3625.375,3186.000
703.417,0.292,2198.541,2.542
1359.875,1281.834,7484.417,1.750
1149.791,1095.125,3573.541,1.416
708.833,659.667,3172.083,1.375
936.834,884.125,3218.458,1.375
1135.166,1081.542,3356.041,1.292
736.417,702.000,5013.750,1.291
780.666,0.250,5321.541,1.166
1356.250,1293.083,20176.959,15868.250
1151.958,1095.250,15478.875,9008.417
864.834,819.042,3798.583,6.041
824.250,781.583,4296.959,1.917
1233.208,0.292,5761.959,1.333
845.708,0.208,2426.000,1.250
1125.375,1076.708,14067.708,1.208
1720.292,1638.500,99051.833,1.250
1889.667,0.250,7230.833,1.208
1412.625,1335.042,4912.334,4265.583
960.667,0.250,8426.125,3.208
844.375,795.584,7432.125,1.916
1248.834,1190.375,6167.708,1.625
1154.167,1092.917,3208.708,1.292
742.000,692.667,2693.875,1.333
1136.500,1078.000,4064.708,3128.917
1201.709,0.250,6908.500,2.792
656.125,611.000,12408.125,1.667
1467.417,1387.959,4708.458,1.500
1012.792,0.292,5805.792,1.292
682.500,0.208,5801.875,1.292
1200.250,0.125,34930.500,1.292
716.416,675.750,2946.417,1.291
980.584,0.333,2644.375,2585.542
645.000,603.167,3586.500,2.625
1198.458,1152.208,5071.750,1.750
848.208,801.042,4872.667,1.458
773.459,724.292,3872.916,2297.167
735.959,686.292,2113.792,2.916
1000.792,942.458,6279.250,1.500
929.000,874.583,3837.791,1.375
1242.542,0.292,7397.958,1.416
1338.375,1267.333,13465.750,11464.666
767.291,0.250,3794.167,6.250
578.584,544.333,2735.625,1.917
1504.958,1406.125,6657.917,1.417
1236.833,1171.750,8351.250,1.333
928.209,0.208,2522.833,1.291
1034.916,989.083,6080.750,1.250
733.000,685.375,2143.583,1.208
1190.459,1124.291,3308.584,3949.541
1016.334,960.541,4894.625,5203.333
1011.458,949.584,2530.125,3.625
1570.000,0.292,4644.791,4669.166
1181.333,1127.417,2479.334,2.792
1134.917,1069.250,3129.667,3746.916
1329.708,1261.208,4641.667,4768.875
1175.916,1107.042,5907.291,3.125
1426.000,0.250,2543.250,3523.959
1397.833,1323.666,3119.291,3605.250
491.084,452.750,3158.416,2.875
1483.333,1388.292,3517.833,4697.417
1725.958,1635.125,4896.542,5928.667
908.750,850.417,2426.208,3.334
668.875,624.750,1871.041,1.792
1339.500,1268.042,5920.792,1.417
976.083,924.875,3928.000,1.250
1952.333,1856.791,23602.750,25680.625
1380.291,1317.459,3313.750,5.084
785.792,0.292,1896.417,1.625
893.167,832.042,2761.708,1.334
533.125,500.834,2476.542,1.500
713.625,673.541,2480.334,1.292
1346.583,1287.083,3237.333,3893.542
1501.167,0.292,4347.542,4288.042
833.291,781.000,3272.708,3.125
1587.875,0.250,4339.292,4568.458
1328.875,0.208,9864.958,2.917
1060.167,996.750,4506.125,1.792
1526.375,1426.833,4617.292,1.333
1040.959,985.166,2858.708,1.375
533.750,488.500,2174.417,1.250
985.167,0.250,2691.417,1.250
1374.917,1312.000,13124.208,1.208
770.583,723.250,2716.458,1.291
615.959,569.458,1952.500,1.333
1630.333,0.291,9237.541,1.291
592.166,527.125,2255.875,1.208
2003.000,1914.333,7460.083,1.166
1972.125,1893.333,4356.375,1.167
1200.958,0.333,2733.167,3149.333
1162.083,1109.333,3506.333,3.000
1227.667,1169.416,7194.750,7631.833
980.958,937.625,2851.458,3.125
1427.792,1356.875,4281.583,4657.916
789.291,742.833,2599.958,2.791
1421.958,1361.875,52467.042,1.583
1354.709,1289.750,9939.750,1.583
1347.167,1278.833,3127.417,1.292
1080.041,1028.375,4889.208,1.292
674.583,633.375,2337.625,1.209
1076.959,1024.333,3853.042,1.208
641.875,0.250,4026.083,1.333
1609.542,1529.833,8616.500,1.250
1766.042,1686.500,15582.667,1.250
840.667,800.583,2889.291,1.250
1331.000,1266.083,4199.292,1.208
932.625,878.833,11585.583,1.208
2231.667,2134.333,37638.375,5055.667
1309.292,1256.417,3760.708,2.625
1630.875,1558.042,7917.500,1.750
354.459,328.667,1740.375,1.292
1326.458,1273.667,3050.875,1.250
1277.125,1208.917,5045.292,5130.625
1167.041,1111.334,3286.917,3396.333
1513.375,0.292,3465.375,3934.958
1141.083,1081.791,3278.000,3.250
1455.959,1396.125,2883.959,1.750
1231.875,1171.333,3228.042,1.375
648.167,599.833,2430.417,1.291
1978.667,0.292,5185.208,5498.708
1064.084,991.542,5198.917,2.708
1397.125,1342.458,190149.333,1.708
1301.750,1234.125,6823.041,1.375
1214.000,1154.000,3676.500,1.584
1446.375,1373.417,4660.834,7481.541
1093.375,0.334,6324.625,3.083
745.209,700.916,4602.500,1.625
809.708,0.291,3515.042,1.458
722.625,683.958,7619.666,1.250
1509.666,1432.500,4534.209,4384.084
1097.125,1043.125,12194.625,3.375
1016.542,963.042,3126.041,1.750
1120.042,1063.125,3886.541,1.333
1650.959,0.333,3400.084,4298.083
800.208,741.542,3118.667,3.500
931.000,879.209,6178.500,1.834
733.208,688.000,6769.500,1.333
927.958,875.084,3193.792,1.375
473.709,434.917,4835.250,1.292
1459.458,1396.667,4998.209,1.292
1820.750,1736.041,60481.708,8303.125
658.833,638.750,4885.000,3.166
923.500,864.875,2619.334,1.625
524.792,486.791,3225.917,1.333
1373.875,1305.917,6552.209,5611.875
1219.125,1151.625,4873.958,2.667
391.208,362.792,2362.875,1.584
1410.500,1341.250,3697.333,1.584
1697.209,1616.750,19474.375,17374.834
742.834,709.000,3361.500,3.292
1191.125,1136.708,3448.459,3262.125
1088.542,1031.750,2629.958,2.708
1259.917,1188.458,2931.375,1.667
1121.084,1069.875,3160.042,1.375
1559.625,0.250,3478.583,3132.166
1744.083,1685.042,40633.292,4742.916
922.375,0.291,7904.875,2.542
1268.500,1202.084,3264.542,2593.334
741.875,700.458,2204.084,2.583
1442.583,1378.167,5438.583,1.666
761.375,725.917,3165.333,1.458
1069.375,1026.833,5594.958,1.250
1461.250,1453.459,3970.792,3491.750
1682.375,1654.292,4156.917,3625.750
967.875,949.625,2651.333,2.583
1019.708,0.333,4422.750,1.625
1237.125,1215.000,2416.292,2310.750
854.750,827.916,3134.459,2.625
530.834,0.291,2774.791,1.709
1148.209,1125.833,3112.583,1.500
1908.875,1888.125,5058.875,1.375
1228.625,1203.291,3400.459,3191.291
625.084,608.833,2868.916,2.542
715.292,702.625,2332.041,1.500
875.250,872.125,2718.792,1.375
1262.667,1248.708,3873.000,3591.583
807.750,788.000,2620.750,2.541
510.458,486.416,2182.500,1.666
941.708,910.292,3255.208,1.459
1040.084,1023.667,3255.750,1.667
1490.292,0.292,3300.333,3124.542
651.917,633.792,3834.625,2.458
1759.417,1724.125,6074.125,5906.583
1268.000,1248.708,3267.333,3.417
1660.917,1694.292,13657.000,1.709
748.209,729.417,3619.125,1.459
800.375,0.333,2509.875,1.292
1935.541,1912.583,3543.583,1.459
1783.875,1761.417,6300.000,6692.542
1541.583,0.333,2772.291,3104.333
1204.958,1171.750,6372.959,2.667
1704.250,0.292,2834.084,3048.541
1273.667,0.208,3991.125,2.541
2429.916,2437.750,4550.667,1.791
1020.167,1005.875,4414.167,1.375
1408.417,1403.084,3779.416,1.333
1202.875,1206.458,23519.541,1.291
2367.750,2397.750,39827.750,16902.709
1514.167,1509.375,3328.625,3553.041
734.541,728.500,6371.333,2.667
1074.708,1076.792,2760.875,1.750
1791.625,0.292,3806.458,3997.208
1421.666,1433.292,4657.666,2.500
1362.334,1335.834,12151.583,13724.875
922.583,901.834,3437.958,3.583
907.083,886.875,2201.083,1.791
1585.750,1542.166,4873.834,1.500
1380.625,1356.291,3241.250,1.375
490.792,462.958,2794.458,1.250
2185.333,0.291,5519.292,6078.084
1360.584,1329.959,2313.333,2573.667
1038.417,997.458,5195.208,2.958
1373.208,1344.542,8633.459,1.875
602.834,565.166,1812.542,1.500
1496.375,1453.000,4087.666,4430.541
567.584,535.708,2041.084,2.667
1844.208,1801.333,2756.458,3058.542
1087.042,1042.125,2152.583,2.500
1730.833,1678.667,3933.584,2839.208
1164.667,0.292,2366.292,2896.667
1460.708,1435.541,149255.833,6855.083
1509.416,1463.375,22434.709,3.000
706.167,678.500,2931.791,1.625
910.500,863.667,3733.542,1.459
556.500,519.333,10230.584,1.250
889.292,0.333,5307.167,1.292
1230.708,0.208,7123.917,1.250
941.583,0.167,8085.417,1.542
1123.750,1067.500,5751.792,3303.833
1752.416,1668.042,10980.709,5297.208
1659.667,1599.333,26624.083,15915.375
1152.333,1090.416,5350.375,3.542
1319.667,1244.375,3629.417,1.583
1235.917,1173.833,5426.583,1.583
1246.916,1180.708,4231.333,1.291
847.125,797.541,3762.125,1.500
661.375,621.417,3095.917,1.209
969.541,922.625,3709.375,1.209
1585.417,1500.625,45161.709,1.167
1771.833,1692.125,8639.417,7327.625
796.416,749.750,2211.375,2.958
1583.583,1498.500,4676.792,2.166
1191.875,1126.667,7226.208,1.417
378.833,346.250,3415.500,1.250
1278.250,1220.250,6380.375,1.375
1750.834,1697.875,15712.250,12949.250
909.958,878.042,6601.208,2.708
1113.875,1069.833,3583.750,1.708
1165.625,0.333,5286.084,1.375
812.000,780.958,6927.667,1.334
758.625,721.625,2876.917,1.250
1178.125,1128.458,2872.333,2471.667
536.458,511.250,3309.291,2.583
785.333,753.042,4838.792,1.708
600.583,564.208,4072.750,1.375
1099.292,0.375,3594.542,1.333
984.583,936.333,3858.041,1.375
950.042,919.375,2323.375,1.209
1458.875,1429.750,3741.917,1.250
1995.750,0.292,5995.666,4977.333
1404.125,1391.542,4123.000,3223.958
1001.291,0.250,2729.584,2.500
2010.792,1987.708,7078.291,1.792
1393.208,1382.542,4892.875,4588.708
1587.917,1552.541,17754.542,2.750
807.167,0.333,20350.125,1.750
1426.167,1407.916,11059.042,1.375
946.917,911.541,3060.083,2.333
1309.541,1307.500,14692.542,1.333
735.292,705.625,3803.583,1.208
1171.708,1130.166,3636.583,1.208
828.000,0.291,4751.375,1.292
889.500,0.167,3173.208,1.208
812.833,786.625,3798.875,1.166
1357.667,1336.708,241304.792,1.209
755.458,723.792,3934.625,1.250
706.792,671.125,3741.750,1.209
930.792,906.208,3670.667,1.209
1635.167,1609.000,7388.708,5330.500
778.625,759.208,3241.750,2.625
1223.000,1169.959,9791.833,1.667
1124.125,1064.291,4864.708,1.375
1035.791,987.125,3477.750,1.333
1424.000,1404.709,4449.042,1.333
631.791,596.292,2328.000,1.292
1440.375,0.334,4958.666,1.292
1104.791,1062.958,3611.459,2437.042
1155.291,1120.916,16651.167,3.416
780.166,754.333,3287.500,1.584
1451.041,1419.834,15746.334,8554.291
1159.583,1127.584,3116.834,2538.167
1013.750,989.000,3874.334,2.584
1553.042,1523.292,7998.375,1.542
799.625,782.333,2636.459,1.417
1249.000,1224.375,5348.250,1.375
964.750,930.042,2911.500,1.250
1150.959,1109.792,6795.792,5414.250
1156.584,1131.500,604496.083,2.750
974.209,947.458,3859.708,1.750
824.250,0.250,7443.584,1.750
1157.833,1127.625,3307.500,1.417
1120.542,1135.041,12681.625,1.292
875.417,878.916,5452.875,1.250
909.583,907.459,4161.334,1.292
1045.000,1055.417,14904.000,2033.917
891.750,872.584,6781.666,2.333
1595.334,0.333,5211.458,2980.500
1223.250,1227.416,44221.541,2104.041
979.375,977.125,15777.292,2.375
1012.917,0.292,7169.459,1.708
2056.709,2090.916,71909.167,5745.041
967.667,969.042,9882.459,2.500
1131.416,1146.667,14172.250,2565.917
1448.959,1462.292,10336.208,2559.333
1236.459,1238.625,4174.583,2631.500
1131.750,1139.334,4524.084,3309.834
682.458,674.250,2549.042,2.708
983.625,990.541,4375.833,1.709
1464.042,1497.958,12402.125,1.333
1362.625,1375.542,3331.875,1.417
668.750,654.958,2300.333,1.209
1045.583,1056.125,3909.958,1.292
1148.459,0.292,3401.416,1.209
1896.625,1933.666,30389.583,3638.875
473.250,0.250,134870.583,2.500
507.334,499.667,7255.291,1.750
1649.917,0.250,4343.084,3961.042
1656.084,1690.042,34320.417,2427.500
949.125,943.792,6282.416,2.458
1627.625,1659.500,8554.041,3340.291
1365.084,1381.708,9365.375,6923.542
1513.708,1544.084,5623.583,2.792
1726.000,1761.709,18847.584,13947.209
1396.000,1410.666,7670.042,3.250
996.125,1005.417,3216.084,1.625
938.125,0.291,3162.000,1.375
951.167,944.042,3400.834,1.333
939.041,938.000,3449.958,1.250
1405.333,1418.542,3957.042,3216.125
1221.833,0.250,3956.791,3244.417
855.083,842.458,3429.750,2.625
892.917,879.375,5506.666,1.583
2062.333,2108.708,6956.916,5243.875
1379.667,1413.625,3078.750,2559.625
515.917,501.625,2754.708,2.750
817.667,820.250,3732.916,1.792
604.417,589.208,3050.250,1.375
848.083,851.959,6751.875,1.458
1502.083,0.292,8804.209,4145.333
908.625,910.000,8397.834,2.542
1534.000,1562.834,5899.375,3375.750
831.334,837.500,23527.583,2.625
1384.625,1395.917,10462.833,3061.875
396.208,0.291,5672.875,2.458
1084.209,1077.875,7515.750,1.709
1001.042,1007.209,5801.250,1.416
1167.042,1178.125,7375.791,1.291
1059.958,1064.083,7472.625,1.333
1003.459,1003.750,8028.667,1.167
421.750,401.709,4619.000,1.250
816.792,798.542,6551.083,1.250
760.958,0.292,3956.584,1.208
914.791,913.041,4706.334,1.250
776.042,772.209,4979.750,1.209
1500.875,1522.959,8270.459,3208.209
651.583,642.791,5698.000,2.375
972.750,976.542,7311.042,1.625
1471.084,1492.416,7658.292,1.417
1088.542,1103.708,6427.916,1.292
854.542,855.750,3056.625,1.250
1418.750,1436.625,3885.250,3332.958
936.333,0.250,4512.333,2.583
1463.209,1482.500,7937.667,1.625
898.250,897.041,4713.667,1.500
528.375,526.334,2645.375,1.292
695.125,687.208,2311.083,1.250
1848.291,1897.875,6703.208,5680.583
1908.167,2001.417,55781.583,37264.667
1848.625,1895.125,259442.584,4131.375
847.000,847.791,5899.833,3.041
901.792,0.500,3219.083,1.709
640.125,0.250,3665.375,1.334
1010.000,1027.500,6528.041,1.292
512.708,506.292,3505.125,1.292
1163.833,1170.167,8769.375,1.250
1698.208,1734.458,54370.500,4467.708
663.541,0.292,2633.583,2.750
1871.583,1919.916,5173.334,3659.375
783.625,793.250,6160.375,2.542
720.542,717.417,6452.042,1.750
1125.167,0.292,5832.750,2907.166
2370.667,2466.833,73085.458,3926.167
880.208,873.167,7495.416,2.417
700.375,686.417,4878.000,1.709
873.667,877.625,9561.125,1.375
1067.125,1070.083,7893.583,1.458
717.125,711.875,4784.250,1.208
1572.333,1606.625,10038.791,1.292
1043.708,0.291,16059.583,1.250
1689.667,1719.584,16367.500,8030.083
1110.291,0.250,4264.250,2.750
1317.000,0.208,5071.709,1.584
1290.917,1313.250,4396.042,1.459
798.167,803.084,7278.583,1.250
1180.292,1196.708,8392.334,2961.541
560.500,539.167,7686.042,2.666
999.916,1005.583,7017.375,1.625
837.125,874.791,8588.083,1.500
975.292,997.541,3840.542,2809.208
660.333,654.834,2537.292,2.500
939.375,0.417,3082.542,1.708
2273.625,2322.083,11712.167,10011.542
994.083,0.917,2698.083,3.208
1203.042,1224.208,10778.625,6024.541
813.500,0.292,3170.875,2.625
2163.375,2238.500,30838.917,5405.542
1273.541,0.417,5510.250,2.458
1238.792,0.250,14417.750,1.750
763.000,761.042,2278.500,1.333
948.083,935.166,3331.583,1.542
1423.125,1423.625,5502.083,4443.042
844.041,837.375,3087.041,2.708
1277.792,1273.292,11421.000,1.625
488.958,0.208,1975.458,1.416
931.292,919.541,43040.167,1.291
1282.875,1253.417,7406.000,4121.583
1186.209,1153.083,9773.000,2.667
1514.625,1484.750,17317.792,1.750
1384.833,1348.666,27561.875,24077.875
593.917,0.250,4545.541,4.000
919.458,896.583,7656.041,7679.375
756.084,736.042,2144.292,4.500
559.833,530.875,2877.708,1.750
1044.541,1014.000,5694.500,1.459
886.916,858.791,2852.708,1.250
987.250,0.291,2865.625,1.417
1588.125,1563.458,5122.250,3457.834
980.417,956.667,5224.291,2.875
772.667,0.250,6589.125,1.708
1487.250,1443.000,3587.833,3062.333
1127.333,1095.583,8919.083,2.791
1089.208,1058.125,3467.708,1.667
959.167,931.209,4220.542,1.375
1735.625,1698.666,37337.459,2836.750
751.458,720.625,2451.000,2.208
1325.000,0.291,6774.750,1.500
1619.209,1588.167,4369.750,3926.333
613.750,590.209,6974.000,2.542
697.125,665.250,2860.625,1.500
778.459,0.250,2467.750,1.292
1529.208,1501.416,34569.417,2651.625
1872.083,0.333,7487.375,7627.500
1282.458,1260.750,3950.541,2.917
913.709,0.208,4042.583,1.709
1104.125,1076.625,2507.084,1.542
1366.292,1339.208,24924.750,1.375
1359.375,0.209,4901.125,1.333
741.917,715.333,3828.333,1.291
640.666,605.625,3091.834,1.208
1397.959,0.208,7526.708,1.250
1094.250,0.167,7724.458,1.167
1448.291,1402.875,12195.250,1.209
1472.375,1426.333,8841.625,3646.500
1429.042,0.333,36809.417,2762.709
664.167,634.958,4875.000,2.416
924.417,889.583,8440.083,1.708
1079.000,0.250,10534.292,1.333
937.958,906.416,15118.375,1.417
426.209,395.625,7254.750,1.375
1477.584,1440.958,120852.209,3409.667
1131.417,1102.708,6593.000,2.459
924.000,893.833,5648.750,1.500
1753.667,1731.917,4656.541,3057.667
730.042,691.500,3447.459,2.583
724.292,695.042,3676.125,1.500
1113.833,1085.750,3736.250,1.417
1460.250,1428.417,4358.583,1.375
1506.916,1458.750,5330.292,3936.917
1115.625,1084.750,5304.416,2695.333
1220.708,1196.458,5533.000,2.625
1028.292,0.250,3813.708,1.791
1316.750,1279.000,4271.666,1.333
806.000,0.250,2212.458,1.208
1489.084,1441.333,5577.917,1.708
1034.750,1010.000,3054.166,1.292
618.417,588.291,3414.708,1.250
1536.334,1511.125,3841.000,2946.667
1219.583,0.291,6988.375,2.542
1621.208,1566.416,7604.625,1.666
1621.417,1593.125,41428.875,14964.167
1242.083,1224.000,3072.542,2.583
1240.834,1198.250,5840.333,1.834
995.875,973.792,4274.917,1.458
1099.000,1071.083,4834.375,4799.708
1321.292,1280.792,9337.542,8857.042
310.541,284.333,4527.416,2.750
2047.334,0.292,4540.250,4414.958
1301.417,0.208,2641.167,2616.500
1344.291,1312.208,4584.083,3853.750
1435.792,1411.208,4858.917,2.875
705.792,677.667,2188.292,1.709
883.292,858.958,2830.833,1.292
1465.042,1436.750,3728.875,3616.083
846.500,825.709,3105.375,2.625
1009.833,0.250,2765.833,2750.833
604.417,582.458,4817.875,2.625
1844.958,1813.084,10883.250,10616.459
1085.417,1069.667,4305.167,4146.875
1017.333,0.417,4281.459,2.667
731.167,707.583,4629.375,1.625
1146.542,0.250,23127.666,1.542
1183.375,0.167,3352.250,1.375
1287.708,1263.750,7879.584,8387.208
1150.625,1129.125,2563.417,2.708
2088.334,2055.292,9144.458,6498.875
1379.292,0.292,4229.125,4115.250
1117.333,1106.917,2712.833,2.667
596.084,580.417,3015.042,1.625
1149.291,1125.166,3802.583,3328.959
1023.250,991.792,3304.959,2.500
969.000,940.500,2874.166,1.666
1021.208,995.791,2453.292,1.542
1107.083,1070.416,5336.250,4799.000
1421.417,1390.625,2966.375,2.791
862.625,831.291,3215.292,1.750
939.209,913.042,3573.250,1.417
1537.000,1511.792,4654.167,1.292
1055.708,1024.917,2997.625,2681.750
1562.833,1536.083,6420.208,2.500
1390.792,1380.083,7266.625,1.667
995.584,956.458,5978.083,1.375
1528.166,1507.167,5088.083,2795.083
1198.708,1184.375,262619.500,2.459
1568.875,0.250,3670.709,1.667
1415.042,0.250,4646.834,1.416
1525.917,1478.958,5937.291,1.333
1347.958,1321.416,4985.500,3798.125
2150.000,2125.833,7208.583,4389.541
1295.167,1268.125,6563.834,3167.250
745.584,0.250,3052.958,2.542
753.750,729.750,2961.667,1.625
1854.750,1839.125,41152.667,25596.459
553.208,530.958,3709.833,4.291
1108.042,1077.250,3776.792,1.917
1229.000,1209.917,3345.375,1.417
1237.833,1213.708,4541.542,1.417
1023.875,0.250,2768.000,2893.791
1298.708,1291.834,17514.458,6267.875
1314.750,0.291,5192.250,3777.833
921.375,896.500,6434.666,2.667
906.000,885.917,188230.167,1.500
627.209,606.292,7039.791,1.625
1161.541,1132.458,12429.166,1.375
1273.125,1252.208,11454.000,1.292
870.625,843.958,15579.042,1.250
881.459,862.042,11220.667,1.500
1252.375,1237.583,6982.250,1.250
1441.250,1438.667,21331.958,7572.458
734.792,708.666,8881.708,2.791
1530.041,0.333,3643.916,2744.209
983.791,946.750,4653.708,2.500
1587.750,1563.125,9974.875,7086.375
870.333,829.041,3144.458,2185.083
942.666,919.000,3532.125,2.583
934.875,910.708,8774.625,1.708
968.167,935.791,18900.708,12250.750
2065.708,2064.541,86488.208,3187.666
685.458,651.291,3402.875,2.709
466.875,431.375,3860.416,1.708
1008.500,0.250,2741.167,2390.250
1617.625,1579.792,4760.791,3894.042
2023.375,1990.792,15352.000,14792.458
1410.917,0.250,4586.042,3520.292
1331.041,1295.000,2814.000,2.708
1161.125,1132.000,3722.500,1.917
995.083,953.917,3057.083,1.333
1612.041,1583.708,5952.166,1.334
1177.709,1151.209,3000.792,1.292
972.208,941.417,2739.250,1.292
1442.333,1423.500,3545.292,3084.291
563.584,535.541,4454.750,2.459
851.042,0.250,2857.250,1.583
1034.458,1010.541,4511.708,1.500
1789.459,1761.416,27069.833,2524.209
1427.708,1399.125,5772.250,2378.417
853.125,819.791,4838.125,2.500
1856.417,1803.208,5151.708,4188.208
1251.875,1212.500,3602.083,2.542
699.750,670.125,2906.208,1.709
1368.875,0.250,6921.583,1.333
934.500,896.042,4045.750,1.417
627.583,580.250,5210.375,1.250
911.792,859.583,3464.958,1.291
922.583,861.750,4130.000,1.250
1096.375,1020.292,11206.792,9814.375
1805.583,1729.000,6115.125,2.875
814.042,753.375,3401.875,1.500
371.542,343.333,4396.667,1.583
1139.750,1130.500,16326.583,1.208
1194.208,0.292,3505.416,1.333
1066.291,1042.833,3575.083,1.292
1722.375,1697.667,20676.542,3049.083
955.250,937.750,3385.750,2.292
843.792,804.583,4089.291,1.708
1614.959,0.291,25695.916,2612.917
1048.500,1007.916,11930.750,2.334
819.708,762.584,2998.166,1.500
564.667,527.875,2494.333,1.500
1591.917,1518.959,5689.000,4830.875
509.666,0.291,2266.833,3.042
2047.834,0.250,13973.291,11514.417
797.750,0.167,3211.500,3.458
928.417,0.167,2933.458,2437.834
1396.667,1347.500,43852.541,2.584
713.500,672.167,4387.500,1.833
969.500,917.084,4340.709,1.417
1078.625,1012.500,4246.125,1.333
1113.584,1051.708,4372.875,1.250
1052.917,985.042,2444.083,1.375
770.625,715.209,2375.250,2.000
1016.000,958.500,3544.083,1.250
819.667,757.500,2887.917,1.250
1387.542,0.292,5093.000,3631.500
1018.083,954.375,3468.250,2.500
1776.417,1700.833,8393.625,1.708
1248.000,1167.709,5061.167,3559.833
1106.750,1044.125,4684.916,2.584
1637.667,1580.375,5559.584,1.625
786.916,736.750,2807.625,1.417
1617.959,1521.000,6612.791,4924.875
1454.042,0.291,4771.250,2.459
1631.625,1545.208,12836.250,11399.542
1078.792,1019.541,3002.667,2744.250
1591.625,1495.583,4042.542,2.708
802.208,750.459,2204.292,1.791
1031.083,0.750,2751.333,2468.000
600.458,551.708,2969.916,2.541
1129.417,1077.208,2780.166,2461.167
583.083,551.541,3418.833,2.500
1942.250,1879.167,14043.583,10329.958
1086.084,1037.791,2685.125,2.834
1615.583,1573.834,13826.333,1.708
851.000,804.500,3347.250,1.417
1666.041,1606.584,4110.250,3234.417
1046.500,1014.709,3345.958,2644.750
1292.375,1262.459,4356.000,2.542
979.708,943.125,5680.416,1.792
1543.042,1514.875,4688.250,1.416
1061.792,0.333,66493.458,1.292
1308.667,1299.459,6702.458,1.209
1065.458,1038.750,3377.250,1.291
1516.167,0.333,3262.584,2669.583
994.875,938.042,4852.792,3075.500
1779.000,1689.584,5675.792,4312.666
2636.334,2514.666,44578.000,4110.834
1549.750,0.334,12350.500,2.458
690.292,656.291,2492.042,1.666
901.458,858.125,4797.000,1.583
2153.416,2063.000,6674.750,6328.959
1656.667,0.250,4171.375,2.750
1036.958,974.375,2612.667,1.583
1757.125,1655.917,4442.542,4271.958
1607.916,0.292,4217.708,3826.125
2278.542,2199.917,9899.333,4998.125
866.792,836.916,2863.000,2.667
1148.458,1102.375,4003.792,1.625
1389.375,1314.583,4402.583,1.417
1266.291,1178.459,5718.750,3589.084
1046.333,0.250,2970.417,2.917
1331.000,0.209,4052.583,1.750
973.500,0.208,7908.000,2765.792
830.625,784.542,3511.459,2.375
1125.917,1065.541,2860.000,2884.542
1067.625,1009.667,2472.625,2.542
2047.584,0.208,4835.708,4146.208
1005.250,936.083,4101.750,2.791
903.584,862.209,3973.625,1.750
1032.584,0.250,4380.666,1.375
717.542,680.458,4910.125,1.375
1628.917,1564.208,8136.417,2668.292
1386.916,1345.125,9556.709,2.292
1680.000,1645.583,34405.375,2616.917
1281.542,1242.459,4124.250,3497.333
1245.375,1176.917,3850.792,2.667
1331.000,1255.417,4882.042,3806.708
812.417,767.250,2154.542,2.542
734.042,684.167,2964.875,1.625
1488.250,1398.042,4248.125,2949.208
1510.167,1428.291,12054.208,2.833
866.625,819.750,4182.416,1.667
993.250,936.083,3107.167,1.333
910.709,875.000,4050.583,1.500
1245.875,0.250,3752.209,1.250
1405.584,1369.875,6067.292,1.250
1644.125,1612.916,7755.833,1.417
1302.083,0.292,6839.792,5790.583
1459.291,0.209,10071.042,2.584
716.209,675.750,3582.084,1.542
1164.375,1139.708,4653.792,1.417
1536.666,0.250,4353.250,3849.125
1045.834,1021.709,2654.584,3.167
1342.958,1315.667,3563.292,3347.750
1058.333,0.208,4089.583,3.209
986.958,962.334,2973.917,1.667
1502.333,1469.875,3024.250,1.416
1748.417,0.333,4070.708,4104.500
1798.375,1793.250,5336.000,5515.708
1146.917,1153.083,4005.125,3.875
879.584,885.958,2511.875,1.833
1199.416,1201.041,3735.208,3680.958
804.666,800.542,7379.375,3.042
1234.041,1251.416,5180.792,2.042
429.083,419.000,2389.916,1.875
1190.375,0.250,2566.375,3625.125
1727.334,1753.833,9592.625,10904.208
1423.875,1407.750,3949.708,4485.958
1155.042,1124.375,3791.625,4.000
1060.291,1029.708,6029.917,1912.833
1338.458,1327.875,3703.958,4192.000
827.958,799.625,4312.000,3.084
1252.833,1233.917,3401.500,3796.625
843.250,819.292,22769.083,2.666
852.750,821.542,5529.667,1.667
1033.334,0.291,2143.958,1.667
789.250,0.209,2110.125,1.250
1350.666,1349.958,3449.750,1.292
1839.084,0.292,5122.625,5599.625
1463.292,0.208,4631.500,4725.916
1146.250,1115.917,2373.250,2.750
738.750,712.334,2235.292,1.625
573.167,552.041,3526.459,1.625
1226.542,1210.625,2762.875,1.334
1543.583,0.250,2820.750,2808.750
1054.209,1039.291,4670.834,2.542
1177.959,1158.708,2400.167,2485.500
911.042,0.250,1949.667,2.500
792.000,770.875,2986.875,1.791
1027.833,983.250,3663.250,3651.333
1192.250,1154.083,2967.292,2.500
1489.917,1475.084,8254.292,8454.125
1703.416,1662.166,140370.875,2.708
1065.500,1056.500,4479.208,1.583
903.875,890.833,4119.417,1.291
1067.459,1050.833,2895.292,1.333
1211.334,1182.666,3824.458,1.250
2146.167,2145.084,25104.792,1.166
1006.625,983.708,2801.250,1.375
988.666,959.750,4974.875,1.334
1321.250,1253.500,4134.834,3612.667
653.125,0.250,3634.041,3.000
1941.916,1844.667,34043.875,2487.125
961.250,901.208,2033.750,2.125
1147.916,1085.458,2565.542,1.458
757.791,706.584,1862.500,1.458
1434.209,0.291,4376.250,1.291
861.542,0.208,2707.959,1.417
983.041,932.000,2853.083,2873.917
806.625,755.000,2767.417,2.583
899.792,849.458,2369.291,1.708
672.708,627.916,2032.708,1.417
1610.958,1516.916,6938.166,1.375
1248.833,1185.125,3127.208,2995.959
1230.750,1176.083,3003.709,2833.625
1185.375,1134.750,3311.291,2.375
1332.625,1276.416,10878.125,10928.000
1140.667,1082.792,3063.000,3.083
1645.750,1574.834,3165.417,3159.792
1315.750,1250.583,3547.083,2.417
1562.166,0.333,3576.584,3575.958
987.958,933.917,2054.208,2.666
568.834,535.834,2143.583,1.500
1313.709,1241.792,3307.125,3082.583
814.375,752.625,2591.000,2.459
1208.416,1156.167,4821.875,1.625
1016.625,955.083,3172.250,1.375
979.792,0.291,8016.000,1.417
1060.584,992.958,3848.500,1.333
1895.416,1802.667,4405.750,4132.666
1254.084,1178.958,3077.167,2.417
1180.083,0.250,2649.000,2498.666
1153.167,1093.958,3000.541,2.333
684.209,0.333,2617.167,1.583
1192.500,1134.959,4336.708,1.375
957.042,898.125,2081.916,1.209
1086.459,1045.916,3046.500,1.250
1945.584,0.292,27050.875,2583.042
391.792,350.250,2047.584,2.042
1148.000,0.333,3432.791,3252.042
1087.042,0.250,2468.541,2.292
1943.875,1844.250,7776.375,1.708
1153.958,1089.334,8504.917,1.375
1415.959,0.292,3268.875,1.292
894.042,842.959,3171.250,1.292
1435.250,1341.542,4673.333,3536.500
1009.125,950.417,2577.125,2.417
1211.250,1158.708,3721.959,1.791
1657.916,1562.458,2745.417,2768.584
1090.333,0.291,2261.084,2.375
1193.667,1129.125,2655.250,2719.083
1099.125,1029.334,5548.125,2.416
1655.292,1584.250,5042.458,2341.167
684.292,641.000,2102.959,1.959
1503.166,1421.333,3359.041,3372.375
1062.666,1005.666,3053.542,3194.875
1511.333,1441.416,3061.959,3198.541
1247.583,0.291,2508.834,2.541
933.792,884.417,14723.583,1.583
775.959,725.000,1887.667,2025.666
1792.916,1706.625,15270.250,2.542
479.583,0.333,2098.041,1.750
1722.875,1664.916,8077.959,2922.708
1733.542,1637.709,35288.208,2504.250
530.083,492.583,1038757.334,2.208
1231.542,0.292,4650.375,1.625
765.917,709.458,2749.417,1.292
814.083,767.542,5064.666,1.250
967.583,919.292,2793.208,2592.458
2035.500,0.292,16174.917,14584.833
1021.000,958.292,5191.958,2.584
1638.792,0.250,25669.167,3152.458
616.500,0.208,11472.375,2.292
1621.709,0.250,3582.500,2906.000
819.000,770.458,2268.417,2.500
1642.291,1554.209,4331.417,3549.041
1493.458,1417.292,4153.291,2.542
1197.291,1121.375,3233.834,2798.167
891.292,831.250,2683.125,2.583
1168.792,0.334,6710.084,1.667
1663.792,0.250,7685.208,3840.917
1644.334,1640.875,12421.125,6176.792
725.584,723.125,2519.917,2.625
774.167,770.333,3036.250,1.500
828.375,798.083,3665.166,1.500
1414.625,1348.666,10749.667,1.291
1160.084,1106.833,5102.500,1.291
946.042,886.625,3856.750,1.333
1248.875,1191.917,3015.917,2524.375
1438.125,1366.958,4799.667,2.500
1002.750,948.500,5886.333,5216.000
1424.000,1374.750,2996.084,2629.375
1374.000,1332.667,22949.125,2431.541
1072.500,1037.458,2455.583,2.542
1187.875,0.375,3810.708,3815.000
1540.334,1456.209,5767.709,2332.666
1190.125,1121.000,9091.625,2.416
1485.333,1400.333,4534.125,3115.750
1163.167,0.250,8506.166,2.666
962.542,905.000,2660.250,1.625
1205.166,1135.416,5005.292,1.500
955.792,0.250,2607.042,1.291
1584.709,0.208,5299.916,1.291
1709.917,1613.792,3366.333,3333.166
434.000,399.083,2818.125,2.458
1101.500,1043.417,4489.708,1.709
594.542,555.250,2013.292,1.417
310.750,277.042,1264.125,1.208
2132.125,2009.291,3002.041,3013.042
1727.250,1641.208,10526.083,2.458
1273.958,1194.833,2571.917,1.417
695.459,653.875,2001.583,1.417
1790.959,1699.708,6126.250,1.292
1803.959,1722.375,7102.667,6305.833
1271.500,1194.417,6002.833,2.458
514.333,498.042,2013.167,1.667
1511.417,1444.042,3915.333,3631.750
1447.500,0.292,3954.834,3395.458
807.625,0.250,2430.750,2.459
1191.292,0.209,3587.042,1.791
1063.708,1016.333,2694.250,1.375
1316.708,0.250,26305.083,1.333
1581.416,1504.042,3830.833,3536.250
1238.708,1183.375,3845.458,3763.500
682.583,636.958,3152.375,2.542
1283.209,1228.625,7691.542,2690.292
1677.375,1584.042,14234.167,12751.708
2182.875,2073.667,9486.500,9351.000
1017.667,952.541,2547.292,2.917
1096.833,1017.291,2663.500,1.750
1331.708,1256.875,2936.166,3019.000
659.959,615.291,2342.250,2.708
839.208,786.500,2299.208,1.625
1581.459,1500.750,4903.958,1.458
1460.417,1388.458,28809.125,6034.375
1696.209,1610.042,4450.750,3397.958
1111.667,0.250,3618.083,2.542
995.000,951.708,2434.334,2382.459
1408.042,1324.250,4169.292,2.667
1672.292,0.209,8821.125,1.666
1668.167,1592.333,4043.917,1.375
663.916,622.416,3622.750,1.417
1359.250,1283.292,5271.750,1.291
1045.917,984.666,2960.708,2981.292
885.250,829.625,7779.167,2.458
862.333,818.166,2725.166,1.708
999.000,957.750,3813.667,1.500
1738.250,1688.042,3916.750,1.375
1860.709,1844.542,4338.583,3313.500
525.416,488.083,2725.792,2.625
846.167,804.917,2300.792,1.750
2029.375,1995.875,22157.000,18215.667
800.542,0.458,2737.500,4.042
1511.959,1491.166,4126.375,3582.250
1492.167,0.250,4140.625,3734.833
999.375,945.375,2539.958,2405.917
1962.417,1876.375,18799.875,10976.042
1035.416,979.042,4370.125,2.833
1007.834,958.917,3624.833,1.708
1836.833,0.291,4887.209,4615.667
1144.084,1084.000,5207.458,3.708
437.375,403.750,4442.833,1.625
920.291,0.292,5557.125,1.292
1295.000,1250.875,4541.833,1.500
1327.292,1264.792,4777.000,3489.333
1515.209,1435.750,5276.333,2.375
890.209,847.250,3703.250,1.792
1672.750,1581.166,6375.708,4597.542
1306.875,1253.875,6600.666,2.583
1380.167,1302.542,12716.709,1.709
1165.084,1116.792,5665.375,1.375
1646.084,1608.667,9999.167,1.375
1013.375,981.375,3233.208,1.250
924.542,0.291,2399.917,1.250
1371.000,1322.208,6890.625,1.292
1473.166,1445.042,31248.417,2053.167
1252.584,1223.500,5617.750,2.042
657.708,618.500,3404.541,1.625
718.000,690.916,4619.208,1.459
1124.584,1087.792,5597.959,1.292
1982.875,1944.875,153390.584,5891.708
1325.417,1256.291,4030.792,2.125
1940.125,1841.000,4693.125,3965.042
917.958,865.667,4062.083,2.709
1591.875,1495.834,8274.500,3570.584
962.542,911.792,3844.417,2.459
938.959,0.250,2546.333,1.542
1300.334,1278.500,3537.250,1.375
1055.417,1019.792,3310.834,2820.000
1219.458,1179.291,8989.250,2.625
1116.166,1057.917,4949.917,1.708
1506.292,1428.709,7670.167,1.583
913.292,0.291,6699.333,1.417
1430.709,1352.584,9724.292,4956.292
891.625,829.500,4994.709,2.667
665.917,624.500,7372.416,1.500
1599.708,1575.000,8841.083,1.375
2028.666,1933.000,21286.500,12392.000
2034.041,1914.375,5312.500,3518.750
1151.667,1084.750,4947.917,2.792
978.250,933.500,8438.792,1.875
1477.375,1438.167,7793.667,1.459
689.959,0.292,6272.083,1.375
1432.791,1350.625,7467.583,1.292
1184.083,1117.334,7894.417,1.333
967.375,909.750,11777.250,1.291
1605.375,1526.167,7102.583,1.208
1238.084,1179.334,5587.667,1.417
656.542,0.291,4743.250,1.208
1777.333,1711.750,11209.250,3002.000
963.125,0.250,4059.375,2.375
1181.917,1189.042,7735.542,1.583
1456.125,1509.625,13411.291,7425.250
1835.667,1837.500,8510.542,5352.625
1432.292,1426.500,6423.792,2.709
543.000,513.375,4381.125,1.667
1452.916,1404.917,9156.833,1.375
770.792,743.542,65988.250,2783.875
1816.750,0.417,16532.041,8817.459
1006.875,974.625,6236.125,2.833
1544.417,1573.875,14483.625,2136.542
1943.709,1925.834,1383320.125,7103.875
767.583,0.375,9590.667,2.708
1573.458,1552.500,13335.791,4850.209
1458.708,1458.833,18486.792,2.792
1631.583,1579.250,16585.500,1.584
1641.000,0.292,53145.875,15246.958
846.584,829.166,3404.292,3.458
1315.792,1301.917,5463.459,1.792
781.625,760.292,4062.791,1.375
1789.584,1751.125,49622.791,3512.584
1143.750,1126.042,17237.125,2.500
1126.542,1104.958,12508.084,1.666
793.583,767.334,10335.750,1.417
1658.167,0.292,10215.500,3696.209
1538.917,1508.667,6165.375,3112.167
1311.834,1289.500,9179.709,2.583
538.958,0.292,5949.000,1.750
824.166,0.208,18095.041,1.625
1678.833,1640.792,9119.209,3502.875
1296.958,1307.250,5987.792,2.667
854.917,0.250,4332.791,1.667
2092.334,2074.666,59259.625,2666.666
1730.750,0.333,5926.333,2.208
1000.083,957.583,89640.917,1.625
601.958,564.417,5062.125,1.500
1013.667,978.625,6345.792,1.458
978.375,0.292,5819.000,1.250
1171.167,1124.709,5960.125,1.292
1455.125,1383.125,13891.458,1.291
1552.208,1485.792,6321.917,1.250
1304.625,0.250,6187.167,1.292
1296.417,1280.333,14343.833,5810.000
1230.667,1222.083,4078.042,2.666
1914.292,1879.084,8856.333,1.625
885.500,867.417,3602.417,1.375
2092.000,2130.375,68356.833,2898.458
1326.167,1342.542,4795.666,2.292
1362.250,0.333,5219.041,2679.875
480.834,451.959,7505.625,3.458
1796.042,1745.250,51809.958,3382.375
1918.125,1888.417,7659.833,3082.542
1378.125,1348.083,3511.667,2965.541
1905.041,1872.625,6693.750,5730.750
1181.958,0.250,4797.375,2.709
1753.167,0.208,9365.333,1.584
1259.958,1261.709,368273.833,1.292
1111.625,1095.833,37694.375,1.708
1097.875,1071.708,7695.958,1.250
2082.375,2063.667,16685.541,9162.834
1355.666,1370.000,4438.209,2.667
504.250,481.208,4285.958,14.875
1136.125,0.500,4718.125,1.542
411.208,392.875,2903.125,1.375
1014.083,1025.541,3560.375,1.334
820.125,818.000,6794.291,1.333
1230.042,1241.375,7214.333,1.250
1778.708,1811.125,5180.000,3813.250
1409.542,0.250,10655.792,7346.042
730.833,731.291,3450.750,2.667
1473.916,0.291,3997.333,1.542
398.375,379.708,2118.375,1.375
636.625,0.292,3351.041,1.417
993.333,0.167,14231.208,1.250
762.750,0.208,2919.417,1989.583
1639.208,1667.667,37607.042,2832.500
510.333,497.083,2773.292,2.375
2417.250,2489.208,9707.750,6647.584
1463.500,1486.666,4681.500,3510.416
1301.833,1330.750,4332.459,2640.333
935.208,0.291,3918.084,2.666
1462.708,1492.000,33847.292,15499.875
1628.333,1676.166,73709.333,3408.666
880.750,881.959,14748.500,2.667
925.708,914.625,5925.708,1.459
1104.500,1091.666,7763.500,1.500
770.292,0.291,6556.333,1.292
1210.083,1204.875,31197.833,1.167
1417.125,1416.709,6404.375,2410.250
734.625,0.291,6411.583,2.375
1697.625,1685.708,12804.625,4142.041
1022.542,999.708,41470.917,2.375
709.958,696.709,6397.750,1.667
1578.167,1619.084,9032.416,3749.709
441.875,433.000,7572.500,2.541
972.167,978.250,7188.750,2632.667
1796.000,1816.792,86419.292,2.417
1234.292,1262.917,10022.792,1.542
730.833,716.000,10494.542,1.542
719.417,709.125,9559.291,1.375
1473.541,0.333,13438.708,1.250
577.250,0.167,6280.417,1.250
916.916,900.708,19250.667,1.167
1201.541,0.250,6407.250,2483.125
876.583,875.041,5866.917,2.458
467.917,0.333,4749.958,1.667
1680.917,1707.208,14630.041,4097.875
1462.541,1505.334,12618.375,5215.166
794.458,782.958,10952.834,2.584
967.875,970.334,5952.292,1.666
1625.459,1670.584,109045.750,2731.041
1264.834,1274.666,9720.750,2.167
1354.292,1357.500,8471.042,1.500
1098.750,1094.708,6906.666,1.458
1273.959,1268.625,16976.917,1.250
866.916,0.334,10591.792,1.292
1107.042,1089.000,8434.583,1.333
911.042,0.334,10344.084,1.250
655.459,646.042,8255.250,1.208
705.084,0.292,7360.417,1.166
398.917,0.125,15316.583,1.167
457.916,438.500,10292.166,1.250
1098.666,1086.417,8520.416,1.250
713.209,684.125,11197.250,1.167
923.792,902.500,6473.916,1.167
1095.625,1079.708,14772.666,1.208
1756.584,1790.750,9686.208,3644.625
1286.125,1295.375,21093.625,6531.500
1328.584,1335.833,18656.292,2.625
1067.250,1077.041,8033.542,1.541
829.708,0.250,10544.667,1.500
1586.792,1572.291,15474.792,4548.791
331.334,308.000,5922.625,2.708
1392.750,1390.709,9534.000,2486.083
1199.833,1203.000,6803.208,2676.834
665.334,654.584,6044.584,2.875
2019.042,0.333,21794.458,9799.667
770.666,755.542,6605.583,3.542
981.917,986.375,7339.750,1.708
1073.709,1094.333,5517.333,2683.250
1036.708,0.333,61202.708,2.875
1134.500,1151.208,15724.333,1.750
844.708,0.250,8989.750,1.375
775.042,773.958,9158.250,1.250
1170.750,1194.791,11079.708,1.292
1347.917,1379.000,10381.167,1.292
1681.708,1571.375,13620.167,1.209
1559.500,1524.583,9122.750,1.167
1274.750,1267.666,5420.875,1.167
922.750,908.292,11170.125,1.167
1816.792,1848.084,22295.292,12532.833
1891.250,1930.416,44467.459,2889.083
1244.709,1229.333,5522.667,2.459
846.375,0.375,5253.916,1.541
1345.750,1346.208,5790.375,3981.750
1504.875,0.292,4370.709,2600.208
920.083,927.583,3695.458,2.666
2011.709,0.291,7534.541,4536.667
1415.875,1427.875,8649.834,4740.750
888.584,880.917,8767.417,2.625
1273.958,0.292,6976.708,1.541
1349.292,1367.958,54349.833,3867.042
1304.083,0.250,5474.416,2.667
1672.875,1699.958,6556.667,4102.916
843.875,839.917,3769.750,2.583
1109.542,1093.875,5100.584,1.750
1105.834,1103.208,6949.416,5302.500
1139.667,0.292,4362.791,2.750
2083.375,2096.875,14569.917,11674.125
1538.916,1514.750,16381.333,9165.500
1228.208,1201.167,4873.041,2.875
1198.250,1185.875,5048.792,1.583
1083.500,1054.458,4856.666,3205.208
1184.209,1166.583,7660.791,2.708
1151.917,1132.000,4142.042,1.708
1376.792,1345.292,16838.500,2571.250
552.667,0.291,2388.500,2.458
1276.417,1300.041,3442.291,2759.667
1168.250,1185.375,3689.375,2.542
1317.667,1337.292,7224.917,1.791
602.417,594.791,15292.792,1.458
1221.292,1245.042,3754.375,1.458
1159.584,1175.875,4910.083,1.333
1039.833,1047.958,9110.791,8012.708
1365.042,1379.708,9803.875,6192.625
1071.917,0.334,2921.375,2227.041
1243.750,1276.833,12258.458,2.750
956.542,958.125,3698.208,1.667
1463.125,1479.791,4173.500,2917.208
988.458,995.500,9346.333,2.708
1068.125,1075.083,3466.000,1.542
1412.166,1439.000,5252.958,3534.708
1090.541,1103.625,3715.958,2.459
1769.292,1798.292,8887.541,6545.166
1672.208,1705.167,38596.333,2.416
1415.417,1441.750,69285.042,3161.667
1409.334,1443.875,258015.500,3701.583
924.375,0.834,15774.333,2.500
1077.458,1083.000,8089.333,3073.083
975.916,0.250,13917.583,2.625
1081.084,1069.959,4785.708,3143.792
2444.458,2454.375,74749.875,3127.625
1768.958,1739.875,61967.958,27935.416
1190.083,0.250,11450.458,3.750
739.541,726.625,16505.833,1.750
1127.125,1139.833,7736.625,1.541
1519.334,0.334,6608.459,3478.916
1760.125,1814.417,5958.541,4261.250
1427.250,1487.584,6613.709,3314.084
1106.875,1125.875,4846.334,2.750
1333.708,1343.541,7773.208,1.750
968.042,947.542,4643.708,1.459
1117.083,1092.500,10335.542,1.209
1243.208,1237.917,5895.250,2586.333
951.583,939.208,6355.750,2.375
875.792,851.417,6129.500,1.750
1171.458,0.375,4245.375,2845.375
665.334,647.250,11404.000,2.583
847.041,0.292,3850.917,2589.875
1414.458,1420.625,8287.250,4414.208
1165.542,1163.333,4240.541,2335.167
459.458,0.292,2809.291,2.625
1027.875,0.250,3856.250,2766.958
409.834,393.417,5777.209,2.584
1345.208,1344.667,7785.417,4796.417
1370.167,1362.125,13903.583,9876.333
1032.417,1028.458,4163.583,2.583
788.750,771.750,2940.083,1.500
938.208,0.292,3289.792,1.583
1092.333,1078.625,3426.583,2680.834
390.000,372.500,4893.583,2.583
523.750,498.292,2386.625,1.667
909.375,879.000,10485.333,1.292
742.417,0.250,3964.833,1.333
1101.958,1093.166,4210.334,1.208
1437.833,1426.666,4555.167,3331.917
1354.500,1337.458,7019.875,2.542
702.458,675.125,5590.959,1.625
833.250,797.541,2409.750,1.334
1379.583,0.250,4300.333,3255.042
674.667,638.125,25971.791,2.500
726.750,693.375,2447.417,1.625
451.042,424.125,2797.041,1.333
1018.250,984.708,3977.542,1.292
1323.792,1304.500,6532.708,1.500
186.167,168.125,2767.500,1.333
1289.000,1289.459,12294.000,7335.583
1175.000,0.292,3681.500,2716.167
1055.667,1040.000,5375.792,2.500
1666.125,1633.042,4842.083,2898.833
1187.958,1163.708,4418.333,2.542
1193.208,1182.042,7200.625,1.625
966.458,954.083,3625.792,1.375
910.875,893.083,4299.333,1.333
1396.625,1375.542,10899.875,6416.334
1529.125,1512.250,62428.167,3534.625
1088.250,0.292,7951.917,2.417
1419.000,1402.916,7484.083,5420.459
1555.958,1520.917,78003.208,14084.125
1633.125,1602.250,7064.958,3.167
740.125,0.250,3244.042,1.750
1207.375,0.208,7452.917,1.666
1004.417,0.167,3300.084,1.417
992.625,971.875,3090.750,1.250
1128.375,0.250,5050.125,1.250
1064.209,0.167,2690.250,1.167
1052.208,1040.583,2828.833,1.167
1617.167,1596.583,6423.834,1.292
1013.250,992.042,3288.583,1.209
1442.208,1434.000,4431.459,3389.000
1082.458,1064.250,7398.083,2.417
506.417,481.167,46434.542,1.792
1569.750,0.291,6449.500,3783.041
1151.458,1127.500,6008.167,2.625
1199.166,1169.333,6952.042,1.709
870.583,847.666,3040.459,1.334
2211.834,2194.500,17359.500,1.375
1239.083,0.291,3425.542,1.292
1129.250,1107.292,4881.291,1.250
1610.667,1611.292,7873.083,1.208
1667.875,1637.125,4895.875,2834.208
928.542,913.083,5063.500,2.459
729.458,697.041,2962.042,2222.375
883.666,855.375,16372.000,2.333
1396.083,1375.125,5914.166,1.458
723.250,0.250,3977.292,1.292
781.958,764.709,3427.666,1.416
1172.083,1160.958,5481.208,1.292
653.917,627.375,2844.875,1.250
1198.375,1174.667,3808.750,1.167
1503.750,1480.916,5300.375,3101.375
733.875,710.542,6069.167,2.417
1016.375,1003.584,10248.583,1.666
1542.125,1515.208,26198.584,1.500
1148.250,1126.500,5405.292,1.375
583.916,561.375,7262.916,1.291
842.917,811.833,4099.875,1.250
674.917,652.583,6074.041,1.208
1303.125,1282.083,6808.000,1.250
1239.125,1218.000,5635.750,3061.042
1647.000,1631.042,17464.417,10229.917
1635.292,1610.625,9594.084,2.750
1198.333,1171.292,8714.917,1978.958
992.084,971.208,5410.708,2.334
1217.500,0.875,4664.083,3401.125
958.084,946.750,7046.333,2.583
1124.208,1094.834,7800.708,1.709
610.000,582.083,2237.916,1.333
1208.208,1186.125,3951.583,1.416
1086.167,0.333,5630.500,1.250
839.000,816.708,2747.709,1.250
1123.209,1097.541,5057.542,1.208
553.625,526.834,2848.042,1.208
1188.791,1161.833,4956.875,1.208
1076.042,1054.333,5586.750,1.250
1061.541,1055.500,8147.000,1.250
760.167,0.291,4058.792,1.250
1080.875,1067.500,5855.375,3117.458
1655.791,1642.291,4599.542,2.500
1044.708,1028.167,3728.125,1.708
1369.958,1349.041,3818.167,2936.708
901.333,893.458,2620.958,2.417
1484.042,1462.542,4415.583,1.625
1240.292,1216.292,3266.708,1.375
819.791,0.541,4853.291,1.250
1089.375,1076.709,7439.167,1.292
1110.542,0.208,5377.250,1.250
884.791,862.917,22465.334,1.333
992.583,968.667,3472.375,1.209
657.292,623.833,2369.792,1.292
1237.625,1221.667,4036.042,1.208
770.000,747.666,6468.000,1.167
1026.416,0.250,4823.666,1.250
977.542,961.000,7876.792,1.167
1308.000,1282.583,4204.666,1.167
317.958,0.292,3322.291,1.125
514.584,490.542,9473.708,1.167
1770.209,1729.709,7208.708,3631.417
960.209,0.250,3506.333,2.583
1329.292,1299.709,9539.292,1.500
1016.917,982.125,19952.166,1.500
1327.292,1310.666,22821.250,1.250
1307.417,1278.125,9650.167,1.250
1465.125,1443.375,7618.500,1.209
1344.458,1304.916,14859.833,1.166
986.167,956.834,5176.625,1.208
934.209,912.083,4924.416,1.250
1557.667,1514.875,7350.792,3085.000
2242.250,2223.750,99721.541,2.375
365.833,344.916,3134.250,1.667
1222.709,1197.667,3868.750,1.500
1384.000,1360.833,5758.875,4141.333
1217.166,0.250,5891.750,2.541
776.917,752.666,3372.416,1.500
1890.792,1875.166,21721.000,1.333
1262.959,1244.209,6993.458,1.250
978.459,953.916,3912.542,1.416
1520.958,1514.000,5647.583,1.417
1270.292,1263.708,5755.292,3943.709
1290.417,1267.250,3372.500,2681.333
880.625,854.584,4260.167,2.834
1924.708,1917.791,14883.583,9297.708
1010.375,0.333,4442.292,2.625
953.666,934.666,5547.542,1.584
764.500,746.000,10825.542,1.541
1260.667,1237.041,10153.875,1.291
1298.000,1284.750,7169.250,1.292
1165.167,1129.459,3169.583,2533.125
899.584,875.792,2824.875,2.458
1106.541,1095.000,2787.666,1.666
1854.333,1818.666,12633.250,1.375
1296.792,1280.041,7456.041,1.250
1127.750,1103.458,4860.916,1.375
1342.791,1327.500,4657.958,1.209
742.000,0.250,4380.459,1.167
716.333,689.417,3162.500,1.292
1445.375,1428.541,5559.750,4780.416
928.250,909.292,6284.333,2.625
945.250,921.209,2998.792,1.625
1199.709,1178.875,2934.708,2433.750
1492.250,1477.666,5787.000,4856.750
1347.083,1318.625,5583.042,2.542
1126.750,1101.209,3177.583,2790.000
838.291,0.291,2693.541,2.625
1949.125,1902.333,85148.084,3652.792
1530.417,1522.750,6493.125,4785.958
643.125,0.250,3549.792,2.500
1010.500,993.958,7480.291,1.667
776.958,749.958,3418.000,1.334
1672.625,1644.166,26618.417,6406.292
1111.500,1088.459,6258.042,2.750
1378.917,1363.417,6166.458,1.667
790.125,760.166,3106.917,1.375
1225.333,1200.542,15206.584,1.375
2136.125,2106.000,8861.292,4833.000
878.250,854.792,5191.583,2.458
738.542,0.292,2670.625,1.708
2124.375,2101.792,18868.167,13310.333
897.750,877.416,5737.583,4.208
1129.042,1090.042,6971.583,1.583
1532.125,1507.834,4044.875,1.583
734.042,710.708,3109.833,1.250
711.083,0.250,2962.208,1.208
1329.916,1307.875,9733.041,4618.042
1093.333,1071.792,9926.459,5952.667
1707.542,1664.875,8985.042,7126.959
584.500,558.125,2796.584,5.125
1209.666,0.292,4723.250,1.834
737.583,709.042,3209.625,1.417
537.625,517.709,3871.292,1.375
847.750,819.125,3550.000,1.291
1562.834,1528.833,8872.792,1.291
881.917,839.500,3623.250,1.167
933.625,0.250,5253.583,1.292
1286.291,1278.208,959628.666,2137.791
855.750,830.916,6177.000,2.833
851.167,830.917,7201.125,1.708
1235.708,1210.084,10626.708,1.416
1169.209,1132.209,6351.834,1.375
1332.958,1305.000,6083.416,1.250
1044.417,1018.583,5619.000,1.250
1164.291,1129.709,7281.041,1.250
1188.875,1174.084,5665.584,1.209
742.333,0.291,10304.958,1.209
1272.834,1233.916,4893.584,1.166
713.292,692.708,6809.416,1.167
990.375,0.292,5331.917,2786.250
935.959,0.208,4219.667,2.708
730.250,703.625,3626.042,1.541
1044.792,1026.292,4530.084,1.500
856.792,822.250,4546.209,1.291
1820.375,1764.791,9168.583,6864.334
1372.292,0.291,8306.791,3032.458
1064.542,1016.208,5581.542,2.792
1071.292,0.291,4151.500,1.666
1002.875,0.166,4746.416,1.375
903.541,881.333,3290.750,1.417
781.625,741.292,7269.375,1.250
776.542,0.333,8878.542,1.208
1443.667,1409.834,11183.250,7315.333
737.208,709.292,3503.750,3.417
1149.458,1114.458,9866.500,1.541
753.792,716.458,6281.083,1.541
1457.625,1400.583,5315.792,1.375
1451.709,0.250,11037.709,5106.333
930.417,897.333,12338.834,3.834
1992.875,1963.083,49083.166,13065.500
831.459,797.875,8511.834,4.625
992.834,962.625,56616.625,1.833
1358.000,1339.333,9309.083,3270.333
821.833,790.834,4624.291,2.583
520.459,0.541,7472.375,1.584
677.792,649.416,3611.166,1.500
1081.334,1050.167,4802.083,2934.542
874.542,858.000,13236.916,2.708
1819.458,1786.833,37243.458,3037.250
1205.500,1181.792,4668.500,2.416
1248.708,0.250,7478.625,2923.084
816.166,0.209,9629.417,2.583
1382.541,0.167,8695.292,1.625
1381.750,1345.416,10206.167,1.542
717.125,691.166,7085.416,1.375
994.917,972.000,6516.167,1.250
759.167,728.208,5500.042,1.333
996.500,963.500,5576.500,1.208
930.667,902.500,4623.375,1.209
1170.541,0.292,5187.458,1.209
1069.209,1035.167,5024.541,1.250
1031.708,1019.125,6402.208,1.208
825.208,794.708,4829.792,1.167
594.750,0.250,5644.167,1.208
1016.333,973.583,4328.458,1.250
1720.917,1688.958,63928.250,3137.708
1406.125,1378.542,52661.583,4407.458
571.542,542.125,5975.084,2.708
1127.791,1105.084,7077.667,1.500
1208.334,1168.750,12573.292,5988.416
1460.417,1441.042,7519.750,2.583
1256.916,1214.042,8579.375,1.458
1039.792,0.292,4602.584,3048.959
1153.334,1123.750,14747.917,2.625
777.167,739.417,4062.250,1.709
1203.458,1181.250,9435.625,1.334
1341.250,1318.541,10279.542,1.375
1220.458,1180.416,9720.875,1.292
726.417,0.292,5248.833,1.709
875.250,852.167,4986.125,1.250
1178.292,1160.000,6364.334,1.250
1608.042,1569.750,19603.584,5993.833
1068.917,1037.750,7188.959,2.708
1236.875,1259.208,13074.875,7500.250
1785.375,2000.125,34571.458,3.500
1009.167,1053.459,5242.375,1.709
974.459,1012.250,8278.208,1.500
704.125,697.709,4959.167,1.333
731.083,0.458,4646.292,1.292
1101.917,1176.708,6503.500,1.208
1830.583,2043.917,17403.334,2950.416
1070.291,1125.750,11049.125,2339.916
1602.375,1673.209,10076.083,3934.958
701.708,712.417,9457.625,2.916
979.875,988.666,8724.208,1.417
827.250,815.667,13292.041,1.458
1319.125,1352.500,7089.375,3027.458
760.500,765.417,9249.708,2.542
1002.167,1007.959,8178.750,1.666
743.833,0.458,7228.291,1.375
973.750,974.834,6978.500,1.333
815.292,815.666,5527.833,1.209
900.875,905.625,4128.375,1.250
428.250,418.958,9369.417,1.167
1403.125,1425.750,18784.541,1.209
1159.709,0.458,6546.791,2550.125
1273.334,1270.834,12359.250,2.375
1382.625,1380.417,8986.625,4792.000
1597.292,1597.208,5076.292,2.541
1327.250,1316.042,35672.625,2706.834
823.375,828.583,6727.042,2.375
803.417,803.416,5267.584,1.542
1222.291,0.333,40325.708,17887.083
1636.459,1704.833,13014.583,6128.250
2047.167,0.417,11429.042,2.958
1362.083,1366.583,12438.292,1.542
2013.542,2091.375,12474.125,5359.208
1947.250,1980.209,12822.416,5921.750
874.291,876.875,14393.791,2.792
1824.625,1899.875,6683.916,1.792
1206.500,1230.417,5867.083,5022.292
1227.125,1243.583,7693.833,2.916
1353.334,1371.625,3842.083,1.625
2481.542,2586.292,36274.959,9016.291
1010.000,1039.459,4312.541,3140.083
806.667,835.083,4058.041,2.750
1350.666,1388.084,49444.792,3864.875
1657.833,1708.750,9278.667,2.625
1397.000,0.333,7970.541,3627.167
1277.667,1291.292,29290.667,2.666
1177.041,1201.209,5499.292,3678.167
1927.083,0.291,13522.042,6195.375
576.750,578.459,6031.708,2.583
1543.834,1588.750,14195.500,3548.875
1325.333,0.292,6049.292,3395.583
1124.458,1138.958,480679.375,2.583
860.791,858.125,3180.875,1.791
884.208,881.875,5219.000,1.334
1180.667,1181.167,33632.500,1.208
1303.833,1325.667,4949.458,1.333
1560.125,0.333,4585.708,3289.125
1092.458,1118.792,4652.500,2.542
879.875,897.167,9739.917,1.917
1059.250,0.333,4701.667,1.375
1116.916,1118.833,4252.500,1.250
1165.000,0.250,7713.583,1.250
1055.375,1064.375,11028.208,5532.375
1265.584,1278.459,5547.708,3338.375
1018.500,0.333,3146.666,2.709
1205.375,1238.417,11688.250,1.667
1047.375,1061.542,4542.875,1.333
1033.417,1049.166,7625.500,1.333
1269.792,1310.833,5700.584,1.209
1210.334,0.333,4040.292,1.209
776.292,0.250,7937.959,1.250
702.875,704.667,4524.167,1.208
1285.333,1302.791,10311.209,1.208
1591.291,1627.792,9453.542,3823.750
1000.208,1014.250,11446.708,2.625
378.875,358.333,3009.500,1.625
1536.625,1588.333,7831.334,1.375
825.917,819.792,6235.625,2791.292
890.959,0.292,5577.958,2.667
566.958,558.875,2980.208,1.709
897.792,914.292,12888.250,1.375
557.333,614.792,4462.292,1.292
787.083,801.042,3931.208,1.458
729.000,728.292,5087.584,1.292
1718.708,1750.917,102154.375,24315.333
1445.459,1442.541,9775.208,4179.875
1283.541,1265.792,7831.292,3.083
1523.500,1528.833,9746.833,3009.833
855.083,832.667,7505.458,2.875
1553.292,1545.583,9824.291,4619.708
1201.584,1166.083,7211.000,2517.333
1673.125,0.584,5490.792,3450.875
1072.000,1045.958,5337.667,2981.750
622.584,608.042,8246.750,2.833
346.375,316.791,4197.000,1.500
772.333,746.666,4521.500,1.333
1315.375,1286.375,8869.042,1.416
1167.000,0.333,6090.583,1.291
1936.167,1926.166,123981.000,11482.542
1451.417,1443.625,10841.708,3.417
1352.750,1314.916,11509.417,3200.291
1101.667,1077.292,12460.667,2.416
811.500,783.917,6256.750,1.625
819.667,791.375,3874.041,1.416
947.958,911.250,5394.083,1.500
1092.375,1087.958,7269.292,1.250
1827.167,0.333,8752.792,3770.750
1447.250,1457.208,24480.500,4364.000
1561.916,1777.750,12855.375,4716.792
1800.334,1966.416,10152.875,4406.000
1530.959,0.917,11883.959,2.667
731.333,739.917,7014.708,1.666
1280.500,1322.709,15779.584,6789.458
2177.292,2296.958,20321.292,9397.584
785.708,779.708,4917.916,5.916
829.958,830.500,5973.417,1.666
1033.958,1022.208,8054.792,1.542
2315.584,0.375,55597.958,4954.250
1629.125,1654.125,10412.875,7.250
2052.792,2105.417,453451.417,232972.167
1080.625,1088.209,8637.417,5.625
1138.750,1161.959,6150.125,1.541
1529.042,0.375,70121.541,4459.667
985.500,994.917,5692.750,2966.125
1102.167,1105.125,5710.750,2.792
1133.959,0.375,7038.041,1.833
1210.375,1226.834,6322.833,3481.084
2075.292,2151.750,327557.667,13035.959
1253.000,1266.834,39932.375,3712.500
1027.292,1021.625,9247.666,2.875
843.958,852.417,6602.250,1.542
646.125,0.375,6102.750,1.625
1172.958,1191.208,10284.875,1.292
1152.417,1166.250,57963.208,1892.125
1706.500,1751.875,11091.209,3949.167
949.917,954.166,4674.541,2.417
1107.125,1117.167,28047.291,17067.167
973.500,993.792,3701.458,3.416
1109.625,1119.958,9825.792,2469.250
1041.750,1052.083,7678.459,2.542
840.833,839.417,8543.917,1.667
1380.666,1402.125,4423.291,2988.667
679.875,674.541,2845.083,2.666
767.042,758.625,3220.541,1.709
552.625,544.625,4938.208,1.375
1354.334,0.375,5452.333,3718.625
904.750,902.333,4511.625,2.666
1187.584,1214.625,3656.959,2434.250
1096.709,1109.709,5454.166,2.584
1033.667,1052.083,7483.084,1.542
1312.916,1308.458,8069.958,3087.875
808.333,805.959,7929.458,2.542
979.166,981.959,6397.917,1.708
1196.042,0.375,4050.417,1.458
1700.125,1742.917,24503.875,3513.500
781.584,778.334,5765.458,2.750
487.208,463.958,6897.750,1.666
1144.084,1149.833,6853.625,2694.167
1115.917,1125.167,8376.500,2.791
1209.000,1231.667,11176.875,4762.209
454.875,0.292,7608.292,3.375
681.125,673.042,8678.500,1.667
856.666,862.000,3971.375,1.375
2067.250,2122.209,9054.750,4537.292
1149.792,1147.208,12366.375,2.875
969.875,992.708,7030.750,1.542
931.583,0.250,5081.291,1.292
1050.000,0.167,10864.292,1.375
1167.833,1183.750,6697.458,3254.875
462.459,439.750,8550.875,2.666
1046.958,0.291,4429.167,1.875
1564.500,1611.042,8313.209,3701.708
1550.125,1584.125,26877.125,2177.250
1213.459,1225.375,7739.125,2.334
1679.916,1619.166,10757.750,6249.500
1553.792,1508.000,8023.542,5185.625
541.833,524.917,6133.250,2.583
887.791,861.500,9073.875,1.666
1489.958,1449.333,8066.792,1.417
1085.542,1064.500,4551.417,1.292
1682.875,0.292,6149.125,1.333
684.125,663.500,7181.708,1.208
1088.084,1045.792,11933.959,1.250
1481.291,0.292,10831.750,6058.583
1123.834,1098.083,5491.875,2.583
357.541,0.292,5189.083,1.708
1286.375,1264.916,5868.334,1.417
748.500,722.000,6505.625,1.292
1697.792,1683.458,8024.000,3995.416
770.792,0.292,4366.959,2.500
1288.042,1262.417,8625.292,1.792
1777.708,1748.834,10286.459,4241.291
1173.041,1156.292,10080.625,2.458
1636.625,1645.792,9262.542,3616.584
688.250,0.250,4693.750,2.500
532.458,519.167,6035.459,1.500
635.334,602.792,3013.291,1.583
2035.333,2020.916,6332.500,3995.416
1368.750,0.334,4260.334,2783.083
1064.709,0.208,25834.375,2.458
1321.334,1284.625,4324.667,2726.584
1315.708,1238.250,6625.500,4550.375
1689.250,1667.291,36833.625,2886.709
1099.167,1082.459,11812.584,2.541
1191.084,1163.167,4769.334,1.541
1184.459,1149.500,11090.125,4507.083
921.500,879.542,51289.250,2.750
1469.167,1455.042,9684.500,4398.375
1473.250,1427.542,5428.458,3279.125
992.667,968.333,3650.916,2.625
1188.333,0.750,10468.667,1.917
743.625,708.000,4597.292,1.375
912.291,893.375,7187.500,1.375
1054.584,1031.334,9805.292,4856.125
1080.916,1065.083,3394.000,2.541
2095.292,2076.792,11678.959,6142.292
1465.667,0.375,41065.042,2.625
1106.958,1054.500,5464.917,1.667
501.375,477.167,5380.625,1.417
1357.959,1331.583,7647.417,1.375
716.834,686.334,2228.000,1.291
1010.000,978.208,4847.291,2427.792
1159.083,1138.542,13901.875,2.417
739.125,0.667,4941.458,1.833
1506.709,0.208,8701.083,5781.250
1421.542,1414.750,7550.250,4947.416
1693.167,1660.750,31293.250,2.583
1888.708,0.333,25365.125,1.792
968.208,947.625,5775.208,1.375
874.750,849.625,5801.000,1.291
1285.959,1228.625,6296.792,1.250
1580.708,1537.166,10859.417,5142.625
1101.833,1072.750,6851.083,2.625
1474.709,1449.083,11919.583,1.667
862.583,824.834,4958.791,1.333
1761.875,0.291,11770.333,5856.167
2493.750,2458.083,35219.333,15811.292
923.541,896.792,8331.041,2.959
606.625,590.125,10651.459,1.583
952.833,930.542,7352.917,1.334
1431.792,1401.500,6407.959,2998.959
528.959,512.875,10709.625,2.542
1330.333,0.291,5537.958,3034.958
1044.250,1029.958,14362.417,2.500
2027.458,2000.167,151347.166,1.709
1747.916,0.291,35180.833,1.334
1171.584,1162.375,9484.041,2597.750
1606.125,1606.833,12380.792,3599.584
691.666,667.500,22975.583,2.500
801.709,781.250,9134.291,1.709
948.042,923.708,10346.208,1.416
893.208,868.125,9260.292,1.208
1480.084,1472.666,25954.416,1.291
1613.083,1579.500,34211.917,4466.583
820.208,800.083,5698.000,2.583
1388.125,1371.333,10833.583,1.666
1287.958,1272.708,5001.000,1.417
1616.292,0.292,6341.375,3192.000
1436.083,1405.500,21782.083,2.500
1113.958,1070.875,10707.334,1.666
756.125,743.208,7366.459,1.375
1560.542,1528.166,9169.333,3353.916
945.334,911.042,7691.042,2.500
834.792,788.500,2369784.834,1.583
893.959,0.250,4401.542,1.292
857.833,822.333,3422.458,1.417
1701.458,1688.583,181282.375,49206.708
908.334,886.583,4473.958,4.583
642.542,624.125,3374.125,1.708
834.417,0.250,4550.291,1.625
1920.583,1892.875,22024.583,3115.750
1051.375,1032.042,5590.000,2.542
1728.167,1688.417,6836.625,4134.750
740.916,717.792,5446.916,2.834
1026.250,1020.542,6359.875,1.708
1033.708,1025.000,4866.959,1.375
845.375,834.000,4135.916,1.250
908.500,887.500,3535.667,1.250
961.250,936.292,3400.625,1.333
1105.375,0.250,3608.833,1.292
949.959,913.084,4104.167,1.208
1119.833,1093.042,6264.709,1.167
934.042,910.209,6706.500,1.250
1465.208,1439.042,4816.834,1.125
1489.125,0.250,6595.667,1.208
740.667,713.792,4638.083,1.209
1145.500,1133.583,4175.375,1.208
1917.167,1912.250,11815.958,6128.167
1405.208,1382.334,4846.083,3218.875
1312.959,0.333,3326.208,2547.417
870.083,853.666,4291.125,2.667
1031.500,1025.250,5968.625,1.791
1038.791,1030.375,5912.708,1.416
1443.166,1419.000,4338.709,1.333
1613.167,1594.792,6563.542,3995.042
1342.791,1339.792,55355.792,2.500
1527.750,1508.292,7352.459,1.584
1066.375,0.292,3475.667,2729.250
884.250,873.292,3687.250,2223.375
2571.833,2568.708,62366.458,3863.125
1263.125,1235.250,6114.625,2.750
409.791,0.292,2734.709,1.750
831.334,813.708,3231.292,1.417
1632.125,0.333,4158.250,3116.500
1758.083,1738.833,18083.917,2.667
764.375,0.292,3467.958,1.833
1337.292,1330.458,4208.708,1.417
864.667,842.458,4460.375,1.334
1442.875,1433.833,20882.292,2488.084
1304.375,0.292,3794.292,2904.875
1420.416,1434.333,9759.916,2.500
1189.542,1184.500,3078.958,1.584
1437.042,1412.000,6419.125,1.416
1151.334,1144.584,7762.583,1.333
658.792,649.375,7062.167,1.250
1574.666,1561.292,5099.042,3971.959
1092.541,1081.125,7690.208,6204.459
1163.459,1157.084,7769.041,2.833
1344.833,1369.666,10461.542,1.750
945.542,972.209,2947.875,1.375
815.792,804.208,2801.750,1.375
1348.750,1330.709,10874.625,1.250
977.875,965.125,3289.833,1.459
890.750,0.458,4392.708,1.333
885.167,868.791,4092.208,1.209
947.125,929.083,3757.916,1.250
1585.208,0.292,38981.417,2499.542
792.750,0.208,3413.500,2.167
1131.125,1111.042,3883.334,1.542
1823.709,1820.333,6142.959,4681.125
1356.208,1330.625,5479.292,2909.541
588.083,563.917,6250.792,2.584
1542.250,1522.458,6574.750,4849.333
1038.500,0.333,5286.375,3730.292
1032.167,1023.333,6141.167,2.625
2050.875,2035.375,14913.791,8398.083
1578.042,1582.541,14545.208,2.709
1040.792,1030.500,10126.584,5953.791
1098.875,0.584,4331.916,2.792
1006.875,1005.667,3613.334,1.625
977.250,0.250,7279.041,1.375
1047.875,1028.666,3317.833,1.292
678.959,659.208,4171.417,1.208
1342.833,1330.875,12495.125,1.208
1158.833,1137.500,4993.917,1.209
1577.125,1573.667,3770.333,3352.250
1608.334,0.375,20380.125,10427.458
668.916,0.208,7089.958,2.708
1146.375,0.167,11778.042,1.542
965.000,937.167,13615.875,1.292
1124.834,1209.500,6260.375,1.250
854.459,906.958,7696.750,1.500
574.416,552.000,9725.000,1.208
141.708,134.000,6973.041,1.375
1626.042,1630.375,6837.042,1.333
1784.542,1808.084,5998.042,3849.458
1544.042,1543.041,19776.458,2.667
1910.083,1902.959,7392.083,1.625
1794.542,1824.250,8579.500,3029.083
651.292,636.625,2206.208,2.250
1511.875,1490.375,41806.250,3196.083
1012.916,1009.458,3667.208,2.250
2237.125,2208.667,19499.250,16640.958
1620.208,1611.291,22922.250,2508.375
1513.750,1498.708,8778.542,8914.208
1046.125,1.625,4110.083,2.791
1517.708,0.208,3455.584,1.584
702.875,677.583,2383.417,1.542
1108.875,1090.250,4646.375,1.250
1350.000,1334.042,3891.875,3750.375
839.292,808.042,2819.792,2.583
924.875,0.250,3037.750,1.625
810.667,798.000,2594.334,2516.959
994.792,981.542,2060.708,2.333
891.000,0.292,2848.167,1.542
984.042,964.458,2850.041,1.291
881.166,0.292,2240.000,1.416
641.417,619.000,3175.666,1.250
1115.834,1086.250,4605.667,1.542
2213.667,2130.416,12432.250,1.250
1118.584,1103.625,4862.458,1.167
1125.292,1110.750,2558.375,2471.042
1193.458,1199.834,2692.666,2.541
1431.458,1419.958,2578.583,2641.125
1065.917,1060.625,20456.541,2.459
1774.500,1753.666,3785.375,1.667
1763.375,1732.792,16111.125,16557.750
1854.541,1754.375,5265.875,5404.791
971.792,919.167,3184.417,2.583
1624.583,1422.833,2884.125,3078.292
1395.875,0.334,3418.541,3599.500
977.334,963.083,2951.458,2.625
1329.167,1346.584,5997.375,1.667
1114.042,1116.667,2981.875,1.375
1666.167,1677.583,7133.792,1.250
1844.292,1860.958,3012.666,3192.666
1312.333,0.375,2822.500,2967.083
885.583,892.500,2049.334,2.417
1374.250,1395.375,4264.166,3579.625
1702.250,1712.792,21523.833,2.750
1558.542,1578.500,3587.083,3630.667
1309.125,1317.416,8116.834,2.584
1500.542,1508.583,3846.167,1.833
1516.959,1503.458,3026.416,3215.500
1420.084,1352.709,2464.875,2.584
750.791,717.167,2131.000,1.583
1018.917,981.584,3395.250,1.542
1035.416,1027.042,2805.000,1.334
1137.708,1104.333,3460.750,3274.167
1361.500,1357.209,3604.750,2.583
1264.459,1220.375,6010.875,1.666
321.125,297.458,1887.917,1.375
1599.125,0.250,7465.042,1.458
1450.042,1455.917,6322.959,1.333
892.875,891.334,2923.750,1.375
1755.833,1755.916,35759.750,3312.792
919.125,919.625,6370.709,2.250
1701.209,1727.041,9958.125,1.542
981.334,985.458,2562.875,1.583
1601.750,1622.875,30445.208,6420.667
1431.125,1461.750,3863.167,2.292
782.334,774.125,4009.541,1.542
1083.292,0.291,2717.875,1.459
978.125,0.209,2222.667,1.292
611.917,599.291,1860.959,1.208
836.125,832.083,13113.291,1.208
1027.958,1023.709,4996.209,1.458
1007.125,1011.167,2424.958,1.250
664.625,0.333,3061.541,1.292
1125.167,1161.459,3442.709,1.209
852.709,844.500,2159.125,1.208
1164.709,1174.750,2748.666,2937.917
1656.417,1715.500,9681.459,9991.417
649.000,639.084,2702.917,2.708
973.625,977.833,2980.625,1.667
1417.417,1434.166,7366.708,1.417
862.917,866.209,101759.250,1.250
654.500,657.166,2081.750,1.208
1959.125,2015.333,13016.250,5569.125
2006.500,2050.958,5935.125,6022.125
961.916,0.291,2291.584,2.542
681.209,696.792,2189.833,1.583
1014.291,0.292,2590.500,2825.041
1707.292,0.208,4646.250,4802.083
1237.208,1257.833,5330.959,3580.375
870.500,870.291,2227.709,2.584
1027.333,1038.791,2413.000,2235.708
1288.375,1275.250,4024.791,2.541
802.167,792.334,2220.208,1.750
1214.125,1219.084,6543.667,1.458
787.750,755.500,2017.500,1.250
1418.125,1398.583,3792.000,3037.833
1470.250,1486.083,4279.708,2.417
1475.750,1516.959,9081.834,1.708
945.542,0.291,3008.625,1.458
1222.000,1248.875,31600.333,1.333
682.916,0.250,3188.791,1.375
1656.125,0.209,4272.916,4439.250
1264.375,1283.000,5000.291,2.542
1593.917,1655.709,54867.708,40742.958
1309.042,1326.125,4781.875,3.916
1313.208,1330.834,2693.959,2890.959
1238.417,1223.292,3476.000,3712.209
845.083,832.083,2016.500,2.834
1506.000,1498.833,5637.500,1.708
949.667,0.375,3504.333,3807.459
854.709,835.167,2604.958,2.833
664.708,652.042,3601.458,1.708
1791.125,1795.459,4282.625,4190.333
1413.666,1448.583,4328.500,4211.333
912.083,0.542,3498.084,2.792
1600.167,1642.083,7743.166,1.500
1101.083,1122.625,5886.958,1.334
1540.334,1575.250,4296.750,1.250
762.209,765.291,3139.500,1.208
1491.875,1536.459,8497.375,2481.000
1190.041,1189.500,6295.875,2.208
1911.250,1978.083,21810.958,4054.417
1544.500,0.292,3991.083,4214.209
1000.875,1018.334,8168.667,2.791
1175.875,1176.208,3347.208,1.834
375.750,348.792,2859.125,1.417
468.792,449.292,2695.541,1.542
1561.791,1589.458,46183.250,3830.292
996.750,1002.125,3942.458,2.375
2363.208,2428.666,48290.958,6010.625
1458.083,0.333,3176.417,3224.000
980.166,0.208,3911.000,2.750
1473.500,1511.916,5688.125,5617.500
925.750,925.666,2574.000,2.584
1343.292,1352.834,5652.834,1.833
1347.083,1353.458,30649.875,2909.958
1942.083,1970.541,4536.209,4502.500
1834.375,1870.125,42735.958,3560.041
880.125,870.209,2937.208,2.500
1479.000,1515.750,3935.125,1.542
1831.250,1785.334,3181.917,3094.625
1285.792,1239.667,3331.916,2.542
1656.667,1641.584,4721.459,1.625
734.917,697.875,1992.084,1.375
820.166,767.958,2268.666,1.500
1260.625,1217.584,3210.875,1.250
1142.958,1106.083,2968.458,1.291
1332.500,1336.041,3459.458,1.250
868.833,845.417,4975.541,1.291
1019.167,984.208,2628.042,2418.000
823.208,782.291,2649.958,2.334
1088.667,1092.083,3165.458,1.708
1176.958,1154.292,2875.417,1.333
2546.834,2596.416,47441.125,4303.833
1143.333,1091.209,3049.000,2699.958
1026.250,0.333,2805.708,2.541
772.375,730.625,2588.000,1.583
999.667,0.250,2294.167,1.417
1064.584,966.667,4292.292,1.375
2054.084,2001.625,16964.083,7927.625
1428.000,1414.166,22702.959,2110.375
720.042,709.792,5085.375,2.542
1811.542,1847.875,14486.083,3489.666
1097.250,1101.250,7353.875,3448.792
1779.916,1827.583,13472.084,2.667
1977.084,2017.167,8071.083,3871.875
2021.208,2068.500,31307.084,6346.000
1393.125,1432.292,3261.959,2.708
1103.458,1111.916,39799.000,1.833
1611.458,0.292,27042.375,1.375
2725.834,2696.375,42121.417,7105.417
803.875,807.875,2886.958,2.791
1404.958,1422.625,3954.292,3534.083
996.333,998.291,3376.375,2.666
1430.875,1446.208,3152.792,2598.709
538.708,528.292,2098.917,2.500
949.541,955.042,4308.125,3337.958
702.292,0.250,2235.250,2.667
1128.458,1138.833,9644.583,9336.875
1032.458,1037.834,3930.667,2.792
1558.875,1574.417,6365.000,1.625
1552.958,0.292,62947.750,1.292
1011.875,1015.167,3133.750,1.708
1101.542,1103.667,4758.750,4054.334
1510.500,1517.458,97616.500,3.000
1337.541,1352.583,6949.625,1.667
957.333,955.542,3648.250,1.375
1588.584,1629.500,6737.750,4387.250
1006.875,1020.333,3776.500,2.584
339.542,314.458,2940.875,1.666
1186.083,1191.708,94203.750,1.458
1089.250,0.291,5411.125,1.291
829.625,814.333,3829.375,2793.417
1426.417,1417.083,4788.708,2.542
1182.709,1176.541,3722.083,1.625
953.916,932.833,3500.166,1.416
676.292,0.292,2758.459,1.292
683.625,689.417,2518.709,1.208
548.417,544.792,7210.417,1.333
1212.209,1199.083,4786.459,1.292
904.708,869.792,5172.708,1.250
1214.500,1172.584,3745.250,1.208
967.042,944.500,15292.250,14528.667
737.458,704.500,3037.166,2.917
1344.584,1359.250,3259.917,2834.583
1302.334,1275.292,3125.000,2.666
1986.958,1970.042,6051.584,5400.000
1175.042,1151.958,2737.500,4.000
516.709,501.167,2691.291,1.625
1555.583,0.333,5624.916,4871.333
635.541,619.625,2938.750,2.750
1798.084,1840.083,66616.958,65206.208
1857.083,1906.750,17729.375,18359.125
1462.042,1484.083,140863.292,3.458
881.333,883.208,2726.833,1.667
812.333,817.125,3377.500,1.333
1657.667,1704.791,3418.875,3473.584
1346.917,0.250,3393.917,2.833
1828.292,1892.875,3821.875,3889.000
1775.625,1836.083,10919.834,2.625
2010.666,2034.958,8655.042,1.541
541.250,0.250,2032.792,1.375
807.375,0.208,1733.166,1.333
1712.708,1713.167,35038.958,1.417
1650.375,1630.000,14563.875,1.291
1352.708,0.958,4163.000,1.250
1576.875,1560.042,1336693.167,1.333
977.083,968.959,3265.667,1.291
633.250,618.792,7312.791,1.250
1864.083,1835.667,9684.625,6899.792
1853.000,1836.667,5736.250,4152.833
995.834,972.292,3991.125,2.625
1679.417,1651.042,17122.333,3031.542
1266.625,1237.917,4684.750,2.375
1221.750,1223.416,3140.708,1.667
763.042,0.625,2562.000,1.334
2333.459,2310.417,7597.750,5572.708
1247.250,1234.208,4688.917,2.792
1728.084,1714.500,4565.375,13.167
2305.709,2280.833,9194.625,7052.167
1060.417,1049.917,7658.875,3.125
2138.541,0.500,78863.583,1.667
1823.458,1809.958,7686.333,6949.792
1495.708,1490.000,3305.375,3.083
1040.792,1017.167,3045.459,3121.583
351.917,327.833,1434.500,2.709
972.416,961.708,2492.500,1.750
714.458,702.208,2056.083,1.458
1460.500,1424.334,2922.333,1.333
1241.959,1220.708,3374.334,1.291
1267.167,1243.625,4142.250,1.292
1291.792,1263.250,2445.000,2578.375
1512.208,1486.584,5286.583,5670.667
576.250,553.875,7710.167,2.750
1981.417,1975.250,5439.792,5132.291
1516.834,0.292,3572.208,3625.167
1569.209,1538.958,9761.375,10515.834
1945.084,1912.292,4441.958,4530.208
793.917,0.292,3353.125,2.750
1999.166,1985.541,105290.042,5967.958
1397.459,0.292,4673.708,2.667
874.625,0.167,2579.958,1.625
717.000,709.500,2860.792,1.458
1031.875,1003.334,5021.583,1.250
1320.458,0.291,3015.125,1.250
879.500,849.959,195157.542,1.250
1176.500,0.291,2844.500,1.250
1002.333,984.833,3180.042,1.250
1776.833,1744.458,6179.208,1.167
1107.292,1083.917,5468.584,1.209
1279.542,1276.667,3078.667,1.250
1138.708,1106.500,2787.667,1.292
848.958,889.750,2322.250,2474.459
1381.709,0.292,3304.250,3414.125
837.667,811.958,2182.208,2.500
919.292,890.958,2030.083,1.458
1138.625,1130.167,3523.208,1.292
512.667,478.208,2483.875,1.333
805.833,774.875,2973.250,1.333
1091.042,0.291,2877.458,1.417
701.667,687.500,165064.041,1.250
1132.917,1102.750,5350.208,1.292
1224.375,1197.292,5267.833,1.167
1616.375,1577.292,9874.583,10069.417
1350.875,1322.000,3589.541,3665.792
759.042,731.417,2267.209,2.791
1279.125,1269.167,2860.875,1.750
979.458,0.375,4593.208,1.334
1523.750,1481.958,9518.542,9601.250
1533.750,1519.833,2857.041,3.000
667.584,0.292,2319.417,1.625
938.166,0.167,2484.166,1.250
1418.208,0.167,5325.917,1.291
1481.333,1473.250,12267.709,5079.958
600.083,584.208,4053.833,2.833
793.875,776.959,2436.125,1.666
580.583,567.209,4567.292,1.291
1115.208,1116.708,2693.125,2747.958
1081.833,1052.125,20199.125,2.500
1963.458,1949.625,40497.333,3121.292
1165.250,1140.750,5104.959,2.250
1551.042,1515.459,3257.667,3104.208
1508.250,0.333,6507.292,6025.292
1360.333,0.208,3961.166,2.625
949.875,0.167,2805.417,1.750
724.833,699.750,2073.125,1.375
1216.125,1186.541,2999.292,2828.708
1185.709,1137.375,2980.042,2863.208
727.666,700.500,2522.500,2.541
1055.542,0.292,2527.834,2454.833
1536.417,1456.416,5234.750,5434.083
676.500,652.292,3494.667,2.834
1269.833,1214.209,4553.333,1.875
1025.000,974.125,3055.250,1.458
1127.959,1067.750,3137.208,3269.667
1504.042,1435.541,6129.791,2.666
1134.042,0.250,3232.708,1.750
385.583,364.166,3276.667,1.375
1455.334,1447.000,5301.958,1.375
1003.959,0.250,2640.917,1.250
827.125,800.042,5412.542,1.292
1792.750,1757.333,5285.333,1.250
2037.209,0.292,5865.916,6122.167
854.167,0.167,2619.125,2.709
1012.083,997.625,2952.166,1.667
1367.041,1352.417,3970.833,1.417
759.291,746.875,2617.291,1.334
1771.916,1754.334,3421.792,1.333
1240.375,1238.625,3276.208,1.209
977.000,968.084,2972.084,1.250
1352.167,1361.583,3417.291,3189.625
806.375,813.125,4371.292,2.500
550.542,540.250,3378.166,1.666
1438.958,1451.125,5291.416,1.583
720.542,0.292,3004.125,1.333
937.583,0.250,2360.416,1.250
2058.458,2273.417,9352.041,8061.333
1296.708,1279.042,16865.625,17492.625
774.542,747.625,4239.000,3.042
1453.917,1438.917,4511.417,2474.125
1055.125,1042.125,3535.458,2.375
825.458,790.708,4460.750,1.583
519.500,489.208,2621.000,1.500
1143.166,1123.625,3810.792,1.250
1001.500,978.083,3943.834,3498.709
1185.625,0.292,5372.708,2.459
856.875,824.292,2403.875,1.542
1186.458,0.250,3228.459,2378.958
745.250,0.250,7555.458,2.542
1334.458,0.167,4078.375,1.708
1116.792,1087.042,14957.333,1.417
1749.333,1805.542,9116.708,6851.166
995.292,1396.166,2723.334,2.875
1811.584,1860.750,15585.041,11004.375
1223.500,1292.625,5070.917,2.875
2149.208,2249.958,9050.250,5988.625
1247.250,1254.083,5448.958,1946.667
825.125,797.167,4143.833,2.750
1840.833,1834.667,86697.542,4736.334
519.959,501.125,2968.708,2.459
685.083,667.916,2639.209,1.584
676.208,652.500,15698.750,1.416
1555.625,1569.667,3842.333,2843.750
1047.292,801.666,3965.417,2.542
1134.791,1037.833,3376.209,1.584
1485.250,1368.208,3329.541,2988.833
1229.625,1187.833,3251.250,2.500
1760.750,1714.584,5870.292,1.583
615.542,0.500,4845.375,1.375
702.000,659.375,3089.708,1.250
1186.917,1095.167,2919.625,2646.042
1957.666,1822.334,4940.125,2.459
533.583,0.291,83521.875,1.709
866.042,774.000,3115.625,1.417
538.875,0.291,2577.041,1.416
1381.709,1308.750,8553.333,1.333
992.834,953.542,2642.458,1.250
1461.458,1310.000,4730.542,1.292
2006.375,1867.959,3659.125,3752.166
1993.334,1866.750,7754.584,2.459
1042.250,1008.000,3247.708,1.583
1254.042,1224.125,2253.625,2393.000
1143.791,1104.000,2179.917,2306.875
1643.375,1500.875,3803.500,4018.500
1017.750,981.750,5466.834,2.458
791.333,757.708,3531.458,1.667
661.542,658.042,1982.250,1.416
1978.833,1990.083,65466.791,5495.208
1229.958,1218.125,6342.833,2.167
530.666,495.917,10906.625,1.625
2006.125,1750.375,91948.916,1.416
536.917,485.083,1599.875,1.292
769.916,0.416,2449.750,1.209
1400.958,1333.917,5569.833,1.250
884.333,0.292,2345.292,1.292
1632.791,1903.459,3693.084,3296.083
961.875,942.500,2684.917,2.666
1119.458,0.416,2523.125,1.625
1575.917,1576.792,3761.625,3560.083
985.250,873.333,4682.042,2.375
1165.084,0.292,2519.708,1.500
1090.500,916.959,2933.125,1.417
1333.916,1268.542,3089.750,1.292
1843.625,1786.750,11055.250,10940.167
1228.083,1120.417,2859.791,3.042
1506.042,0.458,6667.459,5955.708
1554.375,1589.042,3977.083,3641.542
936.375,935.833,3644.250,2.583
1335.084,1347.750,3596.500,1.583
724.708,718.541,2202.500,1.375
939.459,0.250,3864.083,1.458
1257.875,0.208,2918.000,1.291
841.458,792.875,3345.042,1.333
1280.709,1162.333,7796.708,8538.958
1523.625,1482.500,29605.250,2.958
1285.291,1258.167,3614.500,2969.083
897.791,868.167,13503.167,2.625
2775.834,2558.750,5538.459,5230.917
1481.709,0.292,4410.583,4209.458
1134.958,1127.042,3714.625,2.583
704.417,669.666,3749.791,1.708
1213.959,1136.083,3112.916,2703.291
1954.208,1866.834,17933.042,2.583
935.709,0.291,2747.709,1.709
1683.542,1636.000,3133.833,1.375
1112.125,1043.625,2535.500,1.333
828.041,785.334,2261.417,1.292
893.125,0.250,3058.042,1.250
2109.917,2030.250,60762.167,1.291
865.625,822.667,2749.917,1.250
2359.166,1971.208,11448.583,11480.625
1031.792,968.625,3380.208,2.542
2338.375,2382.083,27050.750,3019.291
840.667,808.250,3116.833,2.417
1156.667,1125.416,8273.125,1.541
1014.291,0.333,3024.500,1.459
1342.875,1263.875,2322.375,2419.125
827.625,777.792,5799.458,2.625
1170.583,1101.791,2433.333,2549.000
1764.833,1678.750,7546.709,7715.750
1000.041,956.291,3670.167,2.583
1562.792,1518.583,4122.083,4291.667
1516.666,0.250,3003.833,2.667
697.833,656.333,3565.417,1.666
890.125,0.250,4425.625,1.334
2218.334,1991.875,14941.334,3703.000
1327.791,1296.792,2959.167,3062.750
1281.709,1255.375,3379.708,2.500
919.625,867.709,1854.042,1.708
1187.833,1190.500,2779.125,1.458
1285.958,0.291,4207.083,4345.167
1571.959,1605.292,6338.125,5673.834
1063.167,1023.459,2403.667,2299.542
1271.708,1289.916,4806.250,2974.834
1068.584,1070.125,2789.334,2.625
1741.375,1519.167,2544.416,2541.667
658.708,632.000,12274.583,2.541
952.625,949.084,6950.167,1.542
1357.375,1216.041,4098.833,1.375
781.625,657.667,2207.916,1.292
1194.333,932.958,3157.375,1.292
1158.375,0.292,3184.792,1.250
1162.916,0.208,6812.417,1.500
1360.500,1207.042,6593.916,5776.959
1341.625,1326.375,3779.625,2.667
1434.208,1432.166,8652.167,1.542
1183.208,1191.833,6672.083,1.417
1023.500,1043.959,5128.208,1.583
672.875,741.833,3401.625,1.250
1123.083,1149.625,6018.958,5916.334
1169.542,797.458,2379.625,3.000
810.459,745.125,3106.834,1.666
1045.208,983.834,2545.333,1.583
1132.917,1039.167,3674.625,1.333
564.208,521.708,2404.625,1.291
696.208,0.333,2371.500,1.292
1195.708,1105.666,24540.583,1.250
1578.084,1503.583,10314.250,1.292
1049.625,957.541,21327.458,1.292
1502.750,0.333,12422.125,4355.250
1056.000,1018.875,7063.750,2.708
1348.000,1304.958,7469.833,1.750
1115.000,0.292,7302.042,1.375
1072.708,955.875,14267.291,1.375
547.958,517.375,5584.667,1.375
683.042,0.291,6420.917,1.250
2100.875,1913.125,99572.791,2909.375
819.208,789.708,12945.833,2.125
1864.583,1904.042,6523.708,3795.000
1608.541,1608.292,6924.125,2.583
1017.834,1018.292,4698.708,1.541
1590.458,1624.875,14890.667,8191.292
1005.458,0.292,8031.958,2.667
1437.166,1471.333,10910.375,1.625
1119.000,1129.834,5709.291,3506.416
1446.333,1483.792,9183.042,3390.125
1256.208,1285.500,6619.375,2283.792
996.250,1003.459,6319.667,2.541
1204.875,1086.709,9518.375,3619.125
771.833,701.167,5919.916,2.542
563.958,523.083,7600.625,1.708
623.958,0.417,11615.416,1.333
1142.375,1077.833,5235.250,1.458
1470.167,1428.583,12853.125,5859.417
1665.875,1637.292,6491.250,2.667
1311.125,1281.084,4458.375,1.583
1806.000,1778.542,11512.583,1.333
1188.125,1163.833,8518.042,1.291
1618.209,1593.750,7651.583,2385.083
1441.833,1406.667,19689.666,8080.500
1379.875,1359.417,22990.875,6969.375
1034.875,0.292,6696.208,2.750
306.334,271.417,2417.541,1.541
1284.750,1240.292,5956.042,1.375
1796.792,1757.792,11172.666,6510.375
807.166,0.292,3591.334,2.584
1205.708,1182.292,6940.375,1.708
1289.625,1241.291,4736.042,1.417
1157.750,1140.084,4394.583,2758.834
747.167,0.333,4651.917,2.500
1359.959,1346.542,20595.917,1.583
1519.666,1498.750,7744.458,1.417
1818.375,0.375,3921.917,2774.375
137.375,125.042,1666.750,2.500
1048.792,1040.333,4541.708,1.500
1564.125,1546.625,12368.834,1.500
460.333,433.042,8086.584,1.292
1387.584,1374.833,4897.292,1.375
1108.333,0.250,3927.375,1.333
818.500,796.958,3083.625,1.250
724.417,702.250,6363.292,1.209
1452.792,1452.000,7572.291,1.208
1378.875,1345.958,11504.291,8618.333
649.250,0.292,3083.459,2.625
1306.958,1283.625,35281.667,2491.375
1493.250,0.250,4076.166,2.208
1236.167,1219.292,3687.084,1.625
1142.125,1108.291,2103.667,2004.541
1493.459,1462.667,14591.834,2351.250
1231.292,1203.166,8808.208,2.250
1228.000,1197.375,5722.792,2583.084
1610.125,0.292,7625.166,3018.209
769.125,737.042,9331.833,2.500
574.542,0.292,2712.375,1.667
1083.792,1047.083,3366.750,1.458
1905.125,1844.333,8702.292,6372.875
993.084,0.292,3035.417,2233.625
1680.500,1616.000,4440.500,3541.459
676.917,642.209,2510.083,2.500
472.833,440.458,3122.292,1.667
1027.875,1005.000,3850.584,1.417
1748.709,1680.708,7451.958,1.334
1228.750,1188.583,4467.000,2657.917
1390.458,0.292,45047.750,1963.458
1326.750,1288.625,3948.500,2.375
946.375,914.208,3525.916,1.542
1799.708,1754.375,17436.750,15436.917
1603.375,0.291,34316.667,3.250
2039.208,2022.125,5817.375,4814.291
1107.667,0.250,3427.708,2.709
1381.875,1330.834,4688.833,1.583
1889.750,1836.417,23173.667,9060.375
767.292,743.334,2963.875,2.625
890.667,850.916,3424.000,1.709
1365.292,1340.083,4537.625,4566.750
790.084,0.291,2372.833,2.625
808.875,0.250,2230.709,1.667
1239.292,1185.542,3986.666,3861.959
1317.000,0.250,3209.250,2.459
421.000,367.125,1651.750,1.458
1053.417,983.750,6660.958,1.625
1757.750,1701.041,5489.125,1.334
1326.792,0.334,2848.792,2742.500
1673.792,0.250,4843.542,4730.167
726.875,698.375,1859.833,2.667
647.208,609.583,2423.500,1.750
1232.541,1190.333,2290.250,1.375
1048.917,997.917,2472.209,2510.875
922.917,877.334,2258.000,2.667
1959.834,1915.083,5496.542,1.750
1058.833,1010.584,3924.083,1.416
1585.292,1537.084,6135.833,6145.042
1440.625,1315.541,2816.875,2781.792
1349.292,1263.916,2935.334,2.542
1182.708,1129.875,2369.541,2446.042
1317.875,1215.250,2383.375,2449.333
804.042,0.333,2228.542,2.500
1486.875,1454.375,3759.917,1.709
1683.166,1657.750,4518.667,1.500
1490.250,1471.458,4298.708,1.417
1243.000,1195.959,3589.750,1.500
998.583,960.500,2019.584,1.334
1150.083,0.333,2458.208,1.291
970.458,951.125,2722.500,1.333
953.459,935.625,1994.375,1.208
1642.666,1607.667,52335.750,48330.333
885.084,857.291,2691.500,4.167
1279.250,1262.000,4356.334,1.625
1484.375,0.292,5028.583,5215.666
1447.416,0.167,2675.167,2805.250
1616.792,1667.041,6521.417,6606.167
1746.208,0.333,7684.541,2.792
771.292,736.250,2990.542,1.667
1465.500,0.250,3171.292,1.292
1390.625,1337.583,3740.375,1.250
1020.750,0.292,3842.250,1.500
804.500,771.500,4294.167,1.291
678.375,646.417,2550.375,1.166
1135.708,0.292,2226.083,1.291
1295.667,0.208,2622.625,2698.041
628.916,603.125,5533.500,2.458
825.125,804.000,2043.458,1.625
884.708,864.792,3321.250,1.375
1343.542,1310.417,2864.708,1.333
1193.167,1172.667,7937.334,9475.125
1957.333,1944.375,7576.625,6714.291
1164.333,1102.792,3020.125,2.708
1308.708,1308.791,4056.250,1.500
1365.500,1374.375,4547.459,1.417
2509.333,2574.708,11102.625,11317.000
1750.542,1788.292,4110.625,2.666
1006.000,0.291,3786.250,1.791
1041.708,1051.250,4026.708,1.500
1161.417,0.500,5968.709,1.291
619.500,615.500,2543.166,1.250
441.042,421.208,1735.959,1.208
1008.625,1014.292,2748.917,1.292
881.166,886.291,2218.500,1.208
2031.875,2071.417,10375.542,10755.042
1124.416,1144.375,3196.542,2.917
937.750,942.625,5350.291,1.667
1507.625,1503.125,7153.833,1.333
715.625,708.334,2623.750,1.541
718.125,709.875,5175.292,1.292
1826.708,1838.750,50314.584,3161.292
1354.000,1366.125,8191.000,2.292
1414.792,1424.500,3099.583,3159.792
1482.834,1513.083,9024.959,2.500
1133.708,1150.750,5413.792,1.833
679.750,0.333,1716.292,1.458
1251.042,1340.625,3505.500,1.375
1139.583,1170.625,2661.667,1.375
1039.208,1036.042,3160.666,1.333
1204.750,1198.542,15211.750,1.291
1100.000,1146.834,5568.500,1.292
817.917,826.500,4717.459,1.291
1190.875,1225.916,3370.875,1.292
1415.792,1457.125,6517.792,1.250
1440.333,1483.000,6982.375,6946.041
1264.917,1288.666,4337.083,2.541
1320.500,1332.416,4186.833,1.541
909.750,920.833,4247.083,1.500
857.167,848.292,1757.417,1.375
755.375,747.167,2058.541,1.417
2104.375,2127.417,19314.166,1.541
1487.583,1507.459,3538.458,1.250
147.542,140.709,21898.042,1.333
944.792,936.000,3207.875,1.291
1186.833,1163.500,2977.834,3120.542
1038.541,0.500,2879.458,2.458
986.875,960.209,2269.292,1.667
1057.875,1045.708,11652.291,1.375
473.416,455.333,1957.459,1.459
1409.500,1384.334,23498.791,1831.708
1151.333,1184.792,2891.541,2.250
907.334,0.292,93813.125,1.583
1061.666,0.208,4867.667,1.417
895.667,910.833,2382.250,1.292
621.500,601.292,1767.791,1.292
1880.958,1859.542,13326.417,3308.375
839.833,0.250,4942.417,2.167
764.500,750.625,4815.292,1.584
943.083,0.333,2209.542,1.375
1375.959,0.208,2735.292,2787.542
1507.417,1490.833,38179.958,9196.084
841.125,805.000,2414.167,2.667
961.750,942.583,3418.542,1.583
949.209,920.334,25143.333,1.500
856.167,864.750,2453.750,1.292
1561.083,1597.750,20372.084,21405.333
695.000,666.375,2453.625,3.250
1845.125,1884.833,3217.833,3189.583
1246.666,1277.708,5452.458,5368.709
832.708,0.292,2519.958,2.542
1214.833,1226.125,8247.125,1.750
1556.333,1568.791,4273.708,1.542
957.083,948.209,3933.333,1.375
597.083,578.292,11544.583,1.250
1337.541,1322.917,4147.500,1.375
1080.917,1058.541,3814.125,1.250
1922.750,1985.500,3425.000,3471.667
1426.250,1441.458,2725.250,2859.334
944.375,935.625,4733.291,2.458
691.083,692.916,3031.458,1.708
995.958,1009.625,2414.792,1.500
1066.083,1049.541,4274.333,1.333
931.958,921.709,4572.959,4748.375
1122.541,1132.041,2676.250,2.667
1548.750,1591.167,3805.416,4000.375
1665.583,1674.375,6339.666,6580.833
1222.750,1191.833,3646.125,4082.667
1921.458,1917.417,3834.541,4151.000
1374.416,0.334,2746.625,2749.791
2044.750,2034.000,67056.416,6031.834
1223.334,1187.666,3877.500,3609.833
1417.750,1384.375,8132.125,2.625
849.375,831.084,2607.125,1.792
935.084,914.625,4406.083,1.375
1264.375,1238.417,7586.958,1.375
1343.959,1332.958,13419.833,1.250
1197.333,1164.208,4680.584,1.458
1229.209,1195.833,5339.625,5021.500
949.000,942.125,3861.167,2.667
2060.792,2022.584,13814.500,13824.875
1052.750,1040.500,4612.125,3.084
773.416,749.084,2929.625,1.833
1699.125,0.333,2819.959,2881.625
826.291,0.208,2419.458,2.625
1267.875,1269.333,5079.708,1.834
773.584,737.292,4747.334,1.375
598.834,572.917,2118.250,1.334
775.250,750.542,4864.875,1.292
1532.125,0.250,4067.958,4248.125
1312.334,1281.708,2979.875,2.541
1064.250,0.375,4037.042,1.750
1991.792,1966.458,3876.250,4034.208
1316.625,1294.500,3918.541,4140.459
1067.583,1047.833,6299.000,2.459
904.083,901.958,3651.125,1.542
1270.458,1270.959,2753.042,1.500
728.583,703.250,2923.083,1.292
1478.167,1453.875,3861.417,3148.375
793.792,789.125,3243.458,2.500
1618.333,1603.958,25971.791,2703.792
1533.375,1503.125,5873.500,2.458
1325.375,0.250,4794.708,1.583
2148.167,2159.417,45795.083,1.458
956.959,0.250,2878.208,1.250
1122.500,1109.500,3133.000,1.375
1566.875,1605.541,5047.709,4716.708
757.541,751.125,2322.125,2.417
1626.417,0.291,4746.208,4765.875
1540.542,1551.625,22998.875,2628.375
1185.417,1170.834,2109.459,2192.416
939.459,0.292,2627.167,2.500
1124.625,1113.291,4288.084,1.584
653.417,639.375,1867.792,1.542
1373.958,1367.292,3193.125,3194.417
1584.791,1585.208,3538.167,3572.917
938.084,915.500,2617.500,2.625
1550.584,0.625,4078.125,3664.292
1659.459,1640.958,9974.041,9707.750
2323.042,2316.750,8505.208,2.959
967.791,933.208,3253.583,1.792
2140.084,2141.625,18829.875,18292.334
2647.833,2650.584,28640.625,24747.500
1188.583,0.291,3283.875,4.083
1382.958,1376.084,7568.833,1.583
1292.875,1286.834,5564.916,1.458
1448.791,1428.208,3505.459,3242.750
1645.083,0.250,4549.625,3987.000
1540.083,1566.417,4771.458,2.625
1169.583,1186.292,28788.750,3073.042
1281.750,1247.541,82348.250,3362.583
1866.000,1845.250,45053.125,4237.417
1188.083,1170.083,5182.250,3751.000
1548.959,1528.334,5233.375,2.833
1405.500,1392.833,4464.500,4091.250
1022.625,1001.042,3060.500,2.958
1659.833,1647.125,29784.792,2780.459
1761.625,0.291,35192.416,4115.583
1188.292,1158.875,6145.666,2.541
1149.666,1133.166,5945.583,1.667
1098.750,1086.250,3779.708,1.416
2162.167,2196.292,49102.167,3082.458
1785.041,1778.000,28724.041,3141.416
1546.083,1551.042,3592.667,2.500
1434.667,1396.667,5485.334,3777.750
1308.708,1299.083,7337.208,6877.584
937.625,922.167,3230.791,2.917
839.458,0.292,2913.291,1.875
1510.375,0.208,6338.333,1.542
1075.458,0.208,5511.125,1.291
1099.834,1095.250,3498.375,1.333
1506.833,0.292,4627.417,3750.458
908.667,793.125,4892.667,2.708
1188.916,1103.000,2220.834,2353.125
739.417,681.375,4822.708,2.666
914.000,861.542,2974.250,1.792
1101.375,1031.542,2608.875,1.417
1745.792,1674.417,2628.375,2792.000
845.291,0.250,1730.667,2.625
1191.167,1132.959,4741.083,1.791
411.541,382.750,3390.875,1.542
881.666,848.416,7590.167,1.375
613.041,0.250,1717.250,1.333
1259.000,0.209,2434.458,2523.833
1968.958,1900.000,7041.542,6891.833
1516.708,1447.166,19757.875,2215.708
1076.833,0.291,8708.208,2.750
1382.959,1311.500,4238.334,1.666
1291.875,1219.750,2876.833,1.583
1189.416,1121.583,3295.792,3094.959
779.750,740.708,2158.208,2.708
662.625,623.667,11494.708,1.791
1563.834,1472.916,4657.958,4082.750
762.333,717.625,3860.459,2.708
1158.125,1093.583,4475.041,1.833
1743.250,1666.834,5361.291,4843.667
912.167,0.250,3614.083,2.500
741.834,0.167,2350.500,1985.792
1044.583,1012.209,3134.917,2.584
1027.917,0.291,2780.916,1.834
955.958,0.167,2571.833,2499.000
1720.875,1659.625,5154.916,4832.208
948.708,916.709,2870.042,2.708
1338.750,1245.584,9806.625,1.625
1188.042,1139.916,23060.875,1.541
622.458,584.250,10311.542,1.334
490.334,457.666,6348.583,1.292
1004.208,929.417,4170.875,1.291
1074.959,1051.166,15332.542,1.292
672.334,652.250,2320.166,1.417
751.667,728.333,2800.875,1.208
954.458,0.333,2116.334,1.292
1086.625,1065.958,2780.500,1.250
993.500,971.250,4922.334,1.208
1281.625,1250.750,3301.208,1.250
1263.750,1252.583,3027.667,2674.500
1627.291,1613.875,563203.458,95505.875
1227.458,1195.833,7788.041,6.083
845.292,821.625,4351.542,1.750
1807.625,1789.959,59129.375,3454.667
134.083,119.000,2461.500,3.125
1219.375,1193.833,3390.000,1.667
1752.917,1730.208,4892.542,3408.833
1415.958,1391.042,4116.166,2883.084
642.791,611.750,3398.792,2.792
1095.084,0.291,13160.417,1.584
602.250,577.042,3149.708,1.375
1542.458,1494.750,4906.833,2588.792
2020.166,0.292,7430.542,4988.334
449.125,416.541,7368.958,2.583
1377.500,1327.167,9824.042,1.750
1425.834,1394.792,7961.000,5772.541
1064.791,1037.125,3462.083,2.500
814.667,783.666,3401.417,1.708
1453.458,1429.625,3210.750,1.375
1455.750,0.292,3248.583,2740.041
828.459,802.000,2585.792,2.542
861.125,836.792,3201.792,1.541
1027.750,1003.166,2720.250,1.542
1273.791,1240.667,5031.584,4271.625
2105.250,2125.333,43784.084,11589.000
1611.000,1563.792,5030.625,4293.541
1521.416,1463.625,3836.792,3.084
828.875,793.708,2692.167,1.542
1591.500,1440.958,107633.334,96098.125
848.333,771.250,3620.000,3.500
1869.417,1772.459,12261.583,2752.667
1008.500,949.000,2644.792,2.875
1454.709,1378.000,33973.667,4264.958
1004.416,940.875,23150.833,2.625
1530.500,1453.958,29243.459,2507.334
683.250,645.000,2376.500,2.292
1535.291,1421.375,2956.667,2944.875
1130.000,1063.458,2264.666,2.666
845.000,789.625,2114.958,1.583
636.542,597.500,1942.584,1.375
1263.083,1191.958,3281.834,1.458
1346.333,1277.500,8808.084,1.333
914.667,0.334,2179.000,1.209
1343.916,1256.291,2411.250,2532.083
1444.459,0.250,3189.042,3.166
1332.958,1273.750,6397.666,1.583
1489.500,1415.875,4382.042,1.333
876.167,820.083,2356.541,1.459
1734.625,1640.667,4360.958,4506.875
1056.666,1002.583,2218.250,2342.125
802.542,0.459,3606.500,2.500
712.583,674.917,1896.667,1.709
1320.334,1246.250,5643.333,1.500
910.917,858.083,7424.083,1.334
1326.625,1241.291,2671.584,1.292
688.333,0.250,1757.916,1.250
713.459,672.000,2088.791,1.166
1450.542,0.333,7537.750,5270.542
1509.292,1425.917,6528.500,2.458
1568.917,1486.583,6816.041,7402.791
1289.250,1217.291,2880.375,2.541
2093.750,2010.375,13300.542,13938.459
1586.583,0.333,5868.583,6332.875
701.417,0.250,2129.583,2.708
1566.750,1512.792,4144.833,4450.708
1382.958,0.291,3232.250,3.333
1824.208,1751.667,5040.209,5685.375
1164.209,1096.959,2608.250,3119.709
791.833,741.625,2293.833,3.000
865.917,797.833,4465.292,1.542
869.583,813.417,2250.750,1.292
1376.458,1303.375,2466.125,1.292
1203.583,1113.750,3515.875,1.500
1713.375,1558.250,3264.750,3573.917
1460.083,0.292,3298.666,2.625
781.584,641.416,2053.792,1.792
804.083,707.292,1734.458,1.375
749.375,0.250,1604.209,1.375
1099.333,1092.333,3226.084,1.250
2042.625,2014.542,3904.250,4153.250
1279.958,1169.542,3706.792,2.417
560.167,520.666,3931.958,1.583
1476.541,1392.000,2671.584,2823.667
833.041,777.166,2806.875,2.458
728.625,664.208,2044.666,1.541
1049.250,973.250,2625.792,1.375
1580.959,1542.458,3448.875,3447.125
1114.834,1061.792,3133.291,2.500
939.042,904.958,2453.416,1.584
1165.458,1135.333,2462.792,1.500
2131.167,2025.292,25834.292,2765.250
1715.875,1667.250,3141.250,2.208
872.042,843.167,2697.250,1.542
744.209,0.250,2157.625,1.333
1245.334,1213.083,3664.333,1.292
1103.958,1068.917,3037.209,3122.625
751.083,721.708,6273.958,2.459
1546.959,0.333,14702.625,16214.333
685.500,646.458,3496.334,3.375
904.583,873.000,2488.167,1.750
1117.708,1082.917,5806.500,1.417
1212.208,0.250,3896.834,3772.542
410.209,374.625,2500.834,2.708
1368.417,1339.375,6505.417,1.583
2200.750,2196.500,20328.208,1.583
1268.958,1239.625,3000.416,1.375
1156.625,1122.708,3639.083,1.167
644.833,618.000,2204.000,1.250
1437.792,1421.833,5142.584,1.208
834.458,804.083,5643.917,1.291
1404.250,1375.292,4471.250,4856.250
1048.375,977.500,2611.292,2699.041
1640.000,1615.667,6357.125,2.416
1188.583,0.292,3069.791,1.625
1617.833,1582.167,3075.667,1.375
972.584,0.250,3168.333,1.333
1201.834,1139.750,5427.834,1.208
1702.041,1684.542,6449.458,1.250
1330.750,1305.084,2865.583,1.167
1003.875,979.083,2461.333,2504.542
1368.125,1356.959,3518.042,3556.333
765.875,725.208,3561.750,2.416
893.542,0.292,1831.708,1.708
1287.167,1244.458,6552.875,1.333
667.708,633.208,2327.667,1.292
413.167,387.500,1652.334,1.292
1113.084,1077.708,2952.708,1.166
904.625,0.292,1806.125,1.250
1307.875,1295.208,2740.417,2713.875
935.583,928.708,6259.042,2.625
995.000,1013.000,1950.292,1.667
1047.500,0.416,2189.791,1.583
881.834,0.209,4121.625,1.333
1470.916,1458.625,23265.625,6838.250
1136.333,1098.209,2265.833,2.584
1854.334,1857.666,26743.916,2388.125
619.500,591.625,1911.375,2.292
985.625,967.833,3481.584,1.708
902.000,883.375,2029.250,1.334
475.875,0.250,1840.208,1.333
1284.666,1278.083,3496.875,3555.041
1022.292,0.333,2319.500,2390.125
1156.208,1136.458,3853.833,2.458
1598.000,1573.416,6798.166,1.792
389.167,0.291,2037.417,1.375
1849.125,0.208,6493.041,1.417
1190.250,1146.959,3062.333,1.292
927.000,0.250,2455.250,1.292
1227.334,1217.000,3855.667,4223.875
639.708,617.166,2093.875,2.750
1252.042,1213.542,1123227.625,1.542
639.584,601.375,2461.792,1.333
785.750,768.959,2597.917,1.458
1531.541,1509.666,6437.041,2738.750
427.125,400.791,3863.708,2.500
2092.708,2070.916,9467.834,6618.042
1506.375,1472.250,4418.916,3004.208
692.000,657.625,7076.041,2.542
901.250,0.333,5083.417,1.792
1259.792,1232.417,7899.208,1.375
1907.583,1883.084,17997.667,9171.333
1498.583,1492.041,7636.208,2.792
1369.667,1339.417,7966.375,3389.125
1161.416,1133.583,5282.792,2725.250
1668.875,1638.750,17062.792,2.416
812.375,799.917,3672.875,1.833
1053.500,1030.125,3294.791,1.416
931.417,902.500,5969.750,1.375
998.334,958.875,6718.167,1.292
952.750,932.708,7078.000,1.333
768.792,0.292,6108.958,1.209
1459.250,1421.333,8004.417,1.209
1025.375,0.250,14359.916,1.209
1298.083,1277.416,7963.875,1.334
923.291,895.416,3546.833,1.208
1478.667,1460.500,31935.458,1.125
1194.166,0.333,4409.750,2560.458
1157.417,1139.792,3813.334,2.333
811.709,787.667,6498.875,1.667
927.917,900.875,3101.792,1.417
1230.917,1208.500,4140.417,1.291
1994.000,0.333,8378.208,4290.583
1935.334,1896.125,58291.416,4917.542
916.875,888.042,3897.792,2.250
1631.000,1606.417,5131.875,4435.250
1014.250,983.750,4689.625,3.875
1127.666,1102.750,7079.084,1.417
1143.708,1122.083,4039.458,1.583
898.458,874.292,8295.875,1.208
1511.542,1476.500,4194.458,3962.500
1088.208,0.291,4320.084,4.375
1449.709,0.208,4930.042,5412.667
1625.417,1605.125,6479.375,4813.459
1299.125,1287.792,12976.334,6961.000
1247.334,1213.458,5255.250,3.000
854.750,0.291,3419.166,1.625
770.125,0.208,3450.333,1.500
827.958,809.458,5151.541,1.375
1366.583,1336.583,4609.667,3294.458
1171.834,1158.209,24112.334,3.125
1528.709,0.250,11626.458,1.750
1108.042,1075.667,3722.792,4276.875
1885.209,1845.375,30529.833,4491.791
1354.125,0.209,3568.333,3.917
1829.959,1793.333,5887.542,6171.750
1091.208,1059.333,4216.750,4095.083
1725.750,1697.167,7861.542,6217.250
1706.083,1679.375,5531.208,4680.333
759.250,0.250,2678.459,3.208
652.708,627.667,2477.375,1.750
1276.583,1238.917,5228.583,4828.625
1326.541,1301.625,4843.833,4134.459
587.291,564.708,2381.375,3.209
2350.791,2310.583,38623.417,22197.167
649.334,626.542,2357.584,5.584
1313.208,0.292,3094.458,1.792
684.041,649.875,2995.917,1.375
972.209,944.792,4008.666,1.334
735.500,708.834,2146.417,1.209
999.667,964.375,3140.500,3352.541
803.209,775.708,3552.167,3.125
1048.125,1028.459,8132.625,1.667
1190.709,1161.041,2946.291,1.375
966.833,927.584,3050.375,3217.625
912.833,880.916,3822.917,2.791
1647.709,1622.125,5477.250,5384.041
1258.167,0.292,3100.833,2580.083
1342.875,0.167,4376.750,4266.500
1210.875,0.208,2509.792,2.750
1360.500,1341.291,7098.708,7247.958
1767.792,1740.916,3732.708,4048.417
1093.750,1058.625,2852.500,3.417
692.250,675.166,3587.042,1.709
986.625,0.250,2171.375,1.500
1780.584,0.208,38253.708,3258.084
630.125,601.833,2965.917,3.041
1221.792,1188.916,9739.334,1.583
1147.459,1123.666,3076.750,1.333
643.917,615.584,2364.500,1.292
1330.292,1303.250,4960.583,1.500
1195.917,0.292,5753.625,1.250
778.417,751.334,2232.833,1.291
1439.834,1393.959,4725.708,1.167
917.583,877.750,2490.125,1.167
570.250,547.292,2778.000,1.250
1110.917,0.333,3067.125,2952.292
1079.667,1044.125,3855.875,2.667
1524.500,1493.042,6171.833,1.583
1749.875,1720.875,8332.166,8335.792
1535.042,1511.709,6418.458,5948.542
885.458,0.333,2455.833,2.708
862.375,843.916,2483.458,1.667
906.166,873.916,2664.000,1.250
1860.958,1817.500,50163.125,13992.416
1102.042,1069.208,2893.709,4.209
564.500,534.917,2703.333,1.583
1281.083,1247.750,10472.125,10846.834
1169.833,0.292,3665.041,3512.125
1463.875,1435.500,24706.833,2.958
930.625,901.708,3502.417,1.916
1142.084,0.250,3015.583,1.333
735.125,713.291,1871.917,1.333
1333.041,1298.708,3556.291,3428.209
1277.875,1234.625,2862.458,2.792
1088.958,1064.250,4119.416,1.625
1582.458,1563.625,2935.208,3110.834
848.666,820.750,8129.000,2.750
806.667,789.334,2154.166,1.666
1722.750,0.333,4443.750,5136.166
759.667,726.416,3995.541,2.792
958.625,931.208,2223.750,1.500
1911.625,1905.125,22554.375,2971.125
1040.709,1003.542,2470.875,2.458
1137.417,1108.833,4635.000,1.834
1847.125,0.291,3481.500,3556.084
1117.292,1083.041,3189.958,2.833
1839.334,1824.791,7942.583,8540.750
1672.583,1646.083,17511.875,11988.625
1355.625,1335.917,32945.334,23227.541
751.333,713.917,1630.459,5.375
2256.958,2240.500,47319.834,4376.084
949.333,919.375,3137.291,3.959
1302.042,1275.416,3165.208,4014.917
653.375,630.625,2061.083,3.417
1272.500,1249.417,2484.334,3456.875
1539.417,1514.666,8922.666,13199.167
728.583,697.750,2404.834,6.792
1541.458,1508.791,5858.125,1.667
1671.708,1654.750,9518.958,11300.916
1221.125,1186.125,6198.500,5.292
1295.709,0.291,5543.791,1.792
614.167,596.791,1898.708,1.292
443.375,421.666,2193.250,1.208
914.250,889.459,3944.292,1.167
1581.625,1535.292,4526.125,1.250
1222.375,1196.000,2509.291,1.250
1763.042,1748.583,11384.167,1.250
873.708,0.334,2848.958,1.167
1290.333,1266.500,3110.125,1.250
869.208,841.375,2917.250,1.208
1375.500,1367.125,9144.625,12152.792
807.667,785.375,5697.709,7391.541
950.541,914.667,3388.000,4.500
2070.708,2040.625,4909.208,5956.541
788.334,758.708,1700.750,4.459
1210.833,0.791,3269.542,1.792
990.041,964.167,3649.375,1.375
740.375,0.250,3692.541,1.500
1128.750,1110.667,2480.042,1.292
1581.958,1558.584,4317.750,1.209
941.542,0.291,2667.417,1.250
1729.875,0.209,40671.375,3227.750
1289.416,1261.666,3568.500,3.167
1285.208,1259.209,3528.833,3745.042
1300.083,1270.916,3317.292,3933.375
1686.458,1657.875,3472.666,4213.750
852.208,829.583,2500.959,3.250
551.042,514.875,1716.333,1.667
1491.792,0.250,5487.459,1.584
624.750,596.084,1954.208,1.416
880.583,846.083,1991.333,1.292
1118.750,1082.125,6042.333,1.250
902.958,882.958,3193.667,1.250
927.917,902.459,3129.958,1.291
889.084,853.958,2299.375,1.208
1266.792,1218.500,4416.958,1.208
662.125,624.166,1775.250,1925.625
907.459,885.000,7730.000,2.875
1052.000,1026.916,3615.709,1.625
875.042,0.333,7201.625,1.625
525.167,490.333,3433.417,1.375
1889.875,1847.166,7688.375,8248.917
1061.125,1028.375,2630.792,2790.792
406.833,385.708,1589.417,2.833
1389.000,1379.167,3958.000,1.792
941.541,911.833,3604.792,1.334
1706.041,1678.917,2803.000,2974.917
1826.291,1800.416,27109.166,3091.916
1134.542,1105.833,32575.875,2.541
1141.791,0.291,3357.917,1.625
1029.791,986.666,3246.291,1.417
928.625,0.291,2732.375,1.292
974.875,955.709,3102.750,1.209
818.000,803.666,2844.334,1.334
1000.417,0.291,2647.541,2474.250
1591.042,1557.666,11259.417,2.666
1859.625,1821.000,5113.500,5306.084
965.375,951.958,4712.458,2.500
1736.208,0.250,7431.625,1.708
1226.125,1194.708,6523.000,1.458
1447.875,0.250,2571.917,1.292
1373.125,1338.917,23880.084,1.291
1060.500,1044.541,2502.708,1.375
1008.875,976.834,2673.500,1.417
941.125,913.625,16813.083,1.333
508.916,482.292,1769.375,1.250
742.834,0.208,2289.708,1.292
1985.291,1983.833,6798.291,7351.167
992.709,0.250,2380.625,3.167
1162.167,1142.208,3093.750,1.792
1191.917,1160.250,2740.875,3042.375
1482.250,1445.542,44720.083,2.625
1384.417,1364.084,3473.500,3575.084
1627.208,0.250,4478.708,4104.333
1746.958,0.208,3875.875,3674.167
1650.875,1613.708,4703.917,2.583
561.417,529.875,1883.250,1.708
1693.125,1677.125,13545.042,3103.792
823.625,797.750,4069.125,2.333
1113.667,1089.375,3902.708,1.583
2258.750,2214.958,39617.917,3720.292
2087.792,2061.542,28523.125,22733.708
2157.042,2115.709,21053.458,16766.250
713.958,0.250,2864.083,5.042
870.375,843.625,3014.292,1.750
1514.042,1501.084,4786.500,1.625
1011.209,971.500,3926.250,3267.791
1861.458,1818.875,6595.250,5404.375
1512.750,1500.250,4191.958,3.250
1268.375,1246.833,4393.292,1.542
487.959,0.333,1776.708,1.417
642.792,603.792,2591.625,1.291
1459.208,1418.750,3657.417,3521.083
115.792,0.209,3043.542,2.959
1343.167,0.250,9117.708,8443.750
725.791,694.166,1944.125,2.791
1341.250,1308.792,6391.958,1.625
642.083,611.750,3126.167,1.500
1164.541,1126.125,5655.625,1.417
1311.292,0.291,4629.792,1.375
1193.584,1151.208,5845.292,1.333
1032.458,0.291,4445.334,1.292
994.375,970.875,4017.083,1.250
744.375,710.875,2003.583,1.291
964.417,930.416,3265.708,1.208
1207.500,1169.375,7342.000,1.375
673.292,639.666,4825.417,1.209
1131.958,1109.541,3829.625,1.334
531.792,501.208,5210.417,1.208
1413.333,1381.917,3988.667,1.208
1543.375,1500.917,35924.250,39825.667
1461.542,1433.375,3811.209,4127.042
1090.042,1059.375,3024.583,3.708
1494.750,0.334,2966.375,3196.209
1760.250,1738.708,3907.958,4236.375
1209.125,1178.500,2897.375,3604.416
1695.250,1657.708,7776.292,9204.584
659.833,637.250,2335.083,5.791
1137.041,1111.416,2600.458,2.083
870.833,846.791,3935.083,1.709
984.958,958.667,3653.667,1.292
1563.333,0.333,7610.417,9611.334
1012.166,978.708,2126.542,2430.333
1288.459,1249.375,3254.250,3.042
709.291,0.333,2556.209,1.833
862.000,838.083,6639.416,1.375
1565.000,1545.875,6510.000,1.375
1420.959,1379.209,6592.541,1.416
810.208,0.208,2514.375,1.250
1444.791,1432.333,2543.958,2877.625
739.459,718.375,2431.375,2.875
1279.333,0.250,5889.042,7185.625
1212.084,1199.750,17642.541,21438.042
1032.834,1002.875,12809.458,5.833
1559.917,0.333,34979.041,2754.459
938.875,910.417,3222.334,3.500
468.750,439.917,8514.291,1.916
1330.417,0.250,5295.042,6264.333
1275.333,1244.875,3015.083,3291.833
671.083,645.833,1909.500,3.083
1310.584,1275.791,4817.292,1.667
553.000,0.292,1566.166,1.458
1050.833,1036.000,7075.584,1.250
1779.958,1766.083,3346.500,3694.000
1501.958,1489.708,4122.625,3.125
1300.792,1268.625,2934.125,1.583
1233.167,0.500,4846.542,1.625
1225.792,0.208,2958.958,1.458
1174.250,1141.042,2896.375,3280.000
1224.750,1196.625,3680.041,3.042
672.292,646.958,2100.542,1.708
1300.458,0.291,3502.500,3826.625
869.209,841.750,2473.959,3.625
1817.875,1790.167,3246.792,3396.167
1225.583,1199.000,8156.959,3.000
1580.666,0.250,21930.542,3399.208
1641.000,0.250,12365.083,14154.167
921.709,885.375,4345.917,2.958
1363.625,1331.958,23738.875,2612.458
752.625,722.708,2214.458,2.583
1634.875,1615.917,191284.750,125906.583
1446.667,1420.708,7255.792,6.125
1109.250,1076.750,2591.375,1.959
1020.083,999.792,1779.458,1.500
844.000,814.792,2720.792,1.375
591.417,0.208,4254.667,1.250
1187.208,1168.000,3197.166,1.250
937.041,909.542,2340.625,2837.041
742.042,712.375,2290.792,3.334
657.458,627.917,1782.500,1.542
1417.833,1386.083,4654.500,5103.750
1374.000,1347.916,3542.791,3.208
1427.625,1390.375,4054.667,1.667
1012.084,0.291,3194.208,1.291
476.958,0.208,3722.125,1.291
1659.833,1624.917,8695.167,8659.208
1464.166,1400.834,6370.833,2.917
1779.292,1705.250,3611.000,3773.375
1317.625,1275.708,3146.833,3239.667
890.666,858.042,2432.417,2.625
846.209,824.417,3497.292,1.708
1408.250,0.250,4177.750,4281.625
1080.375,0.167,2800.125,2.750
1003.833,984.375,3578.917,1.708
1229.875,1183.459,3290.625,1.417
1276.875,1245.125,7221.375,8882.083
1094.959,1067.208,2854.000,2.750
1145.625,1103.750,7298.958,1.750
1099.625,1066.041,3071.250,3198.292
621.834,588.917,2250.208,2.666
615.792,0.250,1946.667,1.583
1472.833,1443.666,4569.000,4800.708
689.333,647.958,1991.708,2.542
771.500,739.208,2280.667,1.667
1152.583,1111.791,3535.917,1.417
878.250,842.958,3971.166,1.292
2253.417,2197.625,28716.500,3048.125
2717.042,2635.667,68908.333,5407.166
1084.583,1043.417,4557.667,2.625
980.917,963.750,7315.458,1.500
1543.500,1506.208,10176.125,1.500
832.042,793.792,2375.333,2591.125
1595.042,1589.708,16701.959,19997.500
1277.292,1238.083,2707.875,3113.833
1461.083,1438.375,6217.583,6675.417
1297.583,1271.500,3424.500,3.250
1825.958,1804.916,6242.125,1.542
392.041,361.083,1441.375,1.625
648.959,617.875,5240.333,1.250
1263.541,1246.166,3310.625,1.416
1511.375,0.250,6835.000,1.333
1235.667,1193.791,2704.750,1.250
1279.875,1257.875,2906.417,1.209
922.167,895.292,3112.625,1.250
1085.916,0.292,2242.916,1.292
1992.917,1989.709,15197.250,3340.375
1343.791,1318.458,3029.916,2.250
1406.250,1384.542,8753.708,9326.084
1235.958,1216.166,3491.250,3.375
1366.041,1335.625,3706.333,3989.792
939.209,913.916,1852.667,3.250
839.666,0.291,1745.666,1.833
1712.791,1684.916,19890.958,2416.500
1908.750,1896.125,4263.000,5266.167
1285.750,1268.791,4389.500,2.833
1047.250,1034.541,2447.750,2720.375
1106.542,1087.500,3090.417,2.708
990.291,956.750,2689.292,1.709
1086.416,0.292,2337.667,1.292
1445.667,1413.500,20272.083,1.250
823.375,795.083,2220.084,1.209
1415.458,1398.416,2688.417,2909.375
1054.875,1030.875,2180.916,2.709
1488.292,1472.375,2475.666,2694.083
1526.458,1494.250,76178.000,4081.250
889.459,854.292,3723.041,2.417
747.125,710.209,3664.834,1.542
1450.791,1418.750,4489.916,4860.167
1111.584,1071.500,3189.708,2.875
1031.917,998.208,2950.125,1.625
1611.375,1587.333,5061.250,5614.459
1490.000,0.292,17683.167,2561.625
988.250,953.459,4803.042,2.792
694.584,654.083,2059.000,1.833
638.125,609.875,5273.667,1.458
974.292,940.417,2992.375,1.291
661.375,0.291,1561.416,1.208
935.833,909.833,2843.166,1.292
541.292,519.875,4368.250,1.167
1276.334,0.375,3091.291,1.250
903.750,872.625,1903.917,1.125
1196.042,0.291,3374.583,4147.042
496.083,464.334,1835.667,3.166
980.250,0.291,2251.834,1.875
914.625,885.625,5673.417,1.458
857.625,838.667,5592.959,1.333
1393.250,1363.375,3342.417,1.291
768.250,732.708,1988.959,1.250
880.500,862.833,3635.958,1.167
1963.750,1952.542,3664.375,1.209
981.416,961.792,2208.375,1.167
1683.709,1651.000,11170.167,1.208
1335.333,1329.209,7023.500,1.208
1152.500,0.291,19208.875,17109.833
1465.334,1434.208,3344.125,3.084
764.209,736.667,5270.834,1.709
695.125,672.875,2294.833,1.334
1194.625,1161.709,2822.750,3076.917
778.334,745.750,2199.459,3.042
1338.292,1301.750,2375.500,2623.166
1949.125,1904.875,36355.417,3698.500
1122.958,1107.791,3572.792,4127.542
1274.708,1243.458,18609.542,2.792
1015.250,982.833,7187.792,1.792
1281.667,0.500,2759.250,1.417
997.792,966.958,3474.667,1.375
615.667,579.500,2396.250,1.333
1255.125,1234.041,3016.542,1.208
1239.833,1209.167,2626.667,2802.542
1132.042,1087.042,3184.917,2.541
1463.084,0.375,2932.791,3072.709
1219.792,1203.000,4762.750,2.625
828.208,803.041,1829.291,1.542
1647.500,0.291,4659.708,1.542
1044.833,1008.916,2804.458,1.375
984.500,955.375,1968.625,1.250
1067.459,1042.041,2077.958,1.208
1221.042,1200.167,4389.916,1.250
546.000,525.959,2038.583,1.250
1476.709,1437.958,20621.208,3366.291
1284.125,0.291,5421.917,2.292
582.208,558.292,2352.250,1.667
840.959,810.458,1752.500,1.459
1598.667,1582.791,4401.542,4775.500
600.167,0.250,3912.584,2.708
1434.375,1414.917,17571.291,2548.167
886.042,860.125,2526.250,2.333
1341.083,1317.666,19508.625,1.583
1200.792,1175.458,3006.958,1.500
932.459,895.542,4308.000,1.250
472.792,448.208,2203.083,1.333
1644.792,1617.125,20860.125,21318.459
991.167,970.042,2637.834,3.416
1325.500,1314.000,4130.750,1.750
945.666,0.292,3596.375,1.458
683.541,654.583,3883.625,1.333
1586.667,1555.041,2945.875,3327.291
1131.792,1109.334,2600.250,2.750
1264.833,1239.584,4434.125,1.542
799.917,762.792,2477.458,1.292
1364.625,1327.208,3089.041,1.291
604.792,568.708,1989.291,1.375
1806.541,1783.917,6719.541,6995.667
677.709,655.458,3963.792,2.625
1170.917,1139.167,4663.667,1.584
1159.500,1113.167,7532.084,1.333
1536.083,1524.417,4715.458,1.333
736.792,701.791,1961.625,1.500
964.417,0.250,1835.625,2027.042
969.458,944.458,4282.875,2.500
1152.500,1154.875,2544.625,1.542
1042.542,0.291,2585.541,1.375
746.209,0.166,2308.166,1.542
555.542,556.917,2243.958,1.250
1098.667,1090.583,3151.833,1.250
1515.250,1496.292,10570.708,11865.000
1235.666,1225.792,2599.542,3.125
715.459,700.583,3208.250,1.792
754.125,733.708,1855.750,1.459
1698.250,1707.458,3679.666,4004.041
1531.666,1499.667,2883.500,3099.291
1560.541,1566.583,3260.917,2.708
982.209,962.333,2092.583,1.750
520.250,504.958,5918.584,1.375
1484.667,1469.083,7931.500,7668.541
609.875,582.792,3993.041,3.875
1014.584,0.291,4499.834,1.458
603.375,0.167,2143.250,1.292
1186.292,1156.000,2745.000,1.291
109.208,98.709,5419.375,1.292
1504.750,1480.250,3674.333,3778.042
1067.625,1048.625,49587.167,3847.041
755.416,0.250,3904.459,2.958
1058.458,1040.459,4183.375,1.792
977.583,953.625,2871.375,1.375
1064.250,1038.917,3106.334,2644.500
777.041,762.750,2279.500,2.750
853.625,835.750,3358.750,1.750
1126.916,0.250,1094139.875,1.416
1427.458,1411.208,5046.042,3984.958
927.042,888.167,3467.417,2.459
1069.875,1052.458,3354.459,2920.417
646.375,619.000,2076.459,2.583
1173.875,1171.583,7410.708,1.834
1289.917,1258.542,6974.542,1.375
1029.333,1005.625,3461.542,1.417
1130.500,1127.083,14909.417,1.208
1202.542,1173.459,6429.458,4270.708
954.584,929.916,16424.000,2.917
1551.917,1524.125,9617.708,6168.208
742.709,713.250,3733.292,2.709
724.834,691.125,6067.334,1.750
1238.750,1225.208,3473.500,1.333
1092.042,1062.959,5027.042,1.291
1303.958,1276.000,8127.292,5347.833
1644.875,1654.750,7435.834,2.875
880.458,836.292,6399.042,1.750
1031.250,0.250,4256.083,1.458
782.583,770.917,5087.833,1.292
1427.125,1417.500,11591.208,1.292
1483.958,1461.416,9817.042,1.292
1307.417,1268.959,16240.333,2607.000
695.167,664.375,3827.083,2.250
925.542,916.667,4935.375,1.666
1529.875,1504.209,12237.333,9466.250
1350.333,0.333,6972.000,3973.416
352.042,0.208,4075.667,2.708
1509.042,1478.125,6811.375,4706.833
1023.667,0.250,3729.625,2.584
1798.416,1757.000,6832.958,5049.792
1084.375,0.291,4420.709,3112.625
949.167,918.041,3510.458,2.667
1300.167,1269.833,3829.917,2847.917
1080.500,998.834,4420.584,2.542
1379.084,1294.667,10432.292,1.750
1291.458,1228.917,4344.833,1.583
1884.083,0.333,6288.708,4030.500
548.375,509.959,75167.917,32011.458
1106.917,1044.000,8156.417,4.375
1113.750,1057.833,2767.458,1.833
295.041,268.083,1872.334,1.458
1069.458,1027.708,3077.459,1.500
1118.917,1095.417,16714.167,2087.541
1341.625,1309.125,7722.208,2.833
1280.250,1269.917,3418.042,1.666
498.292,475.959,1751.958,1.292
659.208,642.500,2130.166,1.250
1345.458,1373.791,4178.417,1.292
1167.500,1181.750,3748.333,1.166
1306.541,1330.458,2814.500,3282.375
499.792,477.500,2627.541,4.083
1505.833,1523.417,2863.750,3400.500
900.625,893.834,2396.000,3.167
1429.959,1453.458,2558.209,1.791
1282.625,1284.792,2444.625,1.333
980.042,969.625,2198.625,1.375
1621.791,1628.583,15264.834,8990.083
732.833,727.083,4604.125,3.292
865.000,841.958,2489.250,1.791
896.000,878.208,4536.250,1.417
1535.792,1522.250,4012.125,4325.167
610.708,592.292,3875.500,2.958
1603.584,1587.750,3758.708,4006.125
1213.875,1199.041,2639.458,2.791
867.250,856.417,3375.125,1.625
1997.625,1994.917,4470.291,4662.667
413.375,391.250,2290.583,2.750
957.375,935.833,2959.000,3447.917
1666.875,0.459,3875.708,4197.583
1100.084,1075.083,8636.584,3.333
1142.709,0.333,2557.542,2762.208
989.625,0.250,3373.125,3558.167
545.250,0.208,4569.416,2.916
1454.250,1450.084,6134.542,2698.500
1480.667,1463.583,3614.875,3753.041
733.750,708.958,2562.542,2.833
1378.292,1361.333,3055.833,3196.459
367.250,0.250,2290.959,2.750
911.166,896.208,2519.542,1.834
1757.458,1761.041,46710.500,1.333
1126.625,1102.667,2602.625,1.333
1219.750,1192.167,4594.459,4731.167
876.667,856.084,1989.666,2.584
557.208,550.708,6971.583,1.708
976.458,0.292,4400.542,1.375
1199.833,1210.250,2681.000,2790.084
689.500,681.333,2488.833,2.750
1065.708,1066.750,2099.584,2180.959
1474.542,1499.583,27602.000,2882.167
846.583,853.000,5379.500,2.542
1528.417,1555.625,3654.500,3660.917
1311.834,1315.250,3367.125,2.709
2034.667,0.292,6912.916,6660.291
285.292,0.167,1740.875,2.750
1166.209,1171.583,2849.542,1.833
561.208,0.250,1995.542,1.417
535.084,535.000,6321.125,1.334
804.417,809.042,2560.834,1.250
634.792,0.250,1794.958,1.291
1550.542,1574.167,8722.125,9194.333
1072.375,0.291,1933.375,2234.041
1342.750,0.208,2881.125,3085.708
1059.500,1063.500,5593.125,2.709
1436.584,0.334,2477.583,2663.208
1819.167,1851.292,3458.625,3656.792
1516.917,1552.291,14207.084,4164.792
852.625,852.584,2335.125,2.666
809.958,805.541,3759.542,1.583
1669.583,1705.625,13285.875,1.542
1512.708,1528.125,2789.834,1.375
972.875,0.250,2090.917,1.291
376.875,363.083,3096.333,1.334
1064.083,1070.333,2551.417,1.250
833.459,828.083,4139.791,1.459
1429.542,1462.917,8689.583,1.291
1005.250,1009.708,27150.000,1.208
1116.125,1119.167,3950.042,4376.458
1102.042,0.292,3997.833,2.709
1232.375,1242.792,3388.833,3565.667
1126.875,1144.334,2435.416,2.459
1558.666,1588.083,6194.542,1.708
1097.500,1101.625,3716.166,1.500
2229.792,2317.416,50746.833,3777.250
634.459,0.334,1999.834,2.167
920.166,0.208,338272.333,1.708
1332.333,0.167,6868.209,3165.917
1303.750,1317.042,9892.167,2.625
917.083,926.292,6245.584,1.625
1707.625,0.292,22844.500,18514.458
1421.958,0.208,5265.709,3.375
806.834,816.208,4959.625,1.792
1341.375,1366.333,10642.750,9501.042
1343.500,1359.583,3434.083,2948.000
851.209,852.750,2391.708,2.875
2260.583,0.333,6757.041,5826.916
1278.333,1300.208,4794.458,2.750
575.250,563.625,4815.666,1.666
1124.542,1139.583,4119.042,1.375
794.875,0.250,2697.000,1.291
1023.750,1036.042,2687.458,1.292
1834.833,1862.834,29832.875,1.458
417.708,404.667,2016.291,1.250
1266.166,1293.875,2948.250,2873.666
1554.250,1588.416,37274.000,2662.417
930.041,0.250,2655.208,2.458
1165.833,1199.625,4460.833,1.667
1827.084,1854.541,32554.333,3040.041
626.583,615.416,2584.583,2.292
1383.708,1407.333,3697.000,3719.375
1304.333,1307.541,2596.834,2645.542
2226.375,2301.584,31920.500,3688.083
766.375,747.750,2612.125,2.750
1573.667,1594.041,32451.375,9898.167
940.875,940.875,2110.167,2.916
910.375,0.292,3963.584,1.500
862.041,0.208,2558.875,1.375
923.750,934.708,2558.083,1.459
780.958,792.625,3105.625,1.250
1106.792,1112.042,3886.792,1.250
1539.458,1559.833,4415.458,4593.417
2117.000,0.292,11732.458,12107.958
936.667,938.500,3253.208,3.083
1124.084,1131.167,4954.833,1.750
1570.625,1605.625,4741.583,4844.792
839.750,844.875,2514.917,2.708
1311.958,0.291,3749.333,1.667
585.916,570.583,1876.291,1.541
1608.792,1642.167,8396.584,8764.208
757.625,751.334,2471.625,2.709
1741.417,1761.333,5224.708,1.542
1576.042,1599.708,4192.208,4538.959
871.709,0.292,1756.416,2.833
1014.959,1017.542,3537.375,1.625
778.125,783.375,2142.000,1.417
1686.667,0.333,3771.625,3942.542
810.792,0.208,1992.416,2.958
1849.334,1884.375,7803.375,5547.042
1448.291,1482.167,3158.375,2099.667
1027.958,1037.667,2341.834,2447.875
993.083,995.417,2569.666,2.541
1191.125,1195.750,2768.916,1.583
1153.167,1165.042,2682.917,1.375
747.458,731.166,2297.750,1.250
1204.416,1217.500,2245.875,1.375
1348.375,0.625,2806.041,2988.875
1206.792,1227.417,3880.417,2.625
750.333,0.250,2318.583,1.833
1103.500,0.250,2043.625,1.458
1698.375,1723.417,5966.750,6284.500
1103.916,1125.208,3724.958,2.875
1420.584,1465.917,2823.625,2992.417
785.083,775.833,2174.333,2.541
1601.417,1644.209,4454.000,4740.625
1252.375,1282.166,2909.208,3369.958
520.208,511.500,1943.125,2.791
1966.084,2030.208,3452.125,3636.959
1384.125,1401.167,2680.333,2.625
1596.375,1642.458,2759.875,2876.583
1219.709,0.500,2604.541,2.541
1377.208,1402.583,36880.042,1.583
1359.042,1398.208,12915.375,1.542
769.708,768.833,1747.625,1.417
544.333,0.250,2671.250,1.125
645.958,660.666,2529.709,1.167
1843.792,0.375,19269.375,20492.666
917.542,922.584,3304.417,3.334
845.083,842.833,5767.500,1.833
959.083,0.333,2077.750,1.375
801.250,0.208,1987.500,1.333
1410.250,0.208,8422.792,7803.750
1785.083,1814.208,149837.000,2.625
583.583,585.208,5226.667,1.667
946.375,954.750,2549.083,1.416
1015.750,1009.833,3371.708,1.500
1192.375,1203.917,2771.500,1.292
1143.791,0.334,3369.958,3469.667
1245.500,0.209,2827.875,2905.125
1330.500,1359.333,13326.625,2.792
835.417,836.292,2398.042,1.709
1757.334,0.292,3093.875,2992.167
1139.209,1168.792,4231.083,2.542
844.083,834.375,3133.125,1.750
521.167,506.917,1637.417,1.458
1165.375,0.292,4951.834,5350.833
455.042,425.875,2171.041,2.792
560.333,547.917,2879.500,1.916
968.208,0.292,2114.542,1.416
897.458,898.834,2169.250,1.375
853.334,840.958,2780.167,1.291
1447.625,1484.042,3574.667,3661.750
1343.584,1368.166,15696.375,3131.792
2073.292,2149.667,6836.250,6580.458
1262.958,1287.958,3267.833,3306.750
939.208,931.792,2402.875,2.959
1977.791,2074.500,26615.583,3759.750
1078.416,1074.959,2498.958,2.500
1546.917,1619.875,3139.958,1.666
941.875,972.917,2527.542,2589.917
1227.792,1261.042,4024.000,2.542
677.500,672.083,2456.667,1.750
835.292,835.083,2915.084,1.375
1363.750,1405.542,11159.125,11977.833
962.125,975.125,3269.542,3.083
1191.959,0.500,3256.042,3373.375
1690.708,1730.792,6711.417,6670.166
1369.458,1393.542,3503.833,2.666
1302.500,0.584,20971.958,20668.125
1879.458,1937.917,7381.500,3.791
1159.834,1163.667,5647.833,1.708
1758.000,1787.125,4814.958,5007.208
1573.083,0.250,8749.208,2.708
1131.334,1124.958,5286.125,1.917
2073.542,2113.500,36700.917,4019.541
856.375,844.417,2461.625,2.708
1297.917,1320.667,5772.542,1.667
760.167,752.667,1966.417,1.375
961.583,960.250,3251.417,1.416
717.542,713.542,3867.375,1.208
1359.417,1370.417,3151.709,3170.375
553.666,541.791,2433.458,2.667
1276.750,1281.417,3254.500,3230.292
1089.459,1088.792,4116.417,2.667
1443.834,0.292,2924.750,1.750
835.000,819.542,1964.709,1.375
1679.125,1713.958,4023.500,3982.041
1131.833,1139.041,2669.167,2719.875
1183.209,0.333,2916.792,3079.042
1243.750,1261.459,3374.333,2.750
1391.167,1415.375,3992.584,3994.417
1635.333,0.292,3247.958,3289.584
1644.291,0.167,3425.709,3431.792
1404.208,1419.791,4873.208,4839.375
1623.042,1660.708,3808.000,2.708
927.250,925.666,3265.292,2972.042
1319.709,0.333,2559.708,2550.375
1282.917,1321.750,2399.500,2442.292
1513.334,1554.750,4558.458,2.541
700.875,0.250,4180.666,1.625
1344.666,1359.208,3531.209,1.375
1845.250,1885.583,14424.500,1.250
1035.667,1039.458,2457.458,1.250
1031.792,1013.792,4997.708,1.500
1315.333,1332.291,4525.625,1.292
1007.458,1016.917,2443.458,1.208
1362.916,1403.542,3918.958,2038.166
1441.458,0.250,3621.292,2.000
640.208,0.208,2664.166,1.709
971.125,970.958,10063.208,1.292
841.292,831.459,3417.625,1.375
1752.208,1796.250,192696.375,190322.417
710.083,701.458,3570.166,7.833
1554.042,0.250,11802.708,4006.709
519.792,493.583,2208.125,3.125
1512.458,1524.250,3422.166,1.750
746.250,741.958,2469.208,1.375
1455.750,1484.792,2829.250,3110.416
998.375,993.417,6031.083,2.542
1316.166,1330.042,4293.792,1.792
1448.000,1460.625,4209.250,4399.667
573.125,557.875,8527.875,2.584
2195.542,2255.583,20028.500,12608.500
1493.959,1524.250,16045.333,3.083
565.000,554.709,2471.417,1.666
1123.042,1128.709,4632.709,1.291
1224.792,0.291,6704.791,1.500
556.916,541.750,2882.875,1.458
675.833,0.583,2063.167,1.292
2188.792,2246.291,6009.375,6080.458
1419.834,1426.417,14333.000,15604.042
869.375,857.334,2004.417,3.000
888.333,878.125,2232.208,2458.375
707.834,699.750,6215.292,2.666
1292.167,1314.542,3626.000,1.625
1730.500,1764.500,3582.792,3767.542
628.209,616.666,4445.542,2.458
1194.042,1220.042,5169.542,5629.834
822.041,0.250,3805.333,2.916
950.250,960.333,2885.750,1.625
1070.750,1085.375,3085.209,1.500
1139.709,1150.500,13442.125,15583.375
951.125,949.625,2840.250,3.292
948.708,941.250,2209.708,2376.875
1677.625,1715.917,5642.208,5940.292
1204.167,1213.791,2272.542,2.750
1775.333,1799.709,22582.625,2638.084
1059.958,1066.917,2267.125,2458.166
1746.750,1789.250,7578.375,8080.750
1101.333,1105.833,3900.791,2.875
1037.959,0.250,2863.792,1.834
1435.417,1463.000,2707.542,2914.875
1517.875,1549.791,10140.500,2.666
1312.250,1329.834,3077.417,1.625
984.416,0.250,2855.334,1.584
1260.042,1287.209,3461.541,1.333
1025.792,1042.917,2253.708,1.333
789.708,790.458,1819.167,1.291
1327.041,1334.334,3192.917,3399.583
899.000,900.792,5980.625,2.666
762.917,0.292,2492.292,1.708
1444.083,1461.959,3107.875,1.625
1009.000,1014.208,3114.250,1.417
1966.917,1990.291,8277.125,8573.125
1296.708,1326.875,2811.375,2.833
1291.417,1314.709,3231.917,1.833
1153.417,1128.000,2610.041,2754.667
1479.417,0.375,3437.083,3606.959
930.958,905.166,3104.375,2.584
1386.125,1411.584,5768.375,2864.875
1477.708,1497.667,30066.334,31240.500
1018.875,1011.875,3262.292,4.000
823.500,813.250,1828.000,1.791
714.583,704.084,2004.375,1.333
695.542,682.084,1757.750,1.417
1316.792,1327.500,2786.208,3025.708
1395.958,1408.125,2762.708,2936.584
1312.625,1324.042,5042.583,2.750
983.958,979.584,1912.500,1.875
645.667,636.083,5855.250,1.417
1066.750,1069.000,2551.292,1.375
1874.375,1896.875,9292.875,10286.375
1302.375,0.333,4655.042,2.792
1105.875,0.208,2388.958,1.875
1158.917,1163.041,2410.042,2658.333
1048.584,0.292,2768.833,3.000
1116.708,1113.708,3782.583,1.666
938.333,942.833,2632.792,1.416
2137.375,2207.667,3864.541,4605.750
1132.959,1148.500,2139.792,2425.375
1297.834,1293.292,16663.417,3.000
1189.209,1120.625,3642.041,1.875
1148.042,1093.542,3173.333,1.375
972.000,961.791,3916.208,1.333
1193.459,0.292,2733.166,3345.917
1236.792,1228.167,5515.458,4.000
1577.834,1603.833,3864.667,4115.375
410.250,0.292,3000.708,3.084
504.250,498.000,56217.625,1.542
1019.417,0.250,2755.208,2819.959
1103.125,1104.416,3774.917,2.542
909.125,902.459,2568.750,1.750
830.875,821.041,3700.833,1.541
1474.750,1487.209,3471.917,3681.583
947.958,945.375,3794.708,2.625
1347.833,1366.042,4887.667,5196.666
567.083,553.833,2527.125,2.792
971.542,975.125,6163.292,1.875
882.417,871.667,2630.667,1.417
1532.458,1557.209,5032.750,1.375
683.209,0.333,4736.583,1.291
1149.834,1163.166,3495.833,1.333
548.666,532.625,2055.125,1.209
801.791,800.750,7865.333,1.291
1164.250,1188.750,4485.000,1.208
974.125,965.458,2345.916,2576.084
1047.917,1053.417,3681.583,2.583
1102.541,1094.375,3376.833,1.666
1769.084,1808.042,3776.708,1.417
1531.750,1570.208,3579.959,3824.375
1857.375,1852.500,13295.834,3297.916
1205.417,1207.125,2157.208,2295.417
782.417,765.750,4339.625,2.708
546.833,533.875,2281.792,1.750
840.459,847.750,2519.458,1.583
1589.084,1605.333,2921.166,3619.542
819.917,0.292,2509.125,3.916
1713.750,0.250,3911.875,4357.666
1477.750,1500.125,2529.792,2713.041
923.625,922.042,2997.333,2.750
1448.459,1464.541,2840.125,2928.083
951.375,929.833,3989.333,2.792
1559.500,1572.958,3389.708,1.792
1727.583,1722.625,49602.083,2747.125
996.291,977.250,2524.958,2.333
1630.292,1608.042,4335.708,4306.584
1557.625,0.334,5725.875,5825.708
2181.583,2188.459,4722.666,4620.541
1227.125,1239.458,6736.417,2.833
831.458,837.834,3852.375,1.833
447.917,0.291,2049.292,1.375
609.834,0.209,2199.375,1.250
921.791,926.667,2236.333,1.416
883.875,863.375,2029.792,1.333
976.667,959.042,4852.208,1.250
1262.292,1245.500,8401.625,1.334
697.291,0.250,1858.208,1.250
1221.292,0.208,4309.458,4418.084
321.792,305.500,1344.500,2.584
1655.041,0.250,31185.333,7455.458
1052.208,1028.916,3019.458,2.541
1277.625,1302.208,5524.084,1.667
1173.000,1171.458,2800.875,1.375
1311.625,0.333,3825.333,3899.000
912.917,915.958,2433.542,2.542
1050.916,1051.750,4258.459,1.750
1401.667,1426.833,6170.083,1.416
1299.542,1312.792,5871.833,6055.208
657.958,651.875,2843.500,2.625
786.708,0.584,2231.083,1.667
648.625,632.625,3803.292,1.333
1654.958,0.333,4470.583,4599.750
1165.500,1169.125,8730.667,2.583
1547.458,1590.042,5774.667,1.500
1240.417,1260.375,10815.667,1.542
740.042,0.333,2120.000,1.334
830.792,843.083,2100.209,1.292
1288.209,1296.000,2932.083,1.291
1125.375,1119.167,2993.833,1.209
1162.750,0.291,2492.250,1.167
1123.084,1104.667,5919.792,5700.750
1129.084,1118.458,2664.625,2.833
669.375,648.917,1754.250,1.500
965.375,952.792,591177.333,1.625
999.209,980.250,4484.750,1.334
1145.750,1165.125,3394.791,1.334
876.708,868.292,2490.125,1.292
786.500,775.083,3507.500,1.209
1113.416,1129.667,4146.875,1.250
942.667,949.292,3692.292,1.291
1141.458,1157.875,8331.625,1.250
1091.625,1081.334,5283.583,1.250
616.209,602.500,2347.792,1.209
816.500,802.500,2784.584,1.250
1467.542,1465.875,2508.292,2467.917
906.000,892.750,2251.458,2.834
1608.542,1587.166,5597.375,1.875
1137.416,0.292,5203.125,1.459
1202.125,1200.708,3569.333,1.375
1220.792,1209.250,3615.208,1.292
2051.459,2058.417,39596.250,2724.917
805.083,782.250,2043.291,2.375
587.875,573.541,1531.208,1.625
1179.750,1159.958,2046.375,2167.750
1877.542,0.292,3793.542,3922.208
736.750,0.208,1942.292,2.667
800.542,0.166,2135.167,1.666
1008.375,1023.459,8897.209,1.500
935.125,929.958,3877.667,1.292
2498.458,2487.750,4802.833,4943.750
1365.834,1344.625,233727.042,240992.583
1380.000,1350.500,4442.375,2393.208
1216.500,1212.959,2764.667,3.209
1649.417,0.292,4788.167,5221.291
1283.834,1255.125,4112.000,2.833
1520.042,1555.250,3683.916,1.583
1043.292,1042.584,2131.833,1.375
1696.375,0.250,33709.667,3452.333
1284.625,1292.166,4779.875,4832.000
638.917,623.583,1832.625,2.750
1599.000,1634.500,4578.375,1.667
1106.792,0.333,2178.875,2308.209
895.917,899.084,2457.125,2.583
2140.792,2219.250,3747.666,3886.625
990.416,971.792,2121.417,2.666
1183.792,0.334,2489.416,1.792
843.250,0.167,2311.250,1.375
765.709,744.167,1820.667,1.334
783.292,771.208,1965.375,1.250
1335.208,1329.750,3509.417,1.291
1191.750,1159.916,2630.209,1.417
1035.084,989.834,2366.708,1.250
1010.542,978.584,2236.709,1.292
1257.625,1274.166,2831.125,1.250
1472.167,0.292,4705.709,2473.709
1147.625,1139.416,2136.042,2.083
986.250,0.292,3748.500,1.583
879.833,847.584,4317.834,1.458
2226.041,2248.083,57928.000,4447.958
1717.875,1772.500,3940.458,3.125
1001.542,997.375,2527.417,1.583
902.000,0.291,3061.792,1.500
1276.333,1290.583,3339.500,1.250
1509.625,1533.458,4777.166,5112.833
1109.875,0.292,3602.000,2.750
383.208,0.166,2051.250,1.708
1694.667,1717.875,94468.167,95564.833
532.125,515.083,2034.792,4.667
2101.375,2154.375,8587.541,8742.208
953.417,947.667,2752.708,3.375
1447.333,0.291,3027.417,3168.458
1099.000,0.208,3164.583,2.792
461.417,0.208,1864.750,1.875
1484.875,1506.875,2909.792,3000.500
687.500,682.666,4703.292,2.458
1018.583,1026.292,6139.167,1.709
989.125,988.208,3788.458,1.417
2576.500,2376.834,6452.917,6792.917
762.875,690.916,1730.084,3.000
822.083,0.292,3065.625,1.917
604.917,588.166,5054.333,1.375
782.292,729.833,1799.917,1.417
845.084,0.250,1936.041,1.291
936.292,887.875,2142.792,1.291
916.125,875.875,6037.917,1.292
1680.125,1612.833,5271.792,1.292
1252.084,0.250,52051.208,1.291
697.541,655.292,1786.625,1.250
902.500,863.708,2214.750,1.209
1196.209,1142.875,6046.292,1.333
1034.041,1000.709,2353.250,2637.708
784.500,748.459,5161.208,2.500
790.667,733.583,1608.250,1.792
1662.333,1581.750,4046.750,1.458
771.708,742.750,2075.250,1.416
1121.292,0.333,2540.459,2771.542
1140.125,1110.667,2865.250,2.416
1459.875,1439.458,4816.834,5249.292
1048.583,1033.542,2288.167,2532.583
1301.458,0.292,2857.541,2.625
884.667,0.208,1946.209,1.584
1200.167,1162.125,3206.292,1.458
1218.750,0.375,2686.583,2922.375
1133.625,0.167,3272.708,2.459
814.875,790.250,2928.375,1.875
1297.500,0.291,22948.667,1.792
1275.542,1260.917,3314.041,1.334
1630.959,0.291,3256.666,1.292
603.375,583.417,2314.791,1.292
1235.750,1204.958,3092.833,1.291
833.125,810.541,1968.125,1.167
1154.708,1128.875,2609.625,1.250
2139.167,2155.708,11874.875,12514.958
1645.083,1614.792,4704.209,4750.042
1003.500,0.500,2076.042,2.500
1288.166,1267.208,2743.917,1.792
1654.667,1685.333,2702.417,2789.000
958.583,940.125,2004.416,2.500
1133.583,1113.750,3136.125,3414.917
876.958,853.792,2840.916,4.875
844.416,826.250,2701.084,1.542
1062.750,0.291,2977.083,1.500
1019.584,0.167,2130.209,1.417
1674.708,1673.333,4460.917,4592.666
1027.334,0.250,2489.959,2650.625
1983.291,1967.166,5857.417,6228.500
1871.875,0.416,5213.209,5640.500
1006.292,984.125,2582.917,3.083
1102.958,1095.375,2833.584,3021.542
1751.375,0.292,4127.292,4313.083
1264.125,1243.292,8589.292,2.625
1221.666,0.333,2504.333,2595.833
1028.750,1000.375,4710.083,2.541
1098.292,1070.541,2743.291,1.583
1768.541,1778.458,14165.917,15838.167
1280.708,0.250,2761.208,3.084
1038.792,1007.333,2558.541,1.834
983.250,948.375,3234.167,1.583
950.625,898.708,10133.500,1.334
1059.167,1033.833,3369.125,3614.708
1343.042,1343.209,23914.000,2071.584
1406.667,0.291,4290.042,2.541
1290.833,1269.708,150840.209,1.541
1366.125,1347.875,2748.791,3041.708
1014.083,0.333,3041.959,2.792
1749.500,1733.667,8744.125,1.709
1025.833,1020.334,3880.458,1.417
1599.833,0.375,4238.209,4432.708
1034.375,1001.500,2411.459,2.792
1777.833,1515.334,16040.584,3069.292
1193.666,931.625,4091.375,2.625
1235.917,1033.458,3173.084,1.583
1395.417,1002.166,3258.583,1.458
961.209,773.917,1796.792,1.292
778.958,0.375,1710.709,1.333
1380.084,1227.250,29015.750,3719.125
1137.792,1010.542,2678.708,2.583
1791.917,1711.125,14370.416,1.459
1452.666,1230.875,26955.708,1.333
1223.583,1210.875,3663.541,1.458
884.250,866.917,4728.208,1.250
1128.416,1104.250,2544.583,1.375
709.250,692.667,2261.750,1.292
853.250,845.875,2601.500,1.209
1140.042,1139.667,2436.542,1.250
634.583,622.125,2196.500,1.209
727.000,707.541,4413.250,1.333
1637.958,1629.292,3357.958,3472.709
1043.000,1020.708,3057.958,3155.458
1208.209,1187.500,4435.292,4526.625
682.834,674.042,6299.958,2.667
1062.583,1044.459,3668.334,1.625
1159.250,969.833,3032.166,1.375
721.750,657.000,2446.583,1.500
1388.208,1325.250,2944.125,3107.667
498.958,461.417,2042.959,2.625
1061.209,0.458,3464.958,3663.209
1010.083,0.250,11737.542,2.750
1311.666,1237.792,3070.917,1.583
1057.875,1003.625,2566.834,1.333
782.459,0.250,1918.375,1.500
880.500,838.708,2768.459,1.334
1683.792,1609.291,12841.875,12986.917
792.334,0.333,1887.958,3.333
1017.000,973.666,2940.125,1.541
1350.333,1316.791,3950.875,1.625
1922.000,1842.792,6011.250,6169.792
1590.417,1381.333,27341.458,30747.750
1333.333,1123.916,2513.958,4.375
1150.583,1121.209,3075.959,2.000
1239.083,1237.958,3083.000,1.375
1201.917,0.250,2485.125,2776.333
1365.208,1363.083,2929.084,2.875
1214.250,0.334,3417.250,3723.916
1624.583,1633.791,5044.584,5272.667
1060.416,1067.042,2461.917,2637.250
1361.625,1327.542,19076.250,18894.459
1661.291,0.292,4628.458,3.041
1100.417,1091.917,3860.250,1.792
1278.000,1251.916,2562.958,2726.958
750.917,730.458,6052.875,2.750
682.041,658.417,2734.625,1.791
1211.709,1199.875,3626.709,1.334
703.709,681.792,5182.833,1.291
1255.375,0.334,4744.333,5028.791
584.042,563.709,4249.041,2.708
894.125,883.125,2751.750,1.792
641.667,0.291,2130.833,1.417
1107.000,1109.292,2581.834,2795.250
1132.125,1023.875,5479.459,3.167
670.875,612.541,3461.542,1.792
1554.542,1486.458,5182.125,5657.000
1672.000,1585.333,15548.333,2.917
1359.083,1284.125,3399.333,1.583
1586.875,0.250,3996.375,4201.625
888.041,834.666,2016.291,2.625
852.875,810.333,2038.500,2254.917
1059.750,0.291,3275.417,2.541
1133.792,1091.291,2038.833,1.584
488.292,463.916,1668.000,1.500
994.750,959.459,2825.459,1.333
1125.958,1107.583,5266.959,1.333
1229.542,1196.000,2283.792,2422.458
1331.292,1290.167,3786.125,2.375
819.208,781.416,2377.291,1.666
1721.458,0.333,153746.041,148659.750
1857.875,1842.708,53160.125,3633.458
955.334,0.292,3390.916,3.042
885.875,0.166,4832.958,1.667
1795.750,1770.083,7679.166,8678.708
1043.750,0.333,2288.375,2478.625
1477.750,1436.458,4412.959,4654.166
921.041,907.958,2861.625,2.667
954.708,938.167,2395.000,1.875
1145.667,0.250,3117.417,1.500
670.333,0.167,3908.541,1.334
1870.791,1837.750,16177.250,2497.209
1643.875,1609.291,4870.209,5322.125
1029.125,1020.667,3044.209,2.458
1360.208,0.333,2921.084,1.500
1637.542,1548.250,2517.667,2725.250
1188.625,1145.625,6527.083,2.458
383.792,346.000,1517.125,1.667
1416.375,1346.125,2970.834,1.541
532.875,0.416,2772.542,1.375
2110.667,0.250,6413.458,6435.542
1442.417,0.209,7324.917,7822.167
913.708,864.458,3505.375,2.750
1373.833,1211.958,5948.375,1.500
1143.167,0.292,2221.083,1.375
1636.542,0.167,5679.000,4318.167
652.750,622.958,2425.792,2.541
596.459,557.625,2105.333,1.708
1708.334,1620.042,5265.375,1.375
1060.416,1014.333,18901.208,1.291
1699.583,1629.084,6996.833,7215.209
659.500,624.709,1909.791,2.500
1533.625,1455.709,3338.208,3582.584
1516.375,0.291,5172.250,2984.166
938.958,907.709,3310.375,2.625
1243.958,1212.375,5097.500,1.667
1311.084,1281.958,3167.458,1.375
1309.625,1270.125,3633.792,1.334
1399.541,1382.750,2710.916,1.292
896.916,875.292,2701.500,1.416
1156.750,1127.458,2202.250,1.292
1933.000,1913.375,6853.875,6918.291
1407.708,1376.875,4922.417,4979.333
797.791,771.292,3104.500,2.583
1572.125,1546.375,6631.542,6660.458
1233.250,1194.833,5360.875,2.875
1287.250,1258.958,7975.542,9014.042
1513.458,1481.166,6886.417,2.750
1490.291,1461.875,4233.458,1.583
794.000,766.583,2326.083,1.375
1699.042,1654.833,5126.666,1.417
887.583,866.292,1992.625,1.250
1468.458,1440.834,6976.541,4172.417
827.958,792.667,2775.083,2.458
938.125,914.583,2023.792,2135.334
945.708,917.250,2365.291,2.291
1145.209,1117.125,4042.209,1.625
1168.041,1141.875,2866.209,1.542
1250.208,1240.042,2886.084,1.375
909.667,0.333,2644.125,2782.084
1818.958,1824.000,5790.500,4917.333
1530.625,1496.041,7154.625,2.541
1665.834,1621.667,31422.291,16583.292
1315.333,1298.792,5152.125,8.917
1578.458,1562.167,38029.166,38388.584
1559.250,0.291,3330.833,3623.041
1177.334,1145.334,3694.458,3.334
1088.916,1051.500,2132.709,2294.167
1859.375,1851.792,6838.583,6896.000
577.584,547.333,2887.416,2.916
1347.625,1312.125,4175.791,4165.375
2003.750,1984.834,44694.500,4322.500
1173.375,1143.500,2494.750,2.584
1411.917,1384.791,4429.625,4440.875
1072.042,0.250,2028.042,2.541
608.250,588.000,1945.291,1.709
1102.708,1070.584,3355.583,1.375
1550.667,1535.000,3648.542,3766.292
1007.625,0.250,5099.125,2.584
1394.875,1373.042,21527.791,2068.334
941.042,921.500,3718.209,2.250
1344.167,0.334,4190.000,4249.042
1085.958,1059.750,2756.041,2.459
1121.625,1114.625,3745.375,1.625
1482.625,1436.375,21325.625,2411.333
1132.833,1085.333,2462.666,2.125
725.000,680.417,1589.583,1.667
1210.958,1174.750,3313.583,1.333
1028.417,991.708,3741.000,1.666
2011.167,1940.041,3300.958,3407.709
1518.833,1504.000,4119.250,2.417
1160.250,1131.542,12447.500,12583.167
1592.541,1550.292,5770.917,5975.084
828.250,797.125,1942.000,2.750
1086.125,0.292,2034.625,1.584
1203.916,1136.958,3512.708,1.458
1074.000,0.291,2577.375,1.458
1386.333,1338.250,7144.833,1.250
1587.334,0.333,4473.959,4660.375
2528.000,2451.375,31740.458,3218.750
852.875,0.333,2117.917,2.458
1855.083,1771.375,4118.625,4214.208
1442.167,1381.709,6286.125,2.666
1564.417,0.250,4716.916,4355.167
1005.458,959.250,3155.292,2.792
1756.833,1680.625,4437.834,1.625
1128.792,0.250,5910.334,1.500
754.792,712.208,2907.375,1.250
882.291,840.250,2480.375,1.375
777.375,754.458,5873.000,1.250
2061.208,2009.041,9327.042,4015.583
1253.083,0.250,2337.625,2389.167
1451.750,1387.875,30297.625,2.917
1175.833,1130.541,3456.750,1.791
1251.166,1205.333,4084.667,1.375
744.541,723.166,2666.625,1.500
922.708,884.416,2591.250,1.292
1353.208,1288.458,3614.708,3693.625
624.125,588.250,2659.583,2.625
456.459,437.333,3896.583,1.791
1027.292,978.417,2435.291,1.416
1624.583,0.291,5099.791,1.333
839.417,801.792,2384.375,1.292
1371.375,0.291,2640.625,2661.625
1251.041,1221.750,2735.375,2.583
628.125,602.917,1834.667,1.709
876.459,852.333,2573.709,1.458
750.959,0.250,2192.958,1.334
1057.500,1041.292,3650.542,1.458
725.000,0.209,1618.791,1.292
1750.209,0.208,42601.917,3106.250
1384.459,1408.792,3092.292,3129.959
2070.208,0.292,3799.166,2.459
1549.584,1542.791,6968.917,7095.792
1579.041,1555.916,2829.834,2924.250
701.041,690.125,2552.584,2.583
830.209,807.125,2157.416,1.833
898.541,891.250,2544.333,1.458
1236.375,1238.708,3681.666,1.375
1037.833,1036.167,3195.292,1.417
1577.292,1608.042,6517.458,6670.875
1000.333,0.291,2956.750,2.542
1367.875,1332.541,11729.708,1.542
1421.917,0.292,2782.000,2854.416
2011.458,1972.292,7620.625,7497.542
1997.084,1955.792,5445.625,5741.292
1498.833,1449.000,4239.041,3.875
1145.541,0.292,2854.833,1.792
747.417,726.500,2052.250,1.542
1545.833,0.292,11944.375,12371.458
612.875,593.542,3161.750,4.250
1762.375,1734.459,6953.833,1.875
1333.000,0.291,11360.166,1.417
1346.333,1317.458,3050.292,3336.167
1112.250,1087.833,2244.167,3.250
1926.041,1891.625,28049.541,4369.584
518.500,490.375,1775.916,3.334
903.084,858.375,3286.417,1.584
1184.750,1125.417,3538.875,1.458
1960.000,1906.958,28369.959,4994.958
1191.625,0.291,2350.292,2.584
512.625,469.666,2046.875,1.709
704.833,663.542,3919.833,1.500
906.000,0.291,2335.167,1.416
1281.750,1240.167,3195.417,3425.666
1341.750,1346.542,4454.750,2.750
1076.875,0.291,28970.584,1.584
1502.542,1490.584,4413.334,1.542
1872.666,1862.542,3600.000,3841.166
774.125,743.042,2222.083,2.625
1006.209,0.292,2341.166,1.584
463.375,435.500,1538.625,1.292
1191.000,1164.833,3521.334,1.334
1801.542,1773.250,9067.250,9535.459
1401.458,1384.708,8871.000,9662.916
920.959,859.584,3417.625,8.000
1669.375,1638.791,24302.584,26252.333
526.292,0.250,1866.208,4.709
1159.000,1149.292,3918.458,1.666
1148.292,0.291,8081.125,1.333
819.292,802.041,2633.916,1.334
945.458,919.875,2392.750,2572.959
1048.000,1023.583,3119.083,2.917
726.084,0.292,1950.833,1.542
626.125,0.208,1684.125,1.417
1181.166,1196.125,3106.792,1.292
1135.791,1108.167,2464.583,1.375
678.500,0.250,1946.084,1.292
869.625,834.042,2472.833,1.209
1384.791,0.250,3148.208,1.250
1026.750,996.167,2960.459,1.375
929.583,0.250,99137.708,1.292
1174.208,1155.375,2421.583,2444.375
892.250,871.042,2648.708,2.500
865.625,0.250,2241.875,1.584
1335.875,1305.541,6745.167,1.541
506.584,480.875,2136.000,1.291
1219.125,1189.208,2247.250,1.417
907.458,0.208,6391.625,1.250
1180.083,1172.708,3000.916,1.208
1461.542,1438.958,4532.750,1.333
1901.125,1879.083,4793.708,4874.083
1341.875,1312.416,4537.750,2.583
1269.542,0.333,2305.084,2381.083
1099.708,1079.375,4649.958,2.458
975.750,961.125,5030.542,1.792
791.917,0.250,1837.875,1.375
1640.166,0.209,4767.542,4669.000
993.542,990.417,3205.792,2.583
297.542,272.375,3521.292,1.666
1617.625,1613.125,20440.083,2504.166
1388.167,1365.417,6476.333,2.458
722.500,684.667,2081.208,1.625
930.750,898.708,2409.000,2215.375
583.458,557.042,1899.542,2.375
946.916,924.667,3100.666,1.542
790.625,759.916,2314.750,1.458
971.416,0.292,2517.375,2579.250
1377.042,1369.125,8429.250,2.333
648.333,619.000,1929.125,1.625
1024.250,1000.708,2394.833,1.500
1151.750,1135.750,5471.166,1.375
630.709,0.250,3415.166,1.291
1356.917,0.167,2615.875,1.250
931.166,907.875,2112.792,2217.917
1038.250,1029.000,2210.458,2.500
1282.667,1266.417,2392.875,2494.666
1106.750,1080.791,4085.458,4234.500
1644.250,1638.500,5246.042,5533.125
453.917,428.833,2024.459,2.667
1280.791,1249.583,2826.958,1.833
1405.417,0.292,2949.583,3044.750
1325.542,0.208,22144.750,3381.250
991.459,965.375,2443.417,2.583
1086.917,1066.708,3522.708,3567.000
568.417,546.250,2323.584,2.500
566.250,0.291,1465.916,1.625
1452.792,0.208,2808.625,2901.542
1422.917,1447.917,3546.459,3727.125
1146.292,1160.084,2968.417,2948.250
753.709,743.250,3192.791,2.542
1271.750,1295.167,2822.542,1.667
987.833,995.375,2630.459,1.333
784.208,777.750,2203.625,1.541
1284.667,1307.208,2436.625,2516.417
1293.042,1296.083,3671.667,2.417
1410.625,1428.542,7457.084,1.750
763.917,757.500,2952.167,1.458
1234.750,1243.792,2523.083,1.416
1428.125,1472.708,3200.917,3264.167
1734.584,1756.334,5968.833,2.500
1649.792,0.292,3946.625,4102.833
2297.417,0.208,7396.500,2.417
969.375,959.166,2491.167,1.542
470.083,446.250,2469.917,1.333
709.625,698.500,6721.625,1.458
1130.000,1143.625,5366.333,1.542
1933.583,1952.416,4799.458,1.250
1455.250,0.250,26691.667,3510.208
980.250,984.417,2771.209,2.250
1604.917,1647.292,3981.625,1.625
1110.750,1114.375,2859.209,1.416
1556.209,1572.000,3373.959,3459.666
1526.708,1553.000,4548.250,2.416
1264.583,0.292,2712.083,1.500
1643.084,1651.042,4166.334,4330.792
1485.166,1515.167,2954.042,3062.625
1878.917,1889.334,7692.083,2.458
604.417,584.875,2164.542,1.750
1157.833,1132.000,2581.167,1.417
716.667,0.250,2306.459,1.458
1045.125,1067.416,3222.833,1.333
822.459,1.375,1969.000,1.291
1280.292,0.208,3116.541,1.375
885.833,891.375,2152.750,1.292
1647.250,1675.542,31774.334,2585.333
702.375,0.292,2052.459,2.292
994.167,0.250,2163.084,2241.000
937.958,950.250,2122.292,2.458
1245.542,1261.667,3170.750,1.584
784.125,772.292,1877.958,1.542
374.583,354.417,9742.708,1.375
924.500,935.792,2308.625,2423.958
1456.250,1479.958,4237.167,4384.292
1275.250,1262.250,3412.208,2260.000
1813.250,1819.375,3461.500,3509.333
893.458,883.625,2407.083,2.458
1133.833,1118.042,4763.750,1.750
609.375,0.292,3183.958,1.417
1045.458,1037.500,3587.666,1.333
1870.834,1873.584,4569.000,4454.167
1358.584,1343.375,4449.333,4440.500
1649.125,1629.292,22116.333,23738.000
1408.042,1405.667,6728.334,4.834
831.209,811.000,3492.000,1.792
1247.959,0.333,4883.167,5530.833
1018.958,1018.250,6191.875,3.709
922.250,913.291,2469.916,1.583
1821.875,0.375,6928.459,7328.584
1269.000,1250.667,3509.042,2.916
936.875,907.833,3303.833,1.583
868.958,845.084,2482.417,1.333
968.917,0.250,3989.166,1.583
1684.541,1674.709,5329.875,5791.916
654.166,629.083,1847.083,2.750
886.500,0.291,2108.917,1.666
727.209,698.875,2166.458,1.375
1520.041,1494.000,5173.250,1.333
1212.250,1185.833,6789.125,1.375
2191.375,2167.375,66708.125,6386.083
1252.208,1215.416,3610.875,3772.375
1580.083,1559.041,5554.875,5632.417
1882.250,1876.708,36847.667,2924.542
1616.541,1599.750,4434.166,4449.459
1920.708,1909.333,20772.875,5404.625
598.500,0.292,2432.208,2.583
1028.750,1011.500,3315.792,1.583
969.958,957.333,3014.792,1.375
1683.000,1665.542,10747.583,3498.041
1309.416,1283.333,3258.250,3997.166
1345.708,0.292,2967.209,3287.833
1422.250,0.167,5088.334,5609.458
1082.375,1056.375,2311.208,2466.916
670.459,647.500,3919.625,2.666
1025.959,994.875,3918.166,1.625
724.084,0.250,4164.334,1.542
601.750,578.208,1523.708,1.292
992.542,0.292,3711.167,1.333
1106.292,1076.708,2556.958,1.542
979.250,0.250,2525.375,1.167
1247.250,1220.583,3054.292,1.292
1126.542,1093.583,2230.083,1.250
750.250,730.917,3335.625,1.208
1727.041,1696.791,2906.042,1.208
1237.625,1206.791,3055.625,1.167
1089.000,1058.417,2260.583,1.167
712.959,679.916,3068.417,1.292
1731.875,1695.875,4136.083,1.167
850.666,822.792,5824.292,1.209
1140.667,1116.000,3197.084,3358.292
1000.584,980.292,3153.916,2.542
1243.500,1205.042,2554.792,2644.417
933.542,902.708,3304.958,2.459
558.584,526.042,1957.916,1.667
894.125,862.375,2876.625,1.458
883.625,852.375,2093.667,1.375
1696.417,1671.125,2803.292,2973.125
1136.542,0.292,2340.708,2472.458
1172.375,1157.167,2374.250,2.333
651.125,624.583,2818.208,1.500
874.458,850.750,2185.000,1.500
1411.125,1379.291,4453.584,1.375
1170.125,1143.334,2700.834,1.458
1259.583,1225.625,2401.750,2408.083
1401.417,0.333,2572.709,2645.042
936.833,0.208,2590.875,2.542
1398.291,0.167,2593.166,2654.833
1454.083,1420.916,2724.041,3140.625
1025.291,988.334,2132.208,4.417
1914.833,1895.708,11302.417,11941.958
1022.458,998.125,4051.917,4397.250
1683.542,1644.666,9120.667,2314.583
1864.500,0.334,3914.833,4055.833
2035.875,1995.625,9001.875,3065.083
1119.334,0.250,5047.000,2.542
1211.667,1180.542,3944.000,1.584
1367.000,1335.125,7634.291,2263.584
871.292,849.875,2219.875,2.292
1627.542,1602.208,5798.125,1.875
1344.583,1341.208,2715.833,2824.375
1455.792,1444.042,8920.625,2.583
1257.417,1216.709,3364.459,1.667
1346.958,1326.833,2722.500,1.375
1300.500,1286.333,14747.166,2162.250
946.834,921.542,2402.250,2.333
825.792,807.125,3563.500,1.667
992.583,974.750,24461.375,1.583
1005.000,982.084,3296.209,1.291
1443.333,1436.958,4695.833,1.291
496.166,468.666,3437.416,1.292
1052.375,0.334,2347.083,1.334
1448.375,1423.167,26588.459,18742.542
751.959,727.500,2692.916,4.250
1158.792,1145.208,4562.125,1.875
1146.625,1128.667,5422.167,1.375
1682.125,1652.917,24855.708,3369.125
1325.084,1304.667,2776.167,3050.417
628.292,604.875,1608.041,2.834
347.583,334.834,3082.291,1.875
1070.000,1058.333,2577.125,1.500
894.292,864.000,2877.458,1.417
803.666,775.500,18165.958,1.292
1352.625,1332.042,5032.042,1.500
1320.500,1312.792,2460.042,2817.500
1483.167,1455.000,23688.667,3785.167
1192.209,1172.583,13554.250,6228.458
898.500,874.167,3259.875,2.958
898.958,875.250,3322.875,1.625
993.292,991.083,2207.375,1.458
486.042,458.416,1815.417,1.417
1000.833,976.042,3126.125,1.458
778.083,750.625,4041.875,1.250
614.125,0.417,2493.083,1.291
1063.417,1060.292,2266.375,2443.625
509.333,487.500,3100.083,2.625
1507.667,1481.459,4540.292,4719.417
1648.375,1641.291,31123.375,2.583
2035.458,0.292,39742.584,4322.042
1078.333,1061.666,2713.291,2.709
845.625,820.584,2077.291,1.625
1323.250,1301.667,4137.083,1.459
655.042,634.458,2016.917,1.500
1168.709,1152.958,2564.708,1.291
1540.875,1524.709,18763.042,1.250
1885.208,1856.291,12847.250,4063.708
916.458,0.333,2340.625,2.500
1804.333,0.250,9522.625,10390.209
1146.333,1135.792,2586.500,3.958
1125.500,1115.875,18860.375,21027.458
897.250,876.791,3406.625,6.375
685.041,656.333,2711.208,1.666
1835.208,1824.709,11199.792,1.458
1665.916,0.292,5159.625,1.542
1195.000,0.250,3302.083,3583.708
826.500,804.167,2691.750,3.291
767.375,0.250,2709.416,1.667
1389.500,1367.000,5213.542,1.500
874.417,845.083,3793.708,1.334
1093.625,0.292,1982.958,1.292
779.083,773.041,1782.666,1.250
1542.541,0.250,3694.459,1.292
1048.500,1018.166,2565.041,1.208
1528.292,1506.375,13910.792,15274.791
894.417,864.458,2772.416,4.500
742.625,716.709,1966.250,1.708
1290.333,1278.167,2565.750,2879.083
1139.959,1117.584,2618.792,2797.208
1630.584,1609.292,3241.458,2.459
501.208,473.625,2985.417,1.750
1147.250,1135.416,2440.834,1.333
695.583,678.125,3896.458,1.500
1260.292,0.292,5424.083,1.375
1088.875,1055.791,3974.375,1.208
607.792,569.083,7575.000,1.375
1976.958,1981.042,25873.000,1.208
1433.042,1394.750,4450.708,4566.667
1367.792,1336.042,4573.625,2.750
994.042,0.292,2794.167,1.708
872.792,839.666,3141.458,3431.000
1153.375,1147.209,2217.584,2.584
851.750,830.875,2045.750,1.750
1391.417,1355.916,4044.167,4183.708
972.750,941.667,3497.958,2.792
1159.708,1131.750,2609.875,1.667
1048.959,1023.375,3628.083,3778.459
1474.500,1430.958,47807.208,6447.833
1221.542,0.292,2220.791,3.125
2895.792,2865.000,64069.875,7360.292
1625.459,1575.250,7460.209,7910.792
521.208,488.875,2811.416,3.750
1068.042,1033.666,3144.833,1.792
583.292,557.125,2194.416,1.417
1308.667,1280.541,6309.250,7119.417
1561.458,1532.875,2537.333,3058.084
1358.375,0.333,3530.708,3.541
1908.417,1873.375,6331.000,7344.333
391.167,363.583,2337.500,7.167
1500.417,1484.584,3842.667,2.083
495.000,465.584,2681.583,1.750
1199.167,1166.541,2416.208,4262.375
1010.792,990.833,17522.666,4.542
1862.666,1830.250,23715.167,3127.208
1719.333,1698.500,7044.708,4.917
2161.125,2140.750,25244.083,17546.209
1375.667,1347.292,3012.833,3658.708
1077.834,1050.541,3994.875,5586.958
736.792,0.250,1773.584,6.709
1086.708,1064.833,2032.709,1.542
1462.125,1431.292,12590.750,15221.791
1443.667,1422.875,3866.000,5.375
974.875,0.250,2261.292,2558.333
1303.250,1293.541,2992.708,3289.500
1032.041,0.292,2226.791,3.083
1322.500,1305.208,6251.542,8658.084
1396.292,1354.167,10536.833,12743.166
1079.292,1045.459,3576.292,6.459
980.875,954.666,4234.250,1.791
841.334,815.375,2251.084,1.334
1432.958,0.291,4361.541,1.292
1346.250,1311.625,4694.000,1.250
1066.625,1078.542,4273.750,1.291
1102.250,1107.709,3285.625,1.333
1160.334,1165.500,2751.542,1.167
1547.167,1570.084,6239.250,5201.959
1061.250,0.292,2806.125,3.709
1244.209,0.250,8612.833,1.500
925.917,932.917,2777.750,1.459
889.625,891.583,2205.166,1.291
1022.875,0.333,4071.750,1.458
1013.375,1011.833,2307.209,1.250
1411.000,1435.125,7908.208,1.292
1564.250,1588.541,7568.083,1.209
1201.875,1211.125,2828.792,1.250
1147.458,1168.125,2879.500,1.291
985.375,988.583,2878.875,1.250
874.625,878.625,3149.500,1.250
1411.584,1421.416,4072.084,2623.417
656.000,644.875,1773.375,2.792
1353.000,1373.625,32524.875,1.625
1157.584,1157.583,2912.833,1.417
1348.667,1360.166,28198.375,30128.958
1049.667,1054.584,2886.708,5.500
962.000,959.708,3810.250,1.708
546.375,535.833,3549.292,1.542
1548.458,1559.667,5051.459,5120.416
758.292,0.292,2221.583,2181.708
1485.500,0.167,5302.291,2.708
1778.459,1805.166,9868.583,2693.500
1406.833,1391.500,3062.834,2.792
465.875,438.375,2200.333,1.791
1008.417,1004.792,2749.209,1.500
89.500,80.875,1639.917,1.459
409.375,389.500,3865.291,1.292
2052.583,2046.833,5142.917,5389.667
2214.708,2207.708,17871.708,19508.667
984.167,0.292,2942.333,4.375
1952.958,0.208,4262.416,4564.417
850.208,837.750,7301.542,2.875
1243.875,1249.875,9540.458,1.667
1306.042,1298.750,6995.666,1.584
769.333,747.125,3008.500,1.375
1278.875,1292.208,2629.750,1.291
933.041,934.208,3262.416,1.333
357.000,330.583,1752.084,1.292
1019.250,0.458,4357.458,1.250
925.625,0.167,2739.000,1.208
495.333,472.458,1672.416,1.250
976.500,957.833,1899.250,1.250
1263.167,1249.167,2512.416,1.209
907.583,888.708,3437.125,1.292
846.834,825.417,3003.292,1.250
1870.416,0.292,3895.459,4065.459
1400.459,1377.417,4929.167,5238.500
1056.708,0.209,1935.250,2146.333
1642.500,1636.375,3746.375,4042.292
811.333,779.750,2316.167,2.625
1897.875,1867.250,5708.083,5964.500
1559.917,1553.334,62410.542,64534.333
486.542,459.292,1943.834,4.958
1487.042,1472.792,2912.000,1.834
570.958,543.083,8052.834,1.416
846.625,829.375,2176.792,1.333
1312.209,0.291,2672.625,1.250
1084.000,1093.292,2425.959,1.250
1307.834,1323.000,4470.042,4736.250
781.916,764.916,3292.709,3.250
1113.042,1120.167,6425.208,1.625
724.083,0.250,1833.666,1.583
1438.292,1459.791,19631.542,10908.708
1787.958,1837.541,14002.042,2.709
1203.458,1212.041,2126.584,2.041
1203.500,1210.084,4619.416,1.458
1063.958,1056.500,3459.250,1.292
933.000,937.375,2659.667,1.291
1656.833,1687.958,8716.750,9084.917
1275.417,0.250,22008.292,2.917
799.000,794.042,2438.542,1.584
1750.459,1793.042,5034.667,1.459
480.875,461.959,2080.167,1.500
1681.792,1684.084,8123.208,6834.333
1150.292,1138.958,2814.500,2.584
1196.000,0.291,2167.083,1.583
1397.500,1393.584,2532.834,2610.625
1528.208,1544.042,7923.792,8156.125
1098.667,1072.708,3186.042,2.709
1420.042,0.250,2917.416,1.708
1406.042,0.208,4133.125,1.584
1238.292,1228.792,3512.667,3665.000
2049.084,2048.292,110470.833,99016.250
1394.042,1408.208,34189.000,33828.166
2230.750,2258.792,40845.333,40223.833
1446.042,1447.375,4729.917,4.000
428.583,408.458,1824.709,1.792
1389.375,1374.458,6905.458,1.375
1197.292,0.292,3417.750,1.292
669.667,664.125,2455.791,1.375
1566.709,1563.166,5452.875,2704.583
1579.959,1574.250,2870.333,3000.167
1633.333,1630.125,15159.666,2.958
879.667,869.916,2171.500,1.709
779.500,760.459,2201.459,1.334
857.125,838.541,2226.708,1.292
1393.708,1390.291,2627.209,2775.542
646.375,621.500,2023.958,2.750
1289.041,1272.500,2964.042,1.583
1028.166,0.291,2247.667,1.542
1610.125,1586.375,8021.084,3956.292
781.667,757.417,2124.500,2.458
955.667,960.250,2607.792,2737.500
988.750,967.667,2864.375,2.666
1423.792,1449.291,9797.625,7460.417
1938.000,1963.709,5328.667,2.875
488.084,477.458,1908.583,1.709
1152.458,1179.417,4271.625,1.292
1398.375,1422.209,2654.750,2795.958
1461.375,1466.250,3515.792,2.708
1009.583,1010.791,2411.542,1.666
1193.375,1204.667,10209.500,1.500
611.292,609.208,2506.750,1.333
1226.209,1232.500,3154.875,3252.167
1100.250,1105.166,2495.833,2.583
1157.541,1162.166,5191.750,5606.875
1445.542,1471.250,5305.791,3221.292
1366.917,1376.083,4347.125,4467.209
1286.417,1291.583,2697.875,2.666
739.792,741.250,2552.917,1.708
1858.416,0.250,5631.042,5816.583
1249.583,1269.125,3642.125,2.750
1024.500,0.291,2401.833,1.708
1078.166,1090.958,3303.208,1.375
853.083,859.416,1886.291,1.292
1131.000,1137.792,3467.292,1.250
1202.584,1231.250,5867.417,1.291
1344.709,1362.041,30438.916,2275.042
1180.042,1198.709,3405.041,3394.084
1165.083,0.292,9679.125,2.417
1453.250,1470.708,6080.750,6291.333
1760.083,1803.167,20284.708,20673.792
692.334,671.750,2649.834,3.458
1351.500,1374.583,3710.209,1.791
754.000,731.750,2752.208,1.375
640.917,622.084,1923.083,1.334
858.667,847.083,5798.250,1.375
1034.750,1025.167,2336.542,2581.209
1196.500,1158.083,2691.833,2852.834
1367.500,1351.084,2917.500,3080.458
1356.000,1347.084,4700.333,2.458
1081.708,1050.500,6054.417,1.500
925.042,901.458,2341.083,1.625
951.334,0.375,1802.500,1.333
1318.459,1296.250,2597.542,2791.625
1216.167,1211.291,4838.709,2.458
1376.542,1348.875,3677.500,1.667
870.125,865.583,3862.083,1.417
1119.500,1105.875,2065.375,2234.708
741.167,714.250,2594.709,2.500
1692.291,1723.000,6627.875,7039.958
965.750,0.291,2160.208,2.542
1760.625,1755.333,5715.708,6060.291
802.333,805.333,2282.250,2.625
507.667,0.291,3581.458,1.625
643.667,641.750,2009.000,2180.833
971.625,952.292,2608.958,2.375
782.500,778.458,2208.750,1.708
1127.000,1103.833,3028.875,1.416
968.208,954.250,2421.875,1.250
1490.958,1480.500,3348.833,1.458
1045.416,1015.458,6514.666,1.333
2243.500,2244.042,97095.375,5943.917
1157.375,0.417,3161.750,2.500
1510.083,1525.417,4753.583,1.625
1188.250,1201.958,4195.875,4354.334
780.417,771.333,4359.667,2.666
1429.500,1465.250,6728.667,1.709
1099.000,1112.125,2296.041,2351.917
864.834,861.042,4619.542,2.709
1350.625,1369.500,2859.667,1.583
816.834,809.917,2147.709,1.375
702.834,0.250,3610.542,1.375
1054.292,1069.666,4088.375,1.292
1481.125,1464.291,12821.375,2785.208
1316.625,1303.833,3293.333,2.292
1909.000,1912.083,7410.834,1.583
955.750,0.291,2390.959,1.292
1625.667,1636.625,10815.959,2337.666
993.084,973.583,4196.458,2.167
963.417,947.292,2165.084,2291.958
523.750,510.792,1532.208,2.542
1110.167,1123.084,2195.208,2383.250
905.541,902.959,1843.500,2.416
719.958,708.458,2247.792,1.500
1232.542,1226.625,5409.667,5783.584
1024.917,0.291,2043.083,2147.542
1577.375,1566.167,3528.625,2.708
925.791,912.709,2792.875,1.542
818.583,788.583,2326.625,1.333
896.542,886.792,4283.458,1.417
1487.167,1477.542,3171.333,3306.750
1570.833,1543.459,3370.500,2.542
1303.000,1298.042,3043.459,1.584
976.625,962.083,130844.292,1.458
1471.500,0.250,4131.792,1.291
1306.458,1282.875,2750.083,2665.958
926.459,895.167,4595.500,2.584
826.875,814.625,1953.042,1.708
921.792,0.292,2542.208,2545.750
812.292,816.292,3708.083,2.459
1371.000,1351.125,3524.167,3555.083
856.791,853.625,2280.625,2353.709
1272.375,1292.959,3861.750,2.541
1264.166,0.333,4059.041,4129.750
477.667,456.500,5308.834,2.750
1302.125,0.292,6391.542,6839.417
873.916,855.250,1806.209,2.708
1124.625,1112.208,4079.833,1.709
1603.416,1616.250,4246.625,1.375
1031.250,1009.375,2019.625,1.375
662.125,636.000,1755.041,1.333
776.917,751.625,1650.083,1.250
1634.209,1622.167,4592.833,4650.125
589.875,560.209,1839.000,2.416
1550.834,0.291,4866.791,4928.000
1976.917,1967.917,11829.916,2.750
793.000,771.625,3601.500,1.584
891.291,871.292,4392.833,1.500
1455.625,1442.666,4639.584,2382.666
1167.083,1142.541,3040.542,3284.583
837.000,822.208,2065.291,2.625
794.250,774.500,2891.292,1.542
1583.042,1553.291,3905.292,3976.958
1378.250,0.292,4709.375,4713.667
1578.125,1563.292,16522.709,2159.375
2006.292,1963.833,37918.875,18966.250
705.875,659.125,1759.833,3.125
1011.625,0.292,2593.292,1.750
1256.500,1206.667,8220.667,8798.000
945.750,907.709,2905.584,3.125
1022.375,973.875,2352.000,1.500
1091.917,0.291,2743.167,1.500
1439.292,1367.667,5498.667,5583.958
926.042,871.958,2493.583,2.542
1037.834,887.458,2512.625,1.583
601.042,0.250,2313.542,1.500
1243.084,1180.750,5357.792,5489.417
1024.125,980.500,2407.250,2.625
757.667,727.375,2049.792,1.583
1607.000,1585.792,3514.916,1.375
988.208,961.000,4102.208,1.500
555.542,0.292,1876.958,1.250
1256.209,1236.917,3786.250,1.291
1061.166,1031.292,4260.083,1.292
1383.792,1393.084,10219.542,1.250
985.792,978.458,2460.958,2557.750
722.500,692.916,1805.417,2.584
843.750,824.792,2369.750,1.917
1660.541,1666.375,5092.833,2429.417
1780.917,1795.084,22088.166,3025.500
1619.750,0.667,4113.000,4087.209
918.041,0.208,5841.583,2.542
744.292,732.334,2307.958,1.625
908.291,899.125,2713.167,2861.375
1130.000,1118.000,3148.208,3279.875
1016.292,996.750,2537.042,2.417
1135.083,1106.708,3684.375,1.500
465.291,451.542,1699.416,1.333
969.542,949.250,2066.750,1.417
710.708,681.166,2485.416,1.291
907.834,877.792,2261.917,1.292
720.542,691.583,8496.375,1.250
1128.750,1110.208,2928.167,1.292
625.500,598.791,2087.000,1.250
1463.000,1430.167,3716.125,3962.250
2001.583,2006.167,3496.709,3914.291
1250.083,1213.541,3206.208,3434.667
1152.584,1115.291,2782.667,2.750
415.875,382.916,2225.542,1.834
905.166,0.292,2450.959,1.417
1143.625,1121.833,2210.666,1.375
1933.416,1892.167,6135.625,6447.500
1228.875,1202.542,2665.583,2864.459
1971.417,1959.541,5448.792,2.750
1322.042,1306.834,2929.208,3092.084
1219.208,1192.458,2466.000,2.583
1187.083,1151.417,3722.209,1.459
909.250,889.375,2527.875,1.459
1137.750,1117.542,2704.208,1.292
825.292,789.875,10521.959,1.334
1311.042,1287.000,4980.292,5120.875
1514.166,1485.417,3297.958,2.583
967.959,934.875,2476.416,1.500
1445.125,0.250,8222.750,8579.000
1026.125,1024.209,3513.291,2.625
1176.375,0.291,4795.875,1.667
1327.250,0.167,5262.000,1.333
942.541,0.500,4243.959,1.375
1186.750,1168.458,3824.042,4034.542
1607.000,0.292,14662.292,16070.042
1005.875,975.292,2712.292,3.375
1018.833,999.958,3064.417,1.833
935.292,900.083,2627.417,1.333
1385.791,1369.959,3909.084,1.291
859.042,837.375,3045.833,1.250
1206.083,0.291,3017.541,2896.541
946.750,911.083,2919.792,2.709
953.917,861.500,4428.292,1.666
904.416,0.292,3738.667,1.541
385.583,354.000,1627.958,1.417
1637.958,1580.125,10976.459,11751.875
1322.291,1249.083,3803.125,2.708
624.792,585.000,5765.041,1.708
1298.458,1239.541,2738.375,1.500
758.875,0.291,4342.292,1.250
1133.417,1092.708,6490.959,1.292
1595.375,1525.250,4515.125,4677.459
1056.166,1013.291,3137.875,2.708
1197.667,1167.334,4498.917,1.667
1150.583,1141.291,5232.583,1.416
1143.875,1115.125,2456.667,1.333
1108.667,1086.000,2181.750,1.375
945.084,915.750,2682.917,2787.834
1056.250,1038.417,3175.791,2.500
901.708,877.917,3919.583,1.583
1245.833,1222.541,4209.292,1.375
360.542,0.292,1819.542,1.458
1606.375,1583.625,18444.541,9504.666
1400.167,1397.708,4122.750,2.875
1095.584,1075.333,4457.292,1.667
1907.042,1892.625,3873.709,1.334
1548.250,1534.542,3099.292,3143.542
984.250,0.250,2351.291,2.459
1194.833,0.208,5270.541,1.667
1701.958,1686.916,4558.917,4416.167
1157.208,1179.709,3561.000,2.458
921.667,0.250,2645.541,1.708
1657.792,1692.833,9155.958,1.625
1533.250,1516.500,4505.292,1.291
1165.375,1161.500,2834.709,1.291
1649.625,1655.250,3460.625,3584.792
1375.625,1358.958,3084.584,3192.125
1098.958,1090.250,12416.500,2.417
1473.583,1433.500,7325.292,3332.500
936.542,914.083,3239.917,2.541
912.417,891.625,3940.583,1.666
1095.125,1061.958,3596.875,1.500
1089.417,0.333,3001.625,1.292
543.250,504.291,3678.667,1.292
977.750,959.000,2185.250,1.291
391.250,362.750,2370.166,1.209
1404.958,1386.792,2491.375,2597.958
975.292,948.167,2293.916,2.500
1513.083,1488.666,8958.083,9419.875
1131.709,1117.209,3488.208,2.541
1484.459,1476.500,13651.834,15023.833
664.917,638.542,1752.167,3.375
232.166,207.667,1252.209,1.667
1051.542,1018.583,2234.459,1.292
1563.250,1538.958,4032.958,4290.209
1176.125,0.292,6028.667,2.458
607.584,0.250,3939.375,1.667
2006.333,0.209,44495.500,3026.084
1265.791,1244.542,4108.833,2.250
1379.584,0.208,4435.333,1.500
668.916,0.167,2177.750,1.417
1075.959,1050.750,2587.542,1.292
1727.625,1712.000,3906.334,1.291
465.625,0.291,1687.792,1.292
830.416,815.667,4049.584,1.292
837.000,819.625,2334.916,1.208
1226.333,1201.667,3198.917,3295.958
662.917,639.542,1933.708,2.375
1093.000,0.250,2733.792,1.667
1422.416,1400.584,4170.250,1.375
1110.791,1092.083,7970.583,1.292
1447.500,1429.250,5536.250,5788.000
1091.917,1059.875,2743.375,2966.625
998.542,957.375,2753.541,2893.334
952.334,917.000,7018.500,2.750
1017.083,1000.416,3248.000,1.791
1038.000,1016.417,2781.583,1.375
1025.917,998.542,3213.292,1.291
2378.125,2355.791,32117.333,4100.708
1694.792,1648.584,33483.083,4382.125
1194.166,1174.375,3136.209,3178.625
717.791,0.250,1928.750,2.583
1036.833,1018.667,2443.667,1.750
1278.667,0.250,4571.125,1.333
933.625,924.583,3897.875,1.250
765.334,744.500,3582.459,1.291
1167.292,0.250,6173.625,1.250
1198.500,1167.750,5716.500,1.208
1448.584,0.250,4523.291,1.250
1531.541,0.209,5645.584,2586.125
554.875,524.750,129886.542,2.375
674.583,642.375,2417.917,1.583
1103.041,0.250,2333.458,1.542
1271.417,1260.583,3794.459,1.334
1296.333,0.250,4433.167,1.250
1839.709,1824.084,5348.791,2590.625
631.625,604.584,2525.916,2.041
1004.500,972.833,4885.875,1.500
645.459,627.000,8712.250,1.375
1793.167,1764.625,31560.167,2995.958
1027.166,1000.792,3187.750,2.291
1540.000,0.292,3895.291,1.584
1189.583,1145.333,4090.334,4179.083
1928.583,1917.833,34856.584,5859.334
906.000,879.625,3221.792,2.958
1461.583,1423.542,5397.542,1.500
554.500,528.083,2209.500,1.333
1072.125,1050.125,4456.750,1.458
788.083,766.792,2309.500,1.291
595.458,565.500,5314.958,1.209
1167.125,1144.709,3086.875,1.208
1355.291,0.291,3627.542,1.208
1078.834,1050.583,5705.667,1.209
949.041,0.291,2314.167,1.167
1203.834,1174.666,2325.292,2594.208
841.125,0.250,2470.625,2.500
1145.041,1124.542,3127.459,3386.209
1164.250,1145.459,2160.625,2.416
1003.625,982.041,2526.500,1.750
1352.750,1321.125,2509.584,2724.666
1514.458,1504.375,4024.209,2.500
1074.458,0.500,4058.917,1.542
1543.500,1517.625,8094.875,8694.875
1722.792,1725.667,15584.083,6302.041
1226.375,1198.916,2630.916,2.917
832.500,808.209,2662.667,1.667
1691.792,1662.208,3191.292,1.375
1708.167,0.292,7149.583,7627.292
470.250,441.542,2019.834,2.917
1572.500,0.292,4570.666,1.875
1332.958,1316.708,125898.750,1.375
2114.167,2096.333,26679.083,4333.333
970.333,951.000,2949.167,2.708
1533.166,1524.750,3645.875,3721.000
1370.333,1338.708,3464.417,2.750
701.084,0.250,1856.875,1.792
1416.708,0.208,7885.541,1.417
843.750,824.083,1983.083,1.292
1427.791,1413.375,3566.083,3733.000
1347.334,1336.125,4570.500,2.667
1420.250,0.292,4701.125,4786.875
855.667,846.667,2201.000,2.750
673.125,652.875,2226.375,1.750
753.500,730.000,2043.458,1.416
893.000,0.250,2449.625,1.375
1500.083,1484.208,5467.250,1.250
1139.917,1117.833,3439.666,3580.708
1091.500,1058.042,2482.292,2664.291
1330.917,1322.625,2949.916,2.709
888.333,868.667,6568.166,1.583
1210.958,1189.750,3049.292,1.542
912.792,902.333,2981.042,1.375
1127.542,1101.042,4702.916,1.416
1496.250,1480.667,7180.292,1.292
665.083,648.125,2851.667,1.250
652.708,616.167,1958.375,1.208
1084.250,1057.667,2757.000,1.292
603.584,574.167,3051.000,1.292
1779.042,1755.875,3626.541,3786.583
1274.500,1260.709,4512.500,2.584
1519.833,1482.375,6245.041,6191.625
1021.542,1004.000,2087.041,2.750
987.708,984.333,2357.625,1.875
1124.041,1102.583,3254.500,3403.958
936.667,907.875,2739.542,2.667
1043.333,0.292,2280.292,1.708
948.375,934.667,2461.167,1.375
959.833,958.958,2262.792,1.333
840.708,825.708,2212.500,1.417
1119.125,1098.958,3681.458,2525.917
1687.459,1761.417,4197.500,2.375
1241.834,1275.917,6255.458,1.750
1275.416,1322.333,2831.875,2896.833
1255.250,1306.667,2694.666,2768.042
951.500,959.875,2457.083,2.834
1373.000,1395.916,7224.167,7532.292
1488.875,1545.750,3146.500,3308.375
1419.708,0.375,65948.375,2.750
1301.041,1326.208,2847.625,2998.167
920.208,940.084,2362.875,2.875
1199.583,1196.417,4350.542,1.833
1395.375,1422.667,109572.500,5149.666
1036.292,0.375,5275.542,2.333
1328.125,1346.209,5561.625,1.667
949.833,958.250,4230.666,1.709
1258.416,1275.416,4503.666,1.291
1850.750,1910.084,9426.291,1.292
620.833,0.292,2805.209,1.250
1233.375,1250.208,5512.125,1.250
916.250,925.250,3038.167,1.250
1208.250,1238.375,3357.250,1.208
1704.000,1734.958,4745.625,1.208
1295.458,1328.583,3088.916,3234.750
1150.000,1163.208,2921.125,2.709
1201.000,1221.750,3519.000,3768.125
1000.583,1014.958,2212.708,2.500
1069.250,1081.875,2186.958,2374.125
1293.833,0.292,3135.375,2.625
1360.875,1383.541,2165.792,2431.250
1545.917,0.375,10823.125,8137.459
1013.542,1010.500,2749.083,2962.750
2093.625,2155.666,6339.125,7012.500
1703.667,1724.875,3508.875,3872.708
547.834,539.000,2194.583,2.666
1323.042,1352.792,3869.708,1.667
1308.959,1319.333,2928.458,1.417
853.167,845.875,5204.792,1.292
1068.292,0.250,2528.333,1.209
1417.750,1402.583,15604.584,17331.042
1336.292,1351.708,3421.583,3789.833
1447.750,1465.417,5441.000,2.958
1606.458,1623.792,5084.084,1.750
616.250,0.292,1582.625,1.417
1083.167,1109.208,2283.459,1.250
913.166,917.167,3255.834,1.209
1266.292,1274.375,3563.625,3914.625
667.042,649.917,3714.792,3.208
1325.000,1338.125,4335.334,4667.875
1871.917,1913.042,12319.750,4376.459
1089.459,1092.875,6494.334,2.750
717.334,720.084,2798.167,1.792
1407.208,1442.417,4601.375,1.500
472.292,457.708,4173.500,1.292
1180.125,1196.875,2769.000,3018.542
717.375,712.125,2685.083,2.667
691.000,684.500,2891.792,1.500
1277.458,1291.667,2474.834,2715.375
1178.875,1202.292,2816.167,2.708
878.750,888.167,2521.208,1.792
1086.000,1099.958,2395.708,1.334
1175.792,1189.291,2658.208,1.167
1074.292,0.250,1955.833,1.167
845.542,852.834,5270.916,1.166
1300.666,0.334,4378.209,4789.416
1482.334,1539.875,4231.166,4560.583
806.416,802.958,5780.833,2.750
889.416,887.875,2199.625,1.542
1918.458,1975.459,4492.917,4560.250
921.167,0.333,2227.500,2.583
1206.416,0.209,2394.042,2528.458
829.958,830.250,2542.958,2.541
1424.791,1437.792,4953.333,1.750
831.875,831.208,3480.709,1.375
1172.667,1199.292,2739.041,1.292
928.083,932.125,2821.417,1.291
1200.208,1200.791,4798.334,1.208
751.833,748.250,2319.666,1.291
906.166,902.709,4270.459,1.250
344.583,0.542,1547.208,1.208
1606.625,1649.708,5893.375,1.209
1571.334,1594.791,10418.250,10198.375
1358.125,1380.167,5209.333,2.625
763.208,751.750,2232.958,1.750
1580.375,1621.959,4961.333,2954.417
1178.875,1185.000,2449.417,2.166
760.458,752.000,3120.334,1.541
657.542,647.041,3664.083,1.458
690.459,683.250,2432.167,1.417
1586.750,1625.917,6134.084,1.292
1473.625,1477.416,3082.500,3230.625
865.500,860.750,2977.708,2.625
680.584,664.583,2925.375,1.667
1317.417,0.292,4215.250,1.417
1635.708,0.250,25782.791,9047.042
1160.500,0.167,26557.708,2.791
1064.792,1067.083,2445.875,1.583
1372.750,1277.792,3866.292,1.333
940.584,0.292,2787.000,1.208
877.041,734.834,3206.167,1.291
1510.750,1378.542,6530.209,7044.625
1541.667,1471.292,4484.208,2.709
867.250,0.292,1803.083,1.666
1208.416,0.167,2051.917,1.375
1586.542,1576.875,5706.792,1.250
1356.625,1363.292,2809.167,2944.208
1230.625,1232.792,2984.625,2.625
873.250,860.583,1927.709,1.666
627.417,606.292,2021.125,1.458
1351.792,0.250,3103.875,1.292
780.791,0.208,2321.833,1.250
1385.958,1380.166,3526.125,3655.083
804.875,788.167,3122.292,2.584
996.334,987.167,3558.625,1.667
1283.958,1293.375,3383.292,3743.000
1564.875,1590.000,5902.167,6613.667
204.917,0.333,2912.416,5.292
1860.625,1842.583,5591.375,1.750
612.958,598.833,1832.708,1.417
1158.084,1161.792,2376.375,2725.375
753.125,755.125,2957.250,3.083
854.292,857.208,1765.792,1.625
1427.792,0.250,3397.167,1.541
783.042,763.292,8344.583,1.375
788.041,788.667,5708.792,1.250
742.500,737.791,1916.166,1.250
1048.625,1050.916,2479.833,1.208
1303.959,0.334,122195.708,110067.833
552.333,535.709,1600.083,5.625
2080.000,2091.166,7970.041,8758.959
706.583,694.500,2007.625,3.625
706.584,698.208,1689.167,1.500
859.833,863.459,1976.916,1.500
1512.125,1541.125,4417.041,1.375
860.292,0.292,2411.417,1.291
1301.792,1326.542,2837.667,3127.500
1184.916,1201.959,6944.625,1939.125
936.542,946.208,3353.666,2.500
979.292,970.291,3165.500,3313.083
727.292,711.416,4028.417,2.833
1784.250,1805.792,19657.833,1.500
1259.417,1260.292,3925.167,1.542
569.875,0.292,1880.083,1.292
605.167,616.667,1455.708,1.250
1156.083,1164.000,3818.542,1.250
523.292,507.583,1823.959,1.167
439.500,424.500,2257.666,1.208
1750.250,1790.375,24454.000,2678.541
1034.125,1033.500,2804.292,2.417
1561.542,0.333,3557.666,3692.667
1206.166,1216.042,3049.417,2.458
895.542,885.625,2774.416,1.584
736.208,0.250,3904.667,1.334
983.875,991.792,2466.167,1.333
1136.833,1133.250,2408.417,1.208
1055.208,1055.208,5155.917,1.167
783.166,768.500,2636.375,1.208
1110.875,1117.292,3374.000,3626.959
1660.042,1685.208,2779.625,2971.209
1045.708,1051.000,4076.083,2.666
1109.083,1105.792,1375619.291,1.708
1191.000,1204.750,16442.875,3947.709
1575.833,0.292,6302.209,2.583
566.000,551.458,2462.542,1.709
1401.459,1402.542,4152.000,4234.875
665.209,0.250,2669.833,2.750
1356.791,1384.917,5284.542,1.666
1629.667,0.292,4005.000,4127.416
686.125,685.833,6956.916,2.583
936.666,928.834,2227.583,1.708
1355.000,1366.500,3926.167,1.500
795.875,789.625,3527.834,1.292
765.250,756.875,1714.000,1.250
1211.167,1226.625,5222.583,1.208
1402.542,1417.666,13254.833,2750.542
461.584,449.583,2535.291,2.500
990.375,0.292,2639.792,1.625
656.917,644.792,1986.500,1.500
1258.083,1275.417,6665.334,1.292
1145.417,1147.875,2436.416,1.292
1217.834,1210.541,4022.750,1.250
856.375,0.333,2259.834,1.208
371.917,359.625,3232.833,1.250
2103.333,2148.500,11087.375,1.250
1231.917,1255.083,2447.500,2545.500
1149.375,1069.834,6963.708,7746.792
600.625,583.416,3369.417,2.875
590.000,571.625,4325.458,1.708
1133.042,1147.416,86230.125,5542.875
1221.916,1226.542,5099.167,2.375
1298.709,1274.375,4089.375,4135.625
1806.083,1830.166,29414.000,3628.333
1842.875,1692.084,20315.959,2636.417
2241.500,1753.333,4153.917,2.500
861.917,739.875,3689.167,1.792
1196.666,0.333,2133.500,1.375
1074.417,822.208,16698.375,1.333
1726.958,0.333,2806.459,2981.625
2398.917,1716.750,5792.208,6048.209
1139.291,765.000,2848.750,4.125
2361.667,1721.500,10629.583,1.458
1022.500,865.292,2039.000,1.458
324.375,211.334,2266.792,1.333
1548.125,0.291,6051.750,6510.292
1459.875,993.667,2218.250,3.084
1554.666,883.500,1877.250,1.750
4167.084,1880.625,8683.625,8880.459
2720.083,1264.875,3333.750,10.875
3263.750,1193.792,2888.291,1.709
1981.000,902.417,1956.916,1.500
1454.375,0.500,2515.958,1.334
3657.834,1584.709,3756.083,1.250
1944.750,0.291,2053.375,1.291
2935.625,1464.250,3285.125,1.208
1787.500,1358.375,3319.000,1.208
2056.542,1724.417,8041.833,1.166
946.708,878.625,3036.750,1.250
1481.042,1277.000,3239.334,1.167
935.584,728.000,2514.708,1.167
1020.250,658.417,1647.500,1.208
3097.875,1982.917,47430.625,2671.625
2321.791,1939.000,8444.208,8699.917
1511.167,1296.959,5801.875,3.125
1795.250,1361.000,3598.583,3756.000
2207.208,1403.666,7186.666,7678.750
1470.250,1393.833,3606.291,3960.042
965.958,936.375,2397.458,2.750
1088.833,1085.291,3908.417,1.750
1331.875,1277.875,2739.416,2972.708
1412.250,1422.250,3100.042,2.667
1721.750,0.333,3693.583,3808.500
1163.000,1013.833,2257.791,2.792
1135.167,1059.750,2966.750,1.875
1368.292,1340.875,4163.166,4240.833
1091.667,1086.791,5032.375,2.708
894.167,875.291,2102.000,1.709
832.625,814.125,1947.500,1.333
1274.083,1267.125,3454.208,1.291
1181.416,1018.291,11786.625,1.167
1005.458,929.917,3030.542,1.291
772.625,718.500,1946.208,1.250
1131.000,1073.542,7111.541,8041.959
1575.375,1533.125,11259.250,11176.875
825.625,784.792,2764.750,2.917
1124.542,1093.333,3773.917,3938.584
785.208,0.250,1883.958,2.916
1122.417,982.833,2404.958,1.750
1402.791,1355.584,3052.333,1.416
886.708,873.208,3721.583,1.417
1430.125,1435.417,6043.875,6213.042
772.292,765.625,3194.584,2.709
1733.500,1651.375,19876.750,20208.417
1445.583,1133.209,2707.375,2775.500
1251.375,1245.666,2600.292,2645.958
1135.459,1126.791,3004.750,3032.875
1426.250,1435.750,4386.000,4342.084
1218.500,1202.041,4461.875,2.667
2031.000,0.292,6542.041,6755.792
1056.792,1008.917,3315.041,3494.500
1916.584,1842.542,7684.916,3271.333
1396.333,1347.250,3492.042,2.500
1295.708,1235.875,2711.125,1.625
1174.583,1140.291,2113.250,2279.791
1255.458,1239.416,2120.375,2.750
1303.333,1277.042,13886.500,1.625
1017.084,993.334,4002.500,1.625
546.833,0.291,1961.125,1.416
1106.750,0.167,3331.250,1.250
1758.875,1738.542,2978.667,3160.333
1341.250,0.292,2349.333,2.459
1315.833,1290.125,3561.458,1.708
1512.292,0.333,6824.208,7265.417
1160.167,1107.083,4316.333,2.584
1412.500,1406.292,3187.042,1.625
1182.209,1138.583,3262.167,1.417
1102.500,0.250,2239.791,1.292
1546.958,0.208,12367.333,15152.750
1602.583,1613.000,9996.958,3.292
937.000,928.166,2643.333,1.709
789.333,771.667,1943.542,1.417
1476.208,1404.500,4797.125,1.209
969.166,932.875,2009.333,2273.083
662.042,652.584,2141.541,2.583
1132.583,1135.875,3837.292,1.667
1063.292,969.333,2306.416,1.458
743.750,643.417,2186.834,1.458
2186.167,2024.917,23400.167,3437.833
1538.083,1489.709,7254.000,2.458
2295.083,2286.208,4477.167,5134.791
1465.125,1469.042,3438.834,4110.792
1723.458,0.333,3331.458,3725.917
982.208,0.250,8260.333,9536.625
788.875,0.167,6293.250,3.000
836.750,846.250,1855.834,1.709
812.416,0.250,6261.750,1.542
1352.750,1357.708,7190.959,1.333
918.083,915.416,3147.750,1.292
628.333,613.834,1690.292,1.167
1296.375,1312.625,4103.500,1.166
1020.167,0.291,1893.833,1.250
825.791,798.291,1717.708,1.167
492.625,465.833,2594.209,1.166
1381.959,1283.584,3735.417,1.208
314.416,286.375,1352.500,1.208
1700.042,1722.000,4227.542,2630.291
792.833,787.458,3752.709,2.333
1849.250,1884.166,5109.125,1.667
962.042,0.292,2318.500,1.417
785.375,0.250,2190.959,1.250
753.708,0.125,2582.333,1.292
1465.250,1514.250,7438.709,1.291
1251.333,1287.625,11346.958,1.209
1202.583,1222.750,3497.000,1.167
1043.209,1052.125,6838.916,1.166
1462.667,0.292,3805.042,3913.041
1830.500,1783.291,6558.791,6986.416
965.833,912.584,4837.334,2.917
602.042,0.250,12621.084,1.750
1066.083,1048.500,2232.750,1.375
993.666,958.375,6071.500,1.250
851.000,823.375,4810.375,1.292
996.167,961.209,5550.792,1.250
558.541,528.958,2056.000,1.208
1088.416,0.333,3077.791,1.125
2107.375,2052.417,5339.625,1.209
1155.500,1096.000,2921.792,1.250
1879.583,1835.667,8385.167,1.208
705.750,667.667,3872.750,1.125
2085.375,1964.709,23382.416,3496.250
1458.167,1262.750,4110.042,2.250
1263.667,1189.500,2440.000,2637.209
430.083,390.375,1780.500,2.459
1013.666,944.792,2605.958,1.625
1518.750,1502.375,5199.542,1.333
1139.125,1104.208,2123.292,1.375
1291.584,0.959,3345.333,3543.042
785.500,0.208,2695.416,2.458
1005.917,974.916,3522.625,1.500
1033.542,1002.250,2274.833,2458.625
712.834,686.208,2389.959,2.292
730.459,699.125,2493.458,1.708
1285.500,1261.417,5329.041,5757.333
1223.291,0.292,6952.083,2.667
978.208,942.875,2686.208,2824.333
719.125,699.000,2015.417,2.459
1699.916,1634.833,3157.834,3390.584
1989.917,1917.916,5006.583,3611.500
1882.458,1714.708,3208.208,3448.917
1103.250,1015.333,2285.250,2485.958
1245.625,1164.584,2531.917,2694.708
1418.250,1347.334,2862.834,3036.208
715.667,676.750,2318.792,2.667
551.916,511.792,1830.625,1.750
1185.667,1100.250,2398.583,1.334
1651.375,1576.875,18023.000,2890.458
706.208,666.125,9737.333,2.416
1227.542,1154.250,3547.958,1.583
2044.708,0.333,3342.042,3788.833
2000.708,1944.875,3402.791,3597.791
1149.041,0.292,3823.125,2.542
1405.459,1394.375,2397.458,2538.958
750.958,730.959,2106.625,2.708
868.792,844.167,1810.667,1.625
1454.958,1421.792,3524.250,3694.500
884.292,859.542,1871.834,2.542
725.208,696.042,2434.916,1.542
718.625,687.667,2063.167,1.333
1320.958,1299.916,2459.958,2660.125
901.375,873.250,3506.834,2.375
1655.500,1625.625,69583.917,1.625
1403.417,1393.541,5380.625,3943.625
597.208,569.334,1999.583,2.584
1199.166,1183.458,4043.084,1.625
1144.042,1114.917,3642.708,2102.000
820.500,0.375,2442.834,2.375
1598.333,1576.375,8604.584,1.583
1194.208,1152.584,2714.792,1.458
556.083,527.834,2492.625,1.375
1297.959,1191.458,3395.000,1.291
1875.958,1684.334,3673.709,3692.709
641.916,588.917,2186.167,2.584
1008.583,899.375,2950.167,1.875
932.292,882.583,2729.500,1.333
861.208,821.708,3950.208,1.333
861.458,834.958,2097.792,1.291
1145.500,1102.459,2843.708,2822.417
1185.000,0.291,3738.708,3699.792
1621.083,1601.458,3895.875,3910.041
789.583,753.792,2997.833,2.667
1534.667,1497.916,14488.500,2328.333
1034.708,1021.208,7868.542,2.208
2055.291,2023.334,3976.833,3975.750
819.709,790.125,3268.959,2.458
969.833,946.625,3808.500,1.583
1682.125,1653.292,27326.166,2373.542
1350.375,1318.083,4627.000,4597.125
774.834,751.708,1897.125,2.542
508.875,482.625,2420.625,1.542
753.709,0.292,2607.208,1.250
809.000,783.416,1901.667,1.583
1314.709,1284.416,9791.875,6180.917
1750.375,1595.958,3142.500,2.834
1684.375,0.292,16394.375,14619.000
1051.625,0.209,3491.541,3774.083
1011.959,979.375,2366.000,2.750
1209.834,1194.833,2394.208,2475.959
1119.583,1102.708,2759.375,2.625
2166.167,2129.250,35204.458,5595.959
831.334,0.291,5900.708,2.834
557.833,0.208,2037.750,1.708
1079.292,1073.833,3302.917,1.500
1908.125,0.209,22260.125,1.334
988.459,957.792,1971.792,1.250
1154.333,1121.333,2642.833,1.250
841.875,783.959,1946.083,1.208
916.750,891.958,3911.667,1.333
1377.541,1356.875,2422.542,2540.875
1023.291,998.291,4186.792,2.625
374.459,352.792,1861.125,1.833
1108.416,1078.959,5988.375,6103.917
1432.542,1396.875,27886.084,2750.458
481.375,0.292,1590.083,2.625
763.375,739.666,10570.625,1.542
1151.709,1118.166,3146.583,3233.666
648.584,0.291,2645.167,2.625
940.208,899.458,2077.250,1.708
823.250,797.000,1770.709,1.333
1545.625,1527.208,3673.250,1.333
1442.875,0.333,3263.458,3318.875
1745.083,0.250,19925.291,3282.250
1224.958,1077.333,2521.000,2.458
1304.792,1113.250,5800.458,1.583
1425.417,1251.417,8168.208,1.250
1303.625,1204.958,16078.500,1.209
950.708,876.667,2567.250,1.417
1099.375,0.250,4405.041,1.250
879.167,835.667,4231.084,1.250
1471.250,1380.458,3063.875,1.208
1827.833,1670.708,5767.125,1.208
728.084,658.834,6384.583,1.250
1323.666,1299.542,3209.584,1.250
1667.250,1629.084,13578.583,7292.167
522.459,496.667,8137.625,2.709
2187.958,1845.958,4530.542,4721.791
1708.708,1631.791,2854.750,2971.208
858.625,817.667,1969.584,2.625
1324.459,1299.917,3184.166,3309.167
993.916,0.292,2707.084,2.750
1394.209,1423.708,2908.500,3023.416
1238.875,0.292,2386.166,2.625
2186.500,1358.250,4572.125,1.750
1057.917,986.083,2926.042,1.375
1000.416,951.042,6257.208,1.250
1138.958,1100.834,3033.083,1.208
1408.417,1365.208,3726.542,1.250
812.750,772.333,7442.917,1.292
1176.750,0.333,3633.375,1.208
1280.208,1253.666,2677.459,1.167
834.167,793.541,2483.375,1.250
1506.584,1440.167,7556.708,1.208
932.875,884.917,3001.042,1.291
1032.708,995.709,2876.666,1.209
1700.750,1650.833,3194.250,3309.209
1012.833,915.167,3510.834,2.541
777.917,732.041,2338.583,1.667
955.375,920.709,3799.791,1.459
1177.250,1105.334,3698.209,1.292
858.375,789.375,1839.209,1.250
803.458,739.167,1817.959,1.208
1469.084,1428.458,4419.583,4546.416
979.875,0.417,4583.583,2.375
2005.917,1666.083,3016.875,3390.250
1221.084,1170.542,14478.625,2.417
397.041,375.042,1858.000,1.625
1331.833,1295.417,2425.417,1.500
1186.083,0.333,2651.833,1.375
603.625,573.583,2693.417,1.375
1165.750,1133.916,2604.875,1.166
916.958,894.166,1981.958,1.292
1447.333,1391.709,3115.708,1.417
1099.667,0.250,2167.458,1.208
1025.333,1013.667,3956.042,1.208
1148.708,0.291,2845.125,3096.542
1627.542,1657.791,4128.709,2469.208
386.292,362.125,1643.667,2.417
836.000,827.292,2488.334,1.500
1187.666,1183.375,2869.833,1.333
1036.750,1033.375,2133.292,1.417
871.750,866.542,2250.000,2509.417
888.292,889.500,3203.625,2.417
981.333,980.208,2328.625,1.583
852.500,839.334,2268.959,1.333
1197.417,0.333,3860.334,1.292
1158.333,1171.375,2607.125,2800.292
1293.625,1320.792,28894.916,2362.917
662.500,0.250,2240.042,2.458
123.375,106.958,1590.959,1.583
1472.916,0.250,11047.334,1.458
1658.708,1660.958,31201.958,11743.250
934.875,928.792,3219.959,3.125
870.458,850.000,1944.208,1.416
1012.000,1005.833,3394.708,1.500
987.709,987.584,2539.375,1.333
1054.125,974.000,2802.792,1.250
1015.334,955.625,2150.500,1.333
1037.625,979.959,2493.583,1.292
688.417,653.250,2457.042,1.250
710.000,681.875,4582.833,1.208
1061.792,1034.834,2325.875,1.208
1229.375,1183.333,2721.084,1.166
1096.125,1070.458,8829.542,1.208
723.541,639.666,2687.500,1.167
898.208,877.041,2542.792,1.208
1144.333,1139.500,2296.291,1.208
1331.500,0.250,2396.667,2645.000
1805.542,0.208,8524.292,9152.917
1009.958,999.666,4417.084,2.833
1833.584,1888.875,16457.709,17834.875
428.958,342.416,2576.500,7.375
1037.042,1047.083,2751.958,1.750
2073.292,2117.125,20388.417,3595.250
1238.959,1230.750,3099.958,3364.792
415.209,396.292,2776.333,3.084
845.083,852.667,1716.542,1.750
1399.833,1421.542,5805.500,6276.625
1607.375,1622.208,3640.625,2.917
1477.000,1463.208,5274.584,5840.375
954.708,944.750,3978.583,4.083
1183.833,1184.833,2932.709,3343.083
1366.292,1371.083,3222.542,3.167
1172.542,1192.958,5850.542,1.542
1367.667,1379.708,2264.458,2402.292
1040.083,1027.292,3027.666,2.625
1124.417,1134.375,2720.250,1.709
648.958,0.250,2944.459,1.458
547.583,531.167,1996.750,1.375
1332.541,1334.417,18895.166,12110.917
1338.041,1352.291,2810.125,3059.500
1041.417,0.292,2243.500,2412.667
472.125,458.459,3374.958,2.917
379.792,354.333,2059.458,1.792
1415.125,1444.083,2825.125,1.458
1477.667,1444.500,3048.125,1.208
1233.459,0.250,2512.834,2678.959
770.458,737.584,1667.709,2.667
1007.541,974.625,2218.750,1.708
2043.750,0.292,4119.500,4297.958
1213.750,1094.208,2538.916,2.666
838.709,0.291,3939.625,1.542
453.750,436.250,1895.375,1.375
1055.542,1012.084,15165.292,1.250
1031.083,986.625,2725.292,1.458
1428.250,0.292,3525.666,3694.417
701.708,670.125,1605.375,2.750
704.417,677.583,2009.250,1.750
1347.083,1315.542,2655.917,1.375
1172.333,1134.083,3544.125,3802.375
1129.708,1083.542,2626.375,2.875
1640.333,1620.917,3752.625,3929.708
885.375,863.166,2071.959,2.708
870.917,848.209,3507.333,1.500
1711.292,1664.375,34079.916,1.333
1349.291,1297.625,2692.459,2887.708
945.042,927.333,3419.458,2.709
2363.125,2382.958,48677.208,7851.500
1056.000,1045.125,2796.709,2929.292
1278.125,0.291,2900.459,2.791
1298.917,0.208,3134.291,3264.792
832.875,0.208,2506.000,2.750
496.125,0.209,3063.834,1.709
1618.833,1589.125,11022.042,11308.625
1102.083,1079.291,2629.834,2.959
589.750,558.625,2459.750,1.583
803.125,790.500,3260.750,1.500
1245.541,0.292,3213.833,1.292
1266.416,1268.875,3970.709,1.500
1387.917,1413.417,3457.750,1.250
1388.833,0.291,6878.875,1.250
1340.000,0.167,2650.042,1.167
749.958,738.250,2123.083,1.208
1703.458,1722.875,8042.042,1.167
1457.625,1475.291,2944.042,1.167
792.583,0.375,2318.083,2213.250
1050.375,1087.458,2842.875,2828.208
686.791,676.209,2926.334,2.542
566.625,545.500,2299.792,1.584
1567.541,1604.417,7003.125,1.333
1125.417,1142.791,2504.792,2548.875
603.833,597.541,2338.666,2.625
654.166,645.958,2003.292,1.833
471.500,465.041,1802.875,1.375
1332.792,1353.625,2667.500,1.375
1145.375,1152.792,4125.542,1.250
1308.750,0.458,2773.333,2826.041
2085.333,2069.292,6787.750,6868.083
702.000,679.416,2438.209,2.625
1470.334,1460.709,10589.916,1.667
1075.333,1047.458,3075.459,1.333
616.292,589.959,1833.833,1.333
791.583,768.584,3280.833,1.209
785.209,0.333,2166.166,1.208
958.500,954.375,2683.625,1.250
1530.625,1512.416,2867.042,1.250
1331.625,0.250,5674.750,1.208
1387.417,1371.583,2871.250,1.250
753.084,723.333,3092.458,1.291
968.333,949.417,2638.958,1.250
1680.875,1561.500,23010.333,1.167
1611.750,0.292,5345.250,1.250
1188.958,1132.542,143287.625,149023.291
1254.125,1197.958,3690.750,8.584
1177.375,1123.375,3691.208,1.791
1998.958,0.333,19142.208,3829.750
918.541,865.125,2726.041,3.875
1422.334,1354.083,2602.875,2749.208
986.125,927.917,2381.917,2574.083
1687.875,1618.917,5273.416,2789.375
985.584,923.208,8017.292,2.833
990.500,939.541,10807.958,1.750
1103.500,1063.792,4715.792,1.292
1201.334,1165.083,3071.584,1.250
892.167,868.334,3764.125,1.334
930.666,0.333,2430.833,1.250
1185.167,1143.125,2621.125,1.291
2061.500,2065.667,6935.125,8652.958
802.708,780.042,2021.917,5.083
1361.375,1341.959,21901.417,17413.042
1154.625,0.250,2823.292,4.708
1445.583,0.208,4118.000,1.584
1234.583,1218.375,5089.958,4907.916
1632.041,1610.791,2721.166,3.083
1789.708,1761.000,11575.291,9885.750
806.292,0.208,7598.667,2.875
1811.250,1786.792,436248.125,4047.334
1217.250,1193.333,2483.334,2.500
1189.958,1151.833,3376.833,1.625
1163.792,1139.916,3291.916,3422.667
666.292,646.000,2715.041,2.750
2396.500,2369.208,4575.083,1.708
1184.875,1209.209,2413.042,1.584
1651.208,1671.709,5029.208,1.292
955.459,0.250,2892.458,1.333
1399.334,1411.583,7456.834,1.209
769.083,764.333,2101.209,1.208
949.000,959.000,3269.292,1.167
866.291,865.708,1955.083,1.209
277.917,257.917,1521.125,1.125
770.625,772.666,65384.500,2584.625
873.208,0.250,2597.208,2.500
1188.750,1219.750,2640.875,1.792
1751.333,0.292,2938.083,1.375
1144.000,1142.292,2663.916,1.291
774.292,764.500,2695.500,1.333
1044.166,0.250,3029.459,1.250
1522.459,1558.709,4647.291,1.208
512.667,502.208,1554.416,1.209
1337.792,0.292,2603.167,2879.834
1498.375,1545.125,10374.542,11324.583
1015.416,1011.666,3694.542,5.667
1452.542,1484.167,3755.166,1.583
845.125,849.292,1858.875,1.250
1014.292,1021.750,3170.417,3742.208
1310.083,1334.958,3229.250,2380.417
1104.958,0.292,2461.000,2.708
1688.625,1721.417,4943.334,4525.209
692.416,686.292,4942.416,3.375
524.417,513.583,28466.458,2605.791
1041.167,1044.292,2048.708,2.333
1780.458,1816.333,406935.792,4021.667
1041.541,1047.833,3125.875,2.375
1213.791,1242.916,3841.666,1.625
1572.792,1607.417,7981.666,1.625
1137.667,1159.333,3146.667,3192.750
1514.167,1552.625,3987.959,3.042
1408.750,1434.666,5006.000,4934.208
1209.875,1224.125,3866.458,2.791
966.750,967.708,2292.583,2373.458
877.083,0.292,4813.125,2.542
1228.791,1243.500,2940.042,2798.500
1453.417,1491.667,10707.292,10897.458
954.458,961.125,1848.500,2.917
1232.375,1214.208,3059.708,3251.625
1613.500,1640.625,4236.125,2.667
999.833,994.583,2994.209,1.792
1167.583,1174.208,3034.917,1.334
1381.792,1393.875,16964.333,1.375
1225.792,0.292,3352.083,3297.375
1304.125,0.208,15858.584,2870.750
1609.750,1646.916,4778.791,2.459
1073.959,1079.125,2407.375,2437.375
1159.416,1165.792,10990.875,2.750
2478.125,2562.709,16719.917,17571.292
371.458,0.292,2001.541,3.500
1526.209,1532.583,10230.458,2223.750
907.000,0.292,2226.208,2.500
539.125,523.959,2105.667,1.584
1293.542,1312.333,4307.292,1.334
868.791,874.083,2429.875,1.542
1217.292,1239.125,3493.375,1.250
1053.583,1056.500,3288.166,1.167
1528.917,1564.584,3449.709,1.250
1197.208,0.292,2431.917,2529.708
625.750,609.667,2340.625,2.583
2032.375,2100.208,23581.667,5496.750
1825.959,1871.916,3545.125,3406.334
1135.334,1143.583,3769.083,2.875
931.208,0.250,3044.625,1.792
1302.625,0.167,2738.791,1.458
1468.750,1511.375,4538.792,4436.459
1494.750,1515.209,4275.041,2.625
1059.667,1067.875,3021.500,1.667
864.000,856.875,4322.666,1.417
1353.542,0.333,3855.208,3967.541
813.833,0.208,2183.625,2.625
1743.333,0.208,3208.750,3312.042
1208.792,1235.709,3046.000,2.750
835.208,0.250,3038.708,1.667
587.416,587.709,1776.166,1.333
1433.709,1459.000,3189.333,3238.750
1041.542,1060.833,4226.375,2.708
1126.625,1132.583,2831.583,2882.917
1984.208,2045.292,3634.417,2.500
1464.208,1487.917,6337.667,6368.125
1045.417,1057.500,5690.333,2.708
1232.666,1253.875,6918.875,1.625
571.375,554.917,3137.625,1.584
1367.208,1397.291,4118.833,1.334
940.166,938.667,2127.917,1.292
1684.125,1721.166,43443.750,2351.250
1247.625,1262.917,7740.292,2.333
1430.625,1446.709,2773.459,2926.875
1347.416,1373.166,2908.167,3034.791
1100.209,1115.666,2520.584,2.583
1421.500,0.459,5437.958,1.458
947.417,946.500,5997.500,1.333
580.250,562.959,1566.875,1.250
1725.000,1717.583,141866.292,148013.917
1877.166,1872.250,21905.375,8643.791
734.791,716.458,2196.875,3.500
737.125,0.250,1731.416,1.667
848.833,836.500,2161.125,1.375
1306.583,1294.542,3111.542,3309.958
786.208,0.250,4095.709,2.791
1455.250,1444.375,5452.875,1.625
970.083,955.209,6580.667,1.542
1239.375,0.250,2053.959,1.333
1043.792,1044.833,3237.042,1.292
2022.209,1984.583,11412.625,5224.666
832.917,814.667,6337.583,2.625
1030.458,1017.167,2664.584,1.666
462.291,427.375,3554.458,1.334
867.291,844.333,2401.667,1.292
1525.833,0.291,3764.042,4012.833
1434.958,1418.542,13456.666,2977.625
1337.542,0.291,3149.750,2.625
896.917,874.459,2374.500,1.667
551.916,526.083,2759.959,1.334
1313.542,0.292,2972.250,3099.584
496.791,471.167,2567.542,2.667
1433.584,0.292,3078.917,3359.083
1426.208,0.209,2804.792,3060.125
1571.792,0.209,12252.750,12651.458
1399.958,0.208,22921.333,3.042
1349.583,1329.042,3040.584,1.750
1084.916,1057.542,7165.292,1.375
908.416,873.458,5050.250,1.333
881.166,864.875,4772.333,1.208
1190.042,1171.583,4053.292,1.333
744.916,720.500,4519.958,1.250
446.834,416.792,1760.833,1.209
1771.416,1751.542,4161.000,4766.000
1481.458,1445.917,3451.625,3643.083
521.500,504.000,2801.833,2.875
1678.541,1661.333,3290.250,3503.209
684.042,662.083,5189.083,2.917
1431.708,1461.958,4845.000,5275.000
1077.875,1091.500,4192.459,2.708
1386.459,1415.000,3062.333,1.708
1202.791,1211.791,2433.791,2600.667
1688.416,1715.375,6758.709,7254.584
1198.583,1209.584,11975.709,2.917
1441.791,1470.916,5641.875,1.583
893.250,896.083,2171.000,1.375
1377.334,1368.417,6187.375,1.292
1457.416,0.292,2790.500,3096.292
1275.791,1276.333,3093.542,3307.292
1128.208,0.292,2753.625,2.584
1044.417,1022.792,5230.750,1.666
632.125,610.417,1557.833,1.375
1355.250,1324.542,4798.875,1.333
1755.167,1721.500,3204.584,3508.708
1999.375,1984.542,46042.791,2.666
1691.083,1734.500,4042.791,4339.542
876.458,851.708,3520.583,2.709
887.875,0.250,2738.458,1.792
677.708,0.209,1838.792,1.417
1359.084,1285.250,2988.875,1.250
1266.084,1269.541,2726.750,2994.792
1227.083,0.333,2176.625,2.542
898.625,877.959,2491.750,1.708
1560.167,0.250,3559.750,3799.500
1029.583,984.708,2221.250,2.542
1577.792,1555.417,6617.708,7073.541
874.208,855.209,1831.583,2.792
662.458,636.459,3207.583,1.750
1022.250,991.375,3170.500,1.417
1080.250,0.250,2598.792,1.375
625.166,584.125,2745.334,1.375
650.500,623.209,2049.666,1.334
1408.708,1384.542,11438.500,1.291
979.333,957.667,2451.375,1.292
687.458,648.875,3619.417,1.250
1363.917,1342.458,3516.667,1.250
1501.875,1511.333,10897.542,3729.000
1605.625,1600.583,6318.625,6542.917
979.666,966.417,2073.333,2.833
1095.084,1074.917,6351.583,1.542
1764.000,1750.333,5064.416,5469.417
1436.792,1417.791,2819.542,2.917
566.583,0.292,1676.167,1.625
1357.000,1340.541,4100.042,1.459
970.917,947.209,2048.166,1.375
1296.667,1262.666,2244.083,2494.833
1496.958,1490.541,2771.458,3024.375
890.959,873.125,1788.291,1955.334
931.875,908.667,2274.250,2435.875
646.500,613.708,2609.625,2.750
639.083,624.208,11851.250,1.584
1066.959,1048.959,3819.666,4120.167
126.333,0.250,1941.666,2.792
1022.708,0.208,2839.292,1.584
257.708,226.667,1283.375,1.333
1533.208,1513.875,28409.166,2817.459
1009.459,0.250,3349.000,2.416
669.583,649.334,2433.834,1.750
1257.708,1249.916,8276.708,1.375
1225.000,1198.167,2651.292,2746.625
1401.667,1357.875,27545.209,2157.416
1330.417,0.250,2791.208,2862.167
862.542,845.125,2376.875,2.584
740.000,718.416,2708.333,1.875
1331.125,1306.084,5351.208,1.417
1041.834,1010.333,4753.875,1.334
1122.625,0.292,2705.292,2822.417
1232.292,1210.791,2287.125,2.500
1077.041,1065.416,2558.875,1.625
1210.541,1184.541,6664.208,5411.500
1084.333,1059.708,5843.208,2.583
1558.084,0.459,3256.333,3269.167
1905.042,1901.208,23644.375,4471.375
1211.583,1184.459,52636.333,2.625
1162.916,1126.625,2445.000,2501.917
1098.500,1072.458,6057.834,2.625
1273.000,1241.542,28792.792,4901.584
633.000,606.542,2749.917,2.875
664.417,639.584,2804.291,1.833
1713.417,1694.125,5704.542,6222.750
1796.292,1772.084,9952.416,4727.167
1877.000,1863.458,27168.625,2.708
1395.792,0.292,3737.125,3876.708
1279.000,1266.125,2759.333,2.666
1306.667,0.250,2988.917,1.667
1282.958,1277.000,3076.209,1.542
1028.625,1000.334,5323.250,1.292
1483.541,0.208,16447.125,1.250
883.833,865.500,2679.458,2494.584
987.042,960.916,2379.459,2.542
1040.125,1011.209,2114.834,1.584
1127.542,1104.791,5403.292,1.375
1570.084,0.291,3158.916,3337.583
1402.167,1388.208,12237.250,2.542
1116.458,1087.834,3228.250,1.625
971.125,949.791,4090.666,1.375
810.958,0.291,2142.208,1.292
1842.250,0.209,6776.583,7115.000
1099.083,1075.667,2794.750,2.667
1253.875,1231.417,4727.375,1.667
755.666,0.250,2141.000,1.458
1187.625,1167.916,2160.167,2407.917
1426.750,0.333,2634.625,2846.583
1091.208,1090.334,2108.750,2345.792
963.542,0.250,9053.167,2.708
1405.333,1375.959,3269.333,1.542
1367.416,1331.250,3449.791,3684.084
962.000,941.250,2824.875,2.792
1187.500,1169.041,2573.792,2724.709
1170.750,0.292,1937.625,2092.375
1806.875,0.208,20927.000,3878.417
1174.167,1139.666,3961.709,2.417
839.958,813.917,1940.125,1.667
1142.833,1120.834,3007.500,1.583
1478.334,1458.000,4934.458,5143.166
873.625,851.250,7587.500,2.625
1219.584,1181.167,4404.000,1.583
1504.708,1485.500,3042.917,3191.750
1186.875,1177.209,4646.250,2.583
1096.250,1060.792,3457.291,1.666
815.625,790.250,4836.750,1.375
932.667,905.667,2338.000,2465.333
1652.625,1643.000,5449.125,5683.792
969.166,947.417,4140.333,2.584
1237.625,1208.166,3055.083,1.708
526.750,498.041,2185.084,1.542
878.750,840.834,2169.542,1.375
1157.500,0.292,5375.500,1.208
1556.292,1546.500,5496.750,6014.958
1296.000,1263.375,2742.042,2914.834
1569.208,1556.250,26609.083,2.833
1018.458,960.333,2086.917,1.917
643.667,616.666,3779.375,1.458
930.208,0.291,3078.458,1.291
850.541,829.833,2966.083,1.250
1546.333,0.250,3178.375,3409.875
995.042,950.083,2690.375,2.625
583.583,552.000,2267.708,1.708
1283.667,0.208,2542.292,2736.250
792.167,755.833,2976.083,2.625
669.250,643.708,3265.250,1.750
609.584,587.083,2922.125,1.541
1522.000,1491.292,6090.125,6038.375
1716.292,0.250,12361.416,3147.958
1505.167,0.209,13676.000,2.542
806.542,753.084,2212.584,1.583
848.083,0.250,2271.584,1.333
1309.333,1255.625,7368.542,1.292
1458.250,1411.416,3472.333,3967.708
853.625,820.541,1731.875,2.959
1374.417,1301.833,2674.625,1.708
980.000,915.542,3969.625,1.417
1031.208,974.708,2256.000,1.334
1379.584,1315.209,5378.041,1.250
541.292,507.458,1802.416,1.375
585.625,556.291,1888.958,1.250
684.667,645.542,3175.416,1.292
1212.416,1140.667,2668.583,1.250
776.167,742.750,3450.792,1.167
824.166,0.292,2042.000,1.250
1968.125,1874.791,4256.708,4727.292
1996.416,1903.708,34538.458,4300.375
1374.208,1305.334,2507.333,2.541
1294.292,1240.333,6731.417,3167.791
1618.208,1552.875,2720.542,2955.709
826.041,784.209,1913.750,2.584
1186.708,1120.333,3721.666,1.791
819.833,767.917,2034.708,2229.041
542.667,508.333,2893.000,2.709
357.333,326.375,1807.750,1.750
727.042,679.625,2121.666,1.458
1413.792,0.291,2821.958,3074.375
1091.709,1050.583,3815.792,2.458
1590.041,1526.583,3147.625,3359.333
1317.375,1246.917,5878.625,2.542
1179.375,1115.417,5348.084,1.583
569.166,537.625,6888.959,1.666
1578.084,1511.041,3960.833,1.250
903.750,849.250,2444.625,1.375
1282.917,1213.542,2992.667,2085.959
965.208,915.125,2405.417,2.125
1289.000,1234.250,3099.750,1.584
1292.916,0.250,4527.791,1.375
493.042,455.792,1612.292,1.458
1583.000,1503.833,142493.666,148210.041
578.209,545.042,3042.917,5.042
1436.000,1371.959,5339.708,1.792
952.917,0.291,3018.208,1.416
725.709,688.000,1959.458,1.333
1436.583,1367.000,2478.666,3013.250
1271.542,1211.208,3752.667,3.250
951.000,900.042,2892.583,1.708
801.708,751.625,2101.209,1.416
1466.041,1386.125,2822.709,1.291
1058.625,994.750,2403.209,2619.541
1492.000,1416.416,3528.125,3747.042
1353.792,1295.292,3353.375,3537.000
1553.125,1475.208,3078.041,3232.833
1339.375,1264.583,5035.750,2.709
643.042,0.375,3069.042,1.916
1504.500,1444.333,3017.583,1.375
1533.250,1458.625,21657.208,8235.667
1200.459,1148.042,2458.625,2.875
656.875,614.875,1759.250,1.583
1304.625,1252.833,5079.583,1.584
1147.500,1096.584,2606.584,1.250
1191.083,1132.917,3779.250,1.500
1177.875,1121.917,3441.500,1.208
1858.375,1795.666,4998.291,5184.875
2318.541,2329.125,7300.417,7703.917
1430.750,1397.958,5254.000,3.125
1139.709,1106.500,3373.500,1.750
1044.334,997.125,1901.416,2173.667
849.750,813.416,2003.542,3.291
731.500,0.416,2430.833,1.625
1683.625,0.208,3396.291,1.459
948.333,904.750,6906.083,1.333
1641.750,1584.500,3543.666,1.250
1276.125,1221.125,2530.583,1.292
1236.333,0.291,3048.792,1.208
830.208,786.458,2109.167,1.250
1955.541,1874.541,11161.209,11689.625
676.791,632.417,4341.958,3.708
894.208,848.875,2214.708,1.625
1652.458,1578.791,3592.958,3673.833
1196.709,1133.334,2207.209,2286.625
762.500,709.541,2958.750,3011.417
898.291,847.834,2332.958,2.709
805.792,764.083,2599.250,1.792
928.042,875.875,2768.583,1.375
1010.583,954.458,2751.500,1.500
1292.375,1240.416,3782.541,1.291
1204.916,1141.334,3289.417,1.292
1290.583,1229.583,4548.916,4723.458
1575.000,1509.000,4388.375,2.625
650.542,608.709,1914.917,1.792
1401.709,1339.500,4203.958,1.416
1103.583,1039.958,19297.416,1.375
760.250,720.416,1975.041,1.291
996.125,951.583,2561.917,1.292
1414.667,1337.125,4063.542,1.291
1283.083,1223.792,3404.500,1.250
1386.875,1319.583,3882.541,1.209
1440.917,1362.459,58333.666,5469.792
123.541,111.875,1393.958,2.750
1420.917,1352.084,4914.334,5363.250
505.042,471.167,2107.542,2.667
1845.542,0.292,9342.916,1.625
1508.292,0.250,10226.166,1.417
1487.333,0.167,3176.166,3292.250
1108.292,1063.041,4337.541,2.625
1104.125,1059.792,9368.834,1.750
718.834,666.625,2615.208,1.375
752.125,0.291,13898.750,1.291
804.166,747.667,2265.458,1.333
1389.666,1319.750,3555.583,1.208
1315.834,0.250,3116.375,3207.750
987.333,934.916,2503.542,2.459
769.416,719.209,1967.792,1.584
759.959,715.292,1741.084,1.333
957.583,913.583,2443.709,1.458
1759.542,1671.958,267472.625,4023.792
1285.000,1231.542,3021.667,2.791
1445.708,1367.416,2827.875,1.666
1198.083,0.334,3674.167,1.291
924.000,0.208,2649.750,1.333
1155.958,1099.875,3084.083,1.292
1028.167,0.250,16791.333,1.292
897.709,0.167,3685.083,1.208
700.583,0.167,1835.417,1.208
1956.583,0.208,3960.208,4092.708
743.917,0.167,1975.416,2.667
1096.042,1043.084,3256.250,3349.875
879.833,838.792,4211.000,2.667
532.500,502.917,1748.208,1.667
910.250,865.292,2853.708,1.459
884.791,0.333,2348.083,1.334
1992.917,0.208,5835.750,5995.125
1150.834,1070.583,2400.916,2525.917
1281.625,1218.333,3050.708,3179.375
1302.583,1252.792,5043.333,2.750
1072.417,1018.459,7018.875,1.958
756.041,714.083,85704.500,1.416
1117.708,1064.500,3136.750,1.333
928.542,880.084,1996.042,1.291
1581.291,1524.750,2898.959,3045.709
962.875,918.958,4159.250,2.542
1426.792,1362.083,2989.084,1.584
1276.875,1230.500,14124.834,1.375
1578.458,1492.667,46617.667,6014.791
1197.458,1152.417,3418.625,2.334
597.708,564.792,2266.834,1.542
783.083,744.417,2557.416,1.416
1462.334,1405.708,5693.542,5953.958
1893.000,0.333,5642.042,3.667
943.458,0.208,1763.375,1.542
1100.667,1049.042,2352.334,2970.333
1461.916,0.292,3801.250,4274.541
666.083,632.041,7074.125,2.916
1510.291,1432.583,3749.167,3949.875
1752.375,1673.834,4098.875,3.000
506.708,483.958,1519.709,1.541
1239.334,1176.167,3128.916,1.333
689.541,640.709,2016.500,1.417
1164.708,0.250,2423.625,1.291
880.917,841.333,2746.084,1.250
1229.583,1186.291,2811.625,2991.833
1563.625,1502.292,4392.709,2.500
1232.334,1174.667,3543.250,1.750
699.334,658.667,1842.709,1.458
1850.500,1782.000,2877.083,3048.917
852.750,0.417,2085.791,2.625
963.584,919.250,3015.542,1.667
953.625,905.583,2689.333,1.375
752.583,0.250,1896.584,1.542
1344.667,1288.250,12542.084,1.333
1226.250,1185.292,6000.959,1.250
1177.125,1131.750,3077.750,3291.000
679.042,636.750,2178.750,3.042
1744.875,1658.250,6274.875,6482.042
1423.292,1376.500,5049.083,2.667
901.250,0.250,1951.000,1.708
1033.750,1001.375,1988.500,1.333
1544.041,0.292,4378.750,4600.959
1083.084,0.209,3189.125,3351.375
870.750,830.334,1987.833,2.667
1374.583,1327.500,2442.875,1.584
1099.833,0.500,3612.333,1.416
914.125,879.625,2436.292,1.541
1490.833,1414.291,3214.334,3330.667
655.792,624.709,2241.708,2.625
833.084,792.958,2145.500,2292.750
325.834,0.250,1852.583,2.625
901.792,867.375,1871.167,1.583
1789.750,1701.208,4470.292,4688.459
1257.209,0.291,2834.709,2965.167
1009.083,956.583,2706.708,2.625
751.334,715.500,2185.291,1.791
1125.167,1081.500,2422.708,1.416
1882.500,1842.375,5723.083,1.375
1451.750,1388.792,54719.500,58169.583
1290.417,1252.333,5850.333,4.334
1684.625,0.333,3373.833,3750.208
718.708,682.500,4524.584,3.209
1287.458,1232.042,2775.167,3027.666
1492.500,1414.083,3989.708,4624.333
1430.542,1359.916,42668.000,5511.416
1673.833,1603.750,3079.667,3252.750
1025.083,0.292,2462.750,2.875
806.291,766.042,1719.000,1.750
1015.292,957.000,6550.084,1.542
1221.292,1151.875,4893.708,1.333
1121.875,1064.708,2229.250,2427.667
1211.417,1163.917,2919.375,2.709
441.750,407.167,1676.042,1.667
1190.917,0.250,3759.833,1.375
358.459,321.625,2200.959,1.500
1692.791,1612.750,26320.917,3161.833
899.958,846.125,2809.667,2.750
1378.041,0.208,3252.417,1.541
989.083,921.708,2453.916,1.375
1735.708,1653.042,32613.000,3061.125
1368.958,1299.292,3260.459,2.666
2325.166,2233.708,23567.500,3614.625
812.667,760.667,1945.167,2.416
1227.958,1146.458,3414.792,1.500
1462.708,1401.500,3142.333,1.292
888.250,844.791,3292.000,1.292
708.625,0.250,1815.208,1.500
900.791,857.833,2336.458,1.292
1426.542,1349.708,3219.041,3299.042
1704.666,1610.792,5608.250,6001.917
686.375,653.667,4202.708,2.958
951.333,899.375,2797.209,1.541
1225.791,1155.000,2752.000,1.375
1220.625,0.209,2408.750,1.458
1670.250,1583.667,4093.334,3974.583
1622.291,1533.708,4347.167,4401.584
1009.250,956.417,8213.542,3.042
1550.958,1451.167,2885.875,1.666
686.916,643.542,2254.500,1.417
1812.291,1748.167,7797.583,1.292
972.417,0.250,2628.166,1.625
1158.708,0.208,5201.792,1.208
1639.125,1552.084,3087.041,3137.042
917.208,863.250,7652.750,2.833
1615.125,1544.000,4301.250,4425.375
1062.709,1009.292,3154.125,2.667
768.916,729.042,2098.042,1.792
1219.708,1148.292,3643.541,1.417
1400.875,1322.458,2779.708,2762.000
1109.333,0.250,3354.208,2.667
1126.208,0.250,2590.875,2782.084
999.875,952.375,2827.208,2.667
512.125,0.291,2836.042,1.708
808.666,771.625,2278.167,1.459
1434.958,1367.583,5400.917,1.375
1369.500,1285.500,3481.000,1.375
1557.291,1474.458,3452.084,3479.667
1053.959,1002.291,2215.209,2.542
1274.709,1242.292,2568.917,2752.125
1363.042,1285.292,2624.708,2.667
1336.584,1270.958,3343.250,1.708
958.000,0.334,10709.625,1.541
909.125,864.792,2138.334,1.417
1145.792,1074.292,3183.958,1.250
1487.375,1390.167,3366.167,1.292
1056.334,1010.417,3046.375,1.208
1831.791,1717.583,4037.959,1.167
1327.500,0.292,3162.375,3242.959
1292.584,1231.500,4943.000,2.625
1273.875,1211.750,9261.292,1.791
1140.833,1079.666,15465.708,17307.333
1238.959,0.292,3047.084,4.167
1526.292,1457.625,11434.166,1.667
1379.083,1297.750,8505.584,1.667
855.500,796.208,3801.959,1.375
1683.416,1615.041,6225.625,1.416
753.042,0.250,2165.542,1.375
740.292,706.541,2304.458,1.250
1263.958,1199.416,2832.417,3012.791
896.250,840.709,2637.916,3.167
578.416,542.833,7928.625,1.833
1509.708,1434.959,3614.583,3780.458
1065.291,1009.500,4681.750,2.833
1661.833,0.291,2910.917,2918.083
1495.125,1412.291,4538.625,4548.000
661.583,0.250,1737.000,2.709
676.833,638.291,4342.834,1.833
1033.416,980.375,2780.625,2925.458
1603.791,1509.208,4103.084,4519.041
1633.584,1529.042,14289.375,9764.125
907.583,860.167,2032.875,3.916
1376.292,1297.542,4471.458,4899.167
589.708,541.042,2052.459,3.500
1321.875,1260.083,12425.750,1.542
759.833,706.500,7307.167,1.542
1206.625,1139.250,2244.333,2375.292
835.667,789.292,5734.333,2.833
1294.958,1225.833,3267.583,1.541
1314.333,1233.042,2388.083,2423.750
1083.542,1016.625,3834.583,2.708
1259.333,0.292,3787.500,3894.250
414.167,379.291,2122.125,2.875
658.958,609.000,2266.292,1.625
1653.583,1583.958,235011.917,177872.667
926.584,869.750,2104.792,5.375
1133.292,1069.291,2860.084,1.541
640.459,600.292,3189.417,1.333
930.584,881.500,3329.083,1.500
1507.459,1421.083,3365.083,3627.167
1286.292,1225.625,5719.250,3.125
1471.166,1371.542,3933.542,1.667
453.958,417.125,5999.916,1.541
1439.250,1363.958,3140.333,10.916
1394.084,1326.375,2743.292,2973.250
601.875,566.625,2168.417,2.875
842.542,783.959,2785.166,1.625
1338.541,1267.041,5533.000,1.667
1395.041,1322.542,3701.292,1.333
1047.833,0.500,3465.875,1.209
449.834,414.500,1449.041,1.208
2062.083,1934.583,48086.250,5222.625
1588.167,1508.500,3120.708,3291.542
1128.000,1070.292,2281.084,2.791
1471.417,1397.916,3002.208,1.542
1019.583,966.208,2275.334,1.334
780.083,727.250,2661.875,1.417
1485.458,1422.167,4310.666,4632.916
1488.292,1403.291,2835.083,2.750
634.458,589.209,1812.709,1.750
1631.000,1561.167,3487.542,3720.708
672.750,631.667,2219.833,2.583
1305.833,1247.042,2864.625,1.708
387.708,354.041,2788.041,1.333
1137.541,1072.833,1982.000,2170.000
1477.417,1394.625,4496.541,2.500
1170.625,0.250,2245.334,1.792
1202.583,1130.958,2792.500,1.417
1947.250,1842.375,5143.416,5597.000
987.584,937.959,2995.875,2.459
1513.666,1431.916,4406.291,1.584
2113.042,2019.000,6736.500,7055.125
1309.417,1243.958,2677.833,2824.166
1893.750,0.333,25597.375,3433.833
954.583,897.791,5134.667,2.625
886.458,832.875,3162.834,1.917
1034.458,977.167,2443.291,1.459
616.917,574.708,2498.958,1.375
1062.583,1006.334,3681.542,1.375
912.500,0.250,1942.416,1.250
785.667,0.166,2283.958,1.291
1247.667,1180.167,2893.083,3115.000
1015.333,961.125,2262.166,2.709
1249.000,1184.459,6298.584,1.750
1215.541,1149.125,2615.042,2990.083
908.959,855.250,3490.500,2.625
1060.083,997.083,1786.541,2044.250
988.916,946.375,4266.417,2.958
1561.584,1466.458,7385.750,1.792
1164.166,1107.333,2953.875,1.500
643.875,609.084,2206.166,1.375
1513.458,1416.666,27679.708,1979.708
931.416,875.292,5337.750,2.375
1265.000,1196.125,4190.667,1.709
1649.209,1559.834,2905.750,1.375
1540.375,1448.666,4665.750,1.375
922.125,862.167,2710.500,1.292
1326.709,1260.500,2573.125,2748.375
1989.166,0.292,3557.125,3644.625
1168.375,1102.042,3741.458,2.792
982.292,924.834,2605.791,1.875
1120.000,1062.750,6417.875,1.417
988.000,924.916,1856.542,1.334
1139.750,0.291,2721.291,1.334
1067.250,1014.375,3273.292,1.333
923.250,0.292,1952.708,1.250
1185.542,1115.500,2240.334,1.208
1169.500,1110.458,2447.458,2577.834
872.833,832.000,3575.125,2.542
1094.083,1039.459,2252.000,1.750
1522.042,1463.708,3063.542,3246.917
943.500,0.292,2346.917,2.625
726.958,684.458,2619.916,1.834
1591.916,1514.083,3988.167,1.500
1036.000,982.125,2365.584,1.334
1900.500,1818.208,4410.541,4653.667
1128.625,1070.625,2904.000,2.583
701.709,0.291,2939.792,1.792
669.875,645.458,1637.667,1.375
1018.209,0.250,3897.333,1.375
1136.125,1077.333,4205.666,1.291
1968.666,1877.458,39428.167,3995.375
734.334,686.250,3882.458,2.417
531.000,498.666,2030.541,1.666
935.500,884.125,2861.209,1.500
1198.458,1148.583,2374.167,1.416
907.667,867.709,2000.458,1.250
923.583,856.792,4355.709,1.291
1740.375,1662.542,3207.667,3108.291
801.959,767.208,3377.167,2.834
1233.958,1181.083,4536.916,1.750
643.500,597.250,3055.125,1.541
1339.125,1263.708,4940.208,1756.250
1241.875,1182.833,9432.334,2.250
1185.333,1120.959,8797.125,4966.667
1834.458,0.292,14032.209,15013.958
1308.875,1241.125,2903.667,3018.834
1404.125,1320.166,3321.750,2.875
716.916,0.250,1980.250,1.834
1145.042,1098.625,4169.625,1.333
813.166,770.125,2508.000,1.333
2290.417,2197.084,47166.834,3849.125
559.875,0.250,2574.000,2.416
937.333,896.833,2333.666,1.667
1466.500,0.250,2308.208,2408.000
1475.625,0.167,3458.667,2.584
1014.125,963.083,2534.041,1.750
1998.958,1889.167,13809.625,3212.125
1352.166,1287.584,22652.417,2.417
838.791,792.542,2455.208,1.625
1874.542,0.250,4489.334,4470.250
821.083,773.000,5324.583,2.666
1356.792,1287.875,5164.833,1.667
1285.833,1225.667,2452.875,1.375
1771.583,1702.375,3249.875,3366.167
702.291,654.416,2584.917,2.584
1849.041,1746.750,38369.834,6974.459
1548.833,0.333,2942.584,3008.708
1539.417,1446.292,2986.042,3134.209
1772.417,1687.292,4173.250,4394.250
1370.375,1291.541,4352.209,4581.083
998.042,937.959,3413.125,2.709
1576.125,1506.000,7554.167,1.542
1095.208,0.250,2523.584,1.500
565.500,523.542,5041.625,1.458
392.375,354.208,1941.750,1.333
1437.750,1360.167,3923.167,1.375
1070.541,0.291,2364.875,1.250
1123.916,0.208,2679.000,2848.375
467.541,435.167,1986.583,2.584
1576.250,1509.500,9511.000,1.916
536.250,501.833,2182.000,1.334
1322.250,1253.833,2428.084,2608.375
792.250,738.375,1733.625,2.375
1382.042,0.334,2433.083,2616.625
1028.041,973.667,5124.916,2.583
1154.084,1101.166,2329.916,1.625
633.167,578.375,3412.666,1.541
1205.333,1139.458,4076.208,1.334
1578.000,1486.667,3356.500,3380.667
1355.917,1293.625,16301.708,3298.375
1110.042,1048.041,12184.916,13146.291
1541.959,0.250,6204.292,4.292
1488.875,1396.333,3208.291,3713.167
897.917,836.833,3137.667,3.084
1162.083,1100.750,73247.708,1.709
659.875,613.208,2196.542,1.333
1171.000,1107.917,2434.791,1.333
1471.333,1380.125,3379.583,1.250
890.167,837.667,1854.958,1.291
1327.292,1262.834,4573.917,1.208
1225.000,1152.541,2605.250,2751.709
1315.250,1240.834,50214.583,2962.542
851.000,795.000,1884.250,2.458
1672.584,1593.458,7352.667,3514.125
1466.917,1374.833,2734.667,2944.833
1581.666,1496.833,4228.458,3.125
1181.583,1127.000,4225.708,1.625
806.625,744.542,2179.083,1.334
1336.292,0.291,2852.458,1.334
791.708,0.250,2491.250,1.209
1591.125,1494.083,3056.875,1.250
879.875,820.459,3312.833,1.250
1167.125,1088.416,2319.667,1.541
1589.416,1493.334,2921.375,3094.292
697.958,648.583,2016.708,2.792
1355.750,1266.542,9255.292,7623.542
904.458,847.875,2009.209,2.792
766.333,719.250,4580.250,1.708
1764.167,0.292,4474.125,4861.125
1204.750,0.167,3583.542,3806.875
964.750,910.042,2312.292,2464.208
907.166,847.875,3645.250,2.708
1115.041,1050.417,3727.000,1.541
918.459,865.375,2241.834,1.375
859.459,807.458,3749.458,1.209
1411.167,1333.875,3934.917,1.458
765.084,713.166,2508.750,1.291
1384.375,1332.958,5630.500,5829.125
1216.750,1134.792,2607.708,2.958
1335.500,1284.041,2582.542,2746.250
1382.542,1307.083,3025.208,2.708
1082.500,1028.959,4119.500,1.625
1472.750,1416.416,4130.583,1.375
1442.375,1370.042,5603.667,1.542
1246.958,1191.417,2915.250,1.292
1255.917,1197.500,2691.417,2795.250
825.792,0.333,2865.708,2.667
1079.875,1023.250,3175.208,1.875
1366.750,1273.667,3912.125,1.417
1967.916,1878.333,3597.791,3702.125
990.958,0.291,1875.458,2.667
2127.167,2059.417,26770.917,3576.375
664.750,621.125,2885.750,2.542
296.417,0.291,1458.708,1.625
1826.250,1738.417,4787.417,4983.500
674.542,631.459,4873.292,2.625
1309.625,1252.667,3072.916,1.834
1088.042,0.250,2290.791,1.417
1048.084,990.500,2614.209,1.333
540.334,507.750,2869.458,1.292
801.959,756.041,2263.083,1.208
1559.667,1471.166,14576.875,2907.625
1339.083,1285.750,3439.167,3525.750
1446.125,1399.125,5785.042,5943.208
625.125,591.125,6344.291,2.834
729.250,0.250,2194.166,1.709
1665.041,1601.167,3641.833,3783.417
1707.292,1634.708,3895.083,4115.500
1888.541,1823.041,4777.541,5341.667
549.792,507.958,1673.459,3.167
2182.958,0.292,39141.583,3389.000
1230.959,0.208,3051.291,3208.417
1543.959,1477.209,5312.459,2.959
1072.709,1015.875,2529.666,1.917
1331.416,1262.875,3114.584,3239.959
982.334,935.792,2997.208,2.583
271.542,248.250,3514.917,1.750
1245.333,1179.959,2518.333,1.417
1203.125,1141.000,2912.416,3033.709
717.542,0.208,1809.541,2.917
1080.792,1039.334,2193.166,1.541
653.208,634.125,1696.000,1.583
897.667,854.041,1838.917,1.333
921.666,879.750,3033.167,1.250
1504.583,1425.500,3701.042,3824.167
991.834,0.334,2276.917,3.250
1127.958,0.209,8152.625,8838.708
850.667,814.791,2486.875,2.917
1186.875,1123.250,2613.792,2769.917
1202.750,1141.000,4072.417,4.291
1018.750,975.709,6400.208,1.583
1132.291,1082.625,2506.000,2873.958
1175.250,1116.542,5242.583,2.583
1350.542,1277.792,2318.209,2463.958
709.334,655.625,1673.250,3.000
771.291,723.166,1845.625,1.709
990.917,0.209,2680.917,1.500
1193.125,1144.833,18375.917,2259.250
1073.792,1016.250,2372.500,2.416
856.375,810.167,2146.333,1.708
1173.208,1125.375,2380.250,1.458
1671.959,1590.125,3933.250,4118.208
1410.792,1334.417,4376.958,2.875
1249.958,1182.917,2951.584,1.833
1027.292,982.125,2433.792,1.459
1664.500,1586.000,23890.167,14540.000
2124.917,2032.750,38128.000,4226.542
1688.292,1616.334,26121.750,5185.333
1806.208,0.250,5080.542,5157.584
1275.584,1211.417,3837.000,2.875
782.584,0.208,2024.541,1.708
1570.792,1492.166,5345.917,5570.834
1261.250,1207.875,2626.708,2747.708
1930.916,0.291,5669.083,2.625
1606.292,1519.958,4480.625,4649.583
1145.708,1077.542,7264.833,2.667
738.750,692.958,2392.583,1.792
1965.750,1892.166,3903.083,3832.583
485.792,445.583,1519.375,2.708
646.333,0.458,2228.959,1.625
1832.416,1738.458,4158.166,4070.500
1440.375,1371.792,2379.458,2353.792
1281.250,1211.959,2590.458,2493.625
1059.292,1007.292,2290.333,2.584
972.000,905.916,2768.958,1.834
801.708,743.500,3482.041,1.542
833.334,792.250,3373.792,1.500
1274.500,1216.542,5584.708,1.458
1045.958,995.750,2692.416,1.291
1569.709,1508.292,3603.625,3822.500
847.250,796.334,3935.500,2.541
1160.250,0.291,448126.958,505956.458
1581.083,1510.959,7366.958,6.083
1240.750,1194.041,2804.625,3343.000
1762.042,1690.708,4379.459,3.167
665.667,621.041,3085.666,1.625
657.250,615.708,2002.708,1.250
553.000,522.791,1835.208,1.250
1213.375,1165.792,25816.500,2967.458
394.000,369.625,1386.917,2.500
1098.375,1035.459,2158.375,1.750
783.292,0.250,3232.000,1.416
1090.292,1057.458,6015.666,1.333
865.541,0.291,3403.500,1.333
1100.125,0.250,2355.417,1.291
2864.458,2852.334,8742.584,8905.458
1447.625,1425.417,3699.084,2.958
955.750,929.250,4533.875,1.792
1716.583,1694.083,7365.542,1.458
275.458,250.166,1155.083,1.334
879.708,841.834,1943.709,1.375
1394.500,1377.792,3582.917,1.333
755.959,724.917,2339.750,1.250
1347.417,0.291,3696.500,1.166
1657.792,1640.708,131619.125,129537.167
1249.792,1223.791,3282.541,4151.333
952.709,926.750,2702.500,5.875
1335.917,1313.792,3150.375,1.917
942.250,915.833,2566.875,1.500
821.584,0.333,3825.834,1.416
1296.834,1275.166,5741.709,3031.375
1634.958,1597.041,27684.459,28420.917
2313.750,2285.209,52624.958,4845.625
1453.083,1442.250,3350.583,3523.500
1461.875,1449.000,2764.833,2979.292
1461.125,1428.625,4357.500,2.959
1368.750,1337.250,3338.875,1.834
1179.000,1146.000,2016.792,2209.709
842.167,0.291,4446.000,2.750
932.959,916.542,3058.291,1.542
886.125,871.709,2767.209,1.500
1001.667,977.125,4117.625,4308.792
1141.791,1109.583,23632.917,2.750
621.250,587.625,2065.166,1.667
410.958,389.250,2648.083,1.625
1274.458,1228.333,8181.875,1.375
1427.833,1399.709,2901.625,3076.166
1445.166,1425.084,9429.500,9283.375
698.459,667.542,1572.083,3.042
1593.208,1609.667,2999.125,3346.500
828.834,795.708,2414.250,3.166
1708.250,1705.000,4501.500,4779.917
1246.125,1228.708,18826.916,8806.667
791.833,767.625,2132.667,2.875
494.167,0.333,2103.208,1.583
1062.167,1034.042,2512.958,1.375
751.542,718.083,2630.209,1.333
799.583,773.334,2327.125,1.292
686.958,658.167,3378.958,1.250
832.708,803.292,1956.625,1.250
1551.500,1527.917,5571.834,1.334
1120.584,1025.167,4059.375,1.459
1658.750,1659.083,6281.417,6910.291
1050.875,0.291,2573.583,3.167
1267.709,1272.916,5540.458,1.791
1355.042,1322.000,12443.500,13507.875
829.500,798.667,2244.916,3.500
1241.959,1203.709,3046.583,1.667
1100.750,1078.125,2779.500,1.500
620.708,587.542,1483.667,1.541
1615.333,1580.292,6800.000,1.250
2032.458,2009.166,43620.583,1.209
807.917,0.292,1994.917,1.292
1056.250,0.208,2966.958,1.209
506.959,492.000,1940.250,1.250
1473.875,1430.833,3365.459,1.166
1373.583,1338.209,3721.125,1.292
1490.250,1473.208,3693.875,3962.208
1058.791,1038.583,2006.500,2171.291
1139.792,1108.708,3037.917,2.709
1169.625,1156.625,6269.000,3511.916
1020.750,983.333,1997.167,2.625
790.625,759.875,3165.833,1.583
1274.041,1244.500,2463.625,1.458
1961.459,1931.750,51345.584,54174.875
1346.125,1316.000,2694.792,3135.666
726.500,699.708,1701.458,3.583
1143.584,1122.791,4976.666,1.708
840.708,0.291,2196.042,1.417
1315.334,1290.292,2578.209,1.416
1388.792,1359.333,46623.375,1.250
1954.125,1929.750,3190.875,3547.834
1160.958,1127.625,2980.792,3.041
548.459,525.583,3331.625,1.792
1358.875,1320.166,4635.667,6063.000
1023.917,992.208,2936.875,4.208
1339.209,1316.792,4247.750,4800.083
1294.125,1289.042,2751.792,2.833
1827.083,0.333,6831.666,7155.167
1279.000,1263.083,4333.958,3.125
1277.708,0.333,3915.875,4170.291
935.583,907.750,1883.375,2.833
1170.500,1141.333,18470.667,2712.416
1059.667,1026.625,12379.083,2.542
1266.541,1230.125,2414.958,2646.541
962.084,933.416,2546.667,2.625
2261.708,2224.250,4819.375,5174.083
1416.250,0.292,12417.000,2.750
1541.792,1507.166,5322.792,1.875
875.417,842.083,2563.041,1.417
1067.334,1046.625,3315.500,1.375
1060.667,0.250,4421.375,1.333
1406.500,0.208,3237.667,3254.042
1013.208,987.583,2800.584,2.708
1788.417,1748.292,7989.542,1.625
990.167,975.583,3662.416,1.541
649.667,622.417,6874.125,1.292
1176.542,1143.375,2556.125,2247.416
902.708,0.417,2108.750,2.542
986.125,975.792,3013.959,1.709
994.666,968.041,2200.500,1.417
1013.459,985.833,2543.250,1.291
635.416,612.834,4155.709,1.250
1190.833,1150.375,4551.833,1.250
1076.292,1043.666,4598.583,1.333
914.333,891.041,5260.667,1.209
1413.583,1398.708,3215.958,3101.167
1131.167,1092.375,3694.334,2.542
1340.875,0.333,7267.125,7545.625
520.792,499.250,1944.417,2.958
1615.708,1557.917,3991.125,4259.750
1148.083,1095.792,9379.000,2.667
463.250,428.666,2245.666,1.875
1018.167,961.000,3796.333,1.417
645.500,598.708,1826.166,1.333
813.125,760.042,2500.417,2520.500
1299.875,0.292,2362.167,2.709
1162.708,0.208,3556.625,1.708
1099.958,1051.250,3102.542,1.375
627.416,0.250,1567.542,1.458
1468.917,1417.209,7862.084,8765.917
1638.875,1573.333,3794.458,2574.375
2146.791,2063.917,31796.500,3223.875
899.875,858.125,3239.333,2.500
1795.416,1713.792,96568.625,2694.916
1738.167,1648.666,4103.291,4123.042
366.208,0.208,1506.250,2.958
686.125,0.208,3643.791,1.833
1041.250,998.833,3034.542,1.542
1120.500,1058.666,2161.875,2316.542
1232.084,1159.167,2320.917,2.542
1100.166,1042.292,3218.584,1.750
1613.125,1544.875,47569.959,17660.875
730.959,679.500,2049.709,4.208
1798.250,1710.667,7165.166,1.708
601.416,0.291,2235.542,1.333
958.083,914.375,5853.750,1.250
749.000,713.584,4003.084,1.208
1453.500,1381.250,3498.709,1.291
1654.292,1587.792,3900.542,4354.292
1642.833,0.250,6392.041,6624.375
1470.959,1414.875,3342.792,3.167
1589.666,1534.667,2711.334,1.584
746.834,706.167,4611.125,1.333
1175.500,1119.083,2614.666,1.375
675.292,635.375,2025.584,1.250
663.042,620.416,3649.042,1.208
1764.459,1688.000,47773.167,34140.916
1465.167,0.250,3289.916,3659.584
141.292,0.208,1679.708,4.000
1350.542,1282.125,4938.333,5271.500
1804.041,1718.917,10033.458,10284.000
813.458,775.333,3247.750,3.209
1256.750,1179.792,7267.041,1.792
2315.250,2207.416,43328.416,20790.292
938.833,908.917,3766.709,4.167
1533.583,1478.875,63892.541,67520.250
936.000,888.209,3090.542,5.416
457.458,421.542,3033.459,1.958
828.333,781.333,3515.875,1.375
737.875,700.875,2452.417,1.291
1453.416,0.292,35220.542,3291.292
633.458,595.917,1994.250,2.708
1478.792,1406.208,4326.292,1.708
1384.000,1331.500,4154.250,4341.750
900.834,0.250,1808.750,2.750
1464.416,1408.625,3261.166,2394.666
1466.083,1415.333,3560.791,3747.167
670.834,622.208,2144.833,2.750
309.792,0.208,1554.291,1.584
1315.167,1249.958,2555.833,2762.208
1522.666,1470.458,3027.500,2.750
974.333,927.709,2037.375,1.959
1184.042,1122.916,2338.083,1.417
2060.458,1987.083,76427.083,1.417
747.167,0.250,4176.000,1.291
954.250,0.250,1989.333,1.375
2013.333,1958.500,24900.500,2834.291
1177.292,0.250,3352.375,2.375
510.459,484.083,2657.000,1.917
501.708,466.000,2782.333,1.375
729.000,684.708,3474.000,1.333
783.417,732.542,1789.583,1.291
1862.709,1792.584,24938.875,3158.667
1329.167,1255.041,3664.333,2.375
730.125,691.417,4610.250,1.625
1074.958,1018.875,5009.666,1.375
1283.584,1221.042,3373.542,1.291
1138.375,1074.458,6975.834,1.459
815.750,0.250,2165.750,1.250
1352.792,1293.375,2627.750,1.250
1737.709,0.292,24073.041,8523.750
1476.042,1425.084,3632.041,3.375
817.875,760.125,1850.125,1.500
725.709,677.292,2831.666,1.583
528.750,0.250,1813.500,1.375
907.583,865.709,3534.583,1.292
1092.875,1037.208,3430.834,1.292
982.208,929.959,2465.167,1.208
1434.292,1365.333,2809.500,3001.584
1229.208,1156.417,6698.083,3.041
2005.875,1909.416,4179.834,1.500
770.458,0.250,3589.333,1.542
422.250,400.292,5993.792,1.291
1072.208,1008.375,2499.125,1.292
1522.833,1438.459,8536.833,3528.708
1479.292,1407.875,3989.792,2.458
841.708,791.208,2350.292,1.667
1077.375,0.292,2733.875,2894.875
1255.584,0.208,2666.125,2.750
1303.708,1232.834,2924.292,1.750
463.750,429.417,1772.750,1.417
1802.542,1699.458,5613.875,1.291
1508.666,1436.209,3877.416,4059.625
962.167,897.250,3668.083,2.542
980.542,928.792,2824.958,1.708
2308.000,2209.750,23480.542,3437.083
1315.458,1263.709,5321.958,2.375
916.625,867.250,1981.833,1.667
722.208,671.416,2113.625,1.458
1407.250,1329.250,5202.417,1.375
1505.375,1447.875,4562.625,4724.375
900.417,850.666,2505.541,2.583
1119.750,1060.292,3637.166,1.750
1450.667,1378.584,4363.417,4445.583
1789.125,1724.000,3394.958,3534.375
1305.708,0.375,94794.792,27802.583
1272.583,1226.250,3237.709,3.541
1374.000,1299.917,4361.084,1.834
1004.959,947.208,4684.375,1.542
650.541,0.250,2337.375,1.458
1495.666,0.167,5042.292,1.459
981.208,939.167,7119.791,1.417
908.500,865.750,1744.250,1.250
1168.834,1104.500,5896.083,1.292
1196.459,1126.791,4052.708,4124.125
381.583,356.625,1863.167,3.209
1361.209,1293.125,4832.708,5103.750
1681.542,1642.291,3259.208,3161.334
1335.292,0.291,4692.708,4746.583
281.166,256.708,1861.500,2.958
1816.333,1790.209,77251.167,5950.958
1608.583,1584.958,6700.833,6810.375
1128.375,1113.542,6085.875,2.833
673.959,0.250,2090.375,1.667
1045.333,1019.750,3506.000,1.417
1067.333,0.250,4810.875,1.333
702.458,675.333,2526.625,1.458
1296.250,1261.959,33907.667,3976.500
1633.208,1603.833,2946.750,3366.542
1072.875,1010.791,3215.292,2.541
838.375,0.250,2253.792,1.667
968.625,929.667,4093.125,4255.334
1207.709,1153.834,22757.917,3.167
1468.334,1375.250,16068.500,1.791
825.958,761.000,5407.708,1.583
655.042,0.250,4245.958,1.334
743.583,687.333,2161.000,1.250
905.458,853.458,2308.541,1.292
1369.250,0.250,2650.459,1.375
2174.709,2088.417,30707.875,11805.292
1123.417,1071.417,2730.791,4.208
1541.625,1462.458,4884.292,5751.167
1769.542,0.375,3734.416,3634.584
1161.417,1098.292,4346.667,2.542
1128.167,1084.959,2542.375,1.709
651.125,611.167,2704.584,1.500
1025.791,991.959,4106.709,1.292
1035.625,1003.167,2706.375,1.334
1391.208,1355.959,15448.667,2271.417
2002.667,1979.084,9568.375,2.250
1114.125,1080.541,2832.084,1.666
1415.500,1399.583,3061.750,1.542
1973.417,1955.791,16370.250,5894.458
1220.541,1212.708,3812.125,2.583
1310.000,1319.417,2531.000,2615.209
658.541,634.792,3087.417,2.333
780.209,752.667,2568.833,1.709
761.584,0.333,1834.709,1.500
977.750,975.041,3427.000,1.416
1369.417,1350.208,6205.334,1.416
1634.708,1616.667,5394.208,1.292
611.500,589.250,1640.708,1.292
686.375,0.292,2447.542,1.375
1368.292,1198.750,25588.959,1.209
1939.000,1877.041,3498.917,3460.459
884.250,816.792,2615.792,2.500
1136.917,1034.542,2220.333,1.583
1383.625,1359.958,3078.750,1.500
1516.667,1504.208,5481.000,1.417
1158.416,1149.500,2711.500,2738.875
1195.875,1188.667,7360.375,8206.333
1130.042,1132.750,4094.250,2.792
933.041,896.833,2959.417,1.708
1545.333,1508.250,3026.750,1.292
1084.875,0.292,5124.833,2008.333
783.209,748.750,4180.458,2.458
976.667,0.250,3945.542,1.542
750.208,725.167,2180.291,1.375
785.834,762.917,2609.334,1.333
1204.417,1149.958,3061.417,3351.708
814.958,787.958,6461.709,4.500
1090.083,0.291,2661.667,2739.584
1691.833,1677.125,21428.458,2946.542
979.292,947.958,3311.958,2.416
1733.458,1710.875,2851.542,3021.875
1798.958,1771.042,4361.875,4458.166
968.958,935.625,1954.833,2.542
1400.791,1378.208,3322.042,3605.792
1053.917,1025.792,4575.375,2.625
414.000,395.500,2241.042,1.750
1015.125,980.833,2463.958,1.500
1431.292,1385.583,4302.459,1.416
1075.375,1046.667,4190.583,1.292
885.083,873.542,1689.375,1782.833
1366.666,1347.041,3275.541,3440.875
741.875,0.291,2370.416,2.625
1978.042,1960.000,10943.292,3878.083
1473.292,1454.042,4789.792,4921.209
1238.334,1210.500,2732.083,2857.125
1181.458,1156.584,3156.916,3264.500
662.541,633.334,2498.916,2.542
710.917,684.000,5012.625,1.792
1533.750,1527.625,93937.042,91674.208
1025.542,994.166,2626.000,4.417
983.125,0.250,2326.417,1.709
1042.417,1002.250,3012.333,3395.875
1698.125,1685.459,9930.750,10090.417
1174.333,1150.209,2734.625,3.125
992.167,975.833,2489.708,1.708
1451.041,1421.500,3530.500,1.333
993.542,0.250,5851.125,1.291
976.458,961.208,2459.083,1.333
1149.958,1131.750,2344.042,1.250
705.625,681.000,3686.167,1.292
591.708,568.000,2174.209,1.208
358.291,327.500,4317.000,1.208
1262.167,1235.708,2782.959,1.125
933.084,927.042,5605.042,1.250
794.459,0.250,1764.375,1.167
936.916,917.334,2498.583,1.208
840.583,805.000,2734.667,1.250
1332.375,1321.417,2978.916,1.250
557.916,0.292,1648.875,1.166
1351.000,1341.417,3091.541,1.208
1477.583,1456.417,2834.459,1.209
780.917,735.583,1759.375,1.125
1010.625,997.584,26410.083,1.250
1134.333,1139.000,3839.958,1.208
1346.542,1356.125,4542.375,1.208
934.250,928.125,4988.458,1.208
1342.250,1354.375,11733.333,2462.334
1517.333,1507.416,3245.500,3328.792
1577.292,1552.625,3620.292,2.417
1869.667,1832.750,15502.000,1.584
1637.000,0.500,3148.458,3224.709
1330.334,0.208,3964.167,2.667
1165.583,1160.792,3480.459,1.666
1610.875,1580.375,3251.500,3366.458
1357.167,1322.208,3010.209,3102.000
1388.834,1387.584,3146.959,2.583
1893.750,1911.250,27252.083,3167.458
1209.000,1213.125,61283.416,2.292
1484.750,1503.250,6471.416,1.583
993.916,990.542,2449.583,1.333
879.750,0.292,2907.084,1.291
716.834,705.084,2512.584,1.250
575.792,550.458,5472.292,1.458
882.458,0.291,2021.167,1.291
1145.292,1151.209,4084.833,1.167
1555.500,1601.333,7675.000,1.292
821.166,821.250,2609.708,1.250
1148.167,1156.750,3011.792,1.250
912.459,0.250,1811.667,1.208
1339.167,1350.708,4417.166,4516.375
894.834,0.292,2134.791,2.709
1033.083,0.250,2248.917,2387.375
1743.625,0.167,4604.708,4686.250
687.000,0.167,2238.333,2.625
927.042,946.583,1851.167,1946.416
1371.916,1383.792,4207.458,4293.833
873.833,866.792,2196.833,2.958
786.250,0.250,2178.416,1.625
536.042,523.791,2762.125,1.291
1460.542,0.250,3006.041,1.333
948.750,936.083,2106.500,1.208
722.625,722.083,2016.833,1.250
768.125,752.375,2241.500,1.167
1271.500,0.291,3329.375,3447.667
908.750,905.458,2603.459,2.666
999.334,999.709,2007.500,1.584
1539.916,1571.458,7964.541,1.333
1299.958,1294.417,3061.458,3306.916
190.750,171.917,4828.833,2.916
2240.916,2286.917,4165.084,3101.458
1698.375,1733.000,4423.042,2.542
1174.375,1168.500,2298.542,2402.791
1368.875,1371.875,3692.750,4044.500
872.375,0.291,2026.958,3.167
856.792,0.208,2540.291,1.708
540.709,527.250,2264.125,1.541
1111.125,0.291,3563.583,3847.750
1673.083,0.167,4133.750,2.875
1473.708,1483.000,3577.333,1.792
703.208,675.334,2225.250,1.416
1565.666,1524.458,2470.250,2692.291
1156.750,1118.042,3812.833,2.834
1013.625,982.792,2867.084,1.750
669.791,0.291,1834.917,1.500
2042.750,1968.583,33356.709,3454.708
994.791,933.750,1906.959,2.708
1694.583,0.291,3144.416,1.750
1087.375,1029.208,5910.250,1.417
1380.042,1322.084,4789.209,1.250
1206.667,1163.209,2411.208,2616.791
1336.500,0.291,6666.333,2.625
1417.834,0.167,3293.292,1.709
1077.166,0.209,2012.625,2199.916
1803.042,1858.083,5183.458,2.458
858.042,0.250,5092.791,1.583
2420.041,0.209,7953.250,8481.958
1019.792,1025.875,1891.708,2469.542
1570.541,0.292,3501.000,3719.459
945.833,937.167,2689.375,2.667
1209.250,1217.875,2814.125,3003.375
1584.500,1683.083,3323.125,3554.958
951.334,1069.125,5874.041,2.750
1928.292,2000.083,19794.000,3775.500
1014.750,1010.166,2960.083,2.500
1007.959,994.708,4490.708,1.625
1041.250,1052.000,2416.166,1.375
1223.167,1207.542,4413.083,1.375
709.209,682.583,2541.292,1.292
1056.417,1032.417,5042.500,5718.958
1228.792,1209.792,9383.959,11186.459
1385.708,1367.791,4237.083,4418.584
1008.459,986.667,5585.125,2.833
1962.791,1931.458,5664.833,5938.667
1510.042,1403.667,2442.333,2583.166
1119.833,0.417,2869.292,2.625
1530.458,1474.666,2474.458,1.500
945.459,942.042,5423.458,1.333
1011.292,1017.584,2344.083,1.250
1424.917,0.250,3383.958,1.500
1955.000,1981.334,82174.500,1.292
391.209,363.916,2065.583,1.292
1139.333,1143.584,2615.834,1.292
1695.500,1710.709,3254.583,3153.375
1876.625,1860.917,17482.125,17981.792
863.458,0.333,2687.542,3.833
839.667,0.208,2222.333,1.667
2037.666,1722.667,3203.750,3269.042
1003.584,862.916,4493.209,2.875
542.792,512.625,1743.959,1.666
855.125,843.625,1817.125,1.583
1024.417,1022.750,2256.666,1.333
794.333,749.417,2535.458,1.291
1258.875,919.333,2312.250,1.292
2181.667,1910.209,4209.292,4130.292
1622.667,1045.875,3275.084,2.583
1641.875,1575.750,2871.291,1.583
1295.334,1230.125,2553.875,1.375
1096.958,1007.458,2110.209,1.583
2018.459,1923.125,4700.417,4704.375
1876.417,1686.000,6711.833,7321.708
1576.167,1581.584,25465.708,2637.666
591.833,567.834,3759.167,2.500
904.792,892.959,4668.416,1.625
823.417,801.417,4609.917,1.458
1023.542,1009.834,3207.459,1.291
809.959,797.416,1724.959,1.292
2144.167,1961.166,3934.750,4053.500
1289.666,1275.041,4338.959,2.583
808.916,0.250,13094.583,1.667
1398.625,1403.625,5152.583,1.583
1283.875,1287.209,3519.250,1.333
579.375,0.334,1832.584,1.375
1782.000,1828.500,49702.625,2954.166
1150.500,0.292,2495.666,2.208
1406.417,1361.750,4206.125,4158.459
1133.583,1071.791,2320.292,2327.375
1457.792,1248.333,3195.500,2.625
822.875,758.083,3564.208,1.666
1176.541,0.333,3090.000,1.416
879.458,827.583,2053.708,1.292
1337.625,1240.667,3373.375,1.208
1377.333,1332.708,5672.084,5633.208
1143.292,1111.209,2704.458,2707.417
802.291,777.375,2322.000,2.750
1817.041,1769.000,46223.500,3845.042
1389.875,1369.042,5078.625,2.708
1018.292,0.250,3671.083,1.542
1101.250,989.125,2228.000,1.500
1214.750,1172.333,2885.666,1.292
1678.166,1626.000,39112.375,12439.375
1580.333,1526.000,3635.625,4060.250
1162.792,1107.375,3519.250,2.834
853.958,816.500,3063.917,1.666
143.625,124.666,1772.500,1.541
1591.375,1483.125,4678.208,4716.958
965.542,928.250,2575.709,2.625
1438.792,1397.792,4446.334,1.709
1136.167,1128.792,3450.667,1.542
1469.458,1477.750,3342.667,3312.584
1634.333,1634.666,4247.917,4285.292
1161.000,1104.583,2936.042,2.667
2211.750,2156.459,7224.166,7770.250
825.458,787.500,5399.750,2.917
1001.833,0.291,2537.625,1.750
1473.666,1438.666,3684.375,4085.459
581.333,557.250,2857.208,2.875
1016.666,985.250,3544.333,1.625
447.208,0.250,3371.125,1.791
1475.708,0.209,17390.584,1.334
901.667,856.917,2781.209,1.209
1558.042,0.250,5241.625,3948.209
1548.416,1555.833,5174.041,2.583
1701.583,1590.834,65771.542,1.792
1292.625,1155.416,3552.375,1.500
1393.417,1365.709,4272.084,1.334
824.917,0.250,2683.291,1.375
1540.416,1540.541,5637.875,1.292
1404.917,1405.333,4916.584,4070.917
849.458,836.208,2658.042,2.500
697.875,645.750,2495.333,1.584
833.125,770.875,3529.833,1.250
1551.750,1320.583,2842.791,2669.625
1493.833,1478.125,2985.875,2841.083
1312.083,1222.542,7908.958,2.583
947.166,0.292,2021.959,1.708
917.375,801.250,2534.292,1.291
892.750,829.125,5684.042,1.375
1590.250,1508.625,6681.375,5330.459
1319.333,1258.417,3989.416,3698.167
544.167,516.000,2078.292,2.583
1169.042,0.250,4646.958,4733.375
478.666,444.875,5772.584,2.834
1620.708,1566.542,466860.083,1.625
1480.209,1417.500,4029.667,3276.416
1331.459,1280.417,3779.500,3232.333
864.583,810.000,3949.625,2.625
1636.375,1368.291,9253.375,1.916
1704.334,0.292,6561.584,5148.625
879.625,858.042,5991.875,2.625
1108.625,1018.000,5395.334,1.750
918.542,860.375,3225.500,1.541
1812.584,1774.875,12713.459,11413.583
968.083,924.459,4970.208,2.833
1372.042,1260.958,7616.042,1.583
1297.917,0.292,6227.875,1.375
1545.709,1527.250,23055.292,22828.583
1269.875,1264.708,5716.541,6.250
1339.334,1341.459,8761.458,10010.666
840.125,823.333,2402.625,3.667
2182.750,2012.583,4868.667,1.750
2326.041,0.333,21764.042,3823.000
792.542,757.333,7259.500,2.375
1602.333,1592.750,7006.125,1.875
1001.625,995.709,1884.625,1.416
1318.250,1343.166,2276.208,2559.583
1156.541,1156.000,4065.208,2.625
1268.709,1275.750,6191.166,1.834
1090.042,1090.000,4669.709,1.500
1519.583,1537.500,2763.584,3050.667
1168.666,1181.250,3163.542,2.458
351.750,324.584,3325.334,1.666
1007.792,1008.917,3787.833,1.500
1020.042,0.292,4052.333,1.541
1424.916,0.250,3928.042,4086.792
973.583,969.333,2921.083,2.459
1492.041,0.292,2670.416,2771.375
1013.667,1004.459,4378.416,4664.833
670.750,662.416,2364.750,2.666
1666.750,0.292,18661.667,2819.083
1632.958,1448.583,10107.084,7887.875
1686.292,1527.417,9119.708,2.709
1163.834,1074.834,5346.875,5624.458
990.334,952.875,2724.625,2.792
1368.792,0.334,2476.209,1.917
1012.333,974.375,3321.917,1.583
991.917,957.959,6076.583,1.458
862.000,0.292,3227.917,1.375
813.750,765.000,2760.458,1.209
696.208,681.958,2256.750,1.333
1226.166,1233.542,3916.084,1.500
968.709,950.583,7611.375,1.250
1430.416,1245.875,2345.791,2341.708
907.958,824.292,3798.000,2.500
1683.292,1565.583,6096.333,1.625
852.166,839.833,5011.958,1.625
1229.208,0.291,3685.042,1.333
1798.750,1833.250,6865.834,2534.292
1365.875,1376.584,3580.666,2.417
1009.500,1010.292,3307.250,1.584
596.583,0.292,3060.916,1.458
1234.625,1248.750,3020.167,1.334
1133.375,981.834,4387.459,1.209
1711.333,1644.333,11459.083,1.167
1056.583,0.333,3284.208,1.333
1576.458,1536.541,5422.500,4597.834
851.375,0.291,6811.959,2.709
971.042,946.208,3650.292,1.750
1337.167,1313.917,4510.666,3220.708
727.333,698.125,5041.584,2.417
1006.209,975.666,5422.583,1.708
690.750,668.750,7047.041,1.416
2205.000,2172.083,22064.625,12641.042
1255.250,1229.833,6286.125,3.167
1811.000,1772.792,7748.125,4340.959
1409.667,0.458,8408.583,2.583
1281.083,0.250,5805.584,2898.625
708.667,670.208,12258.083,2.500
1074.833,1051.750,7454.791,1.667
2255.000,2257.042,47546.041,19851.292
1432.083,1396.000,5655.584,3139.750
1401.875,0.333,10038.042,3997.625
1546.625,1416.291,14232.375,6972.917
992.500,912.083,8443.791,3.166
1544.792,1537.834,245762.625,1.875
1655.667,1614.083,6219.292,1.334
644.125,616.625,4355.875,1.250
734.458,0.292,4896.125,1.250
320.791,0.209,2338.917,1.250
772.875,763.542,2333.292,1.250
1290.375,1309.125,3623.042,3204.000
1566.000,0.250,5960.708,6467.208
1416.125,1379.333,5077.917,5502.583
1212.916,1176.958,2116.417,2240.000
2372.167,2352.000,24765.792,4357.333
809.500,794.458,2361.625,3.208
1459.292,0.333,4366.875,4624.416
876.500,844.417,2117.417,2.958
1704.958,1678.458,4204.417,4118.750
520.500,0.292,2296.250,3.083
510.541,0.208,1634.916,1.500
1254.084,1240.167,2458.959,2524.917
466.791,445.167,2373.042,2.833
1319.292,0.292,2999.083,2983.666
1419.500,1372.625,5120.459,2.708
1480.041,0.250,3285.750,2299.584
1937.500,0.250,13498.750,2.708
1068.167,1057.458,3502.542,1.542
995.792,983.292,4547.375,1.333
1806.583,0.250,3957.334,3947.083
1360.584,1342.666,6094.166,3.875
454.000,432.375,1832.375,1.500
808.667,812.792,1864.625,1.375
766.458,0.333,3713.500,1.417
1376.041,0.208,3987.042,1.459
1788.208,1824.792,5696.666,3062.541
543.000,523.375,3255.292,2.625
1395.167,1401.708,23939.291,2393.542
667.167,0.250,4882.417,2.375
998.000,0.167,4839.125,1.583
977.292,998.125,2572.917,1.375
1884.500,0.250,7252.083,1.250
1901.375,1935.000,8686.458,1.459
2128.166,2185.083,12254.041,10038.459
906.000,912.166,3777.917,3.000
752.750,755.042,4250.958,1.500
1033.666,1038.208,7657.750,1.333
1200.834,1204.375,6343.542,1.334
958.166,938.583,3453.834,1.333
1175.291,1146.334,4043.917,1.458
1640.250,1663.458,6616.166,1.541
1277.542,0.458,11534.833,1.208
1217.417,0.208,6949.000,1.333
1207.584,1215.833,25055.250,1.209
1279.792,1316.125,9652.834,1.291
761.292,744.000,4045.250,2278.666
1631.833,1643.791,7542.000,3782.958
1133.042,1117.875,5446.167,2687.250
1387.167,1391.750,5478.625,2.750
1024.500,1016.041,5632.458,3347.834
1505.750,1521.375,7232.208,3554.042
1087.792,1075.334,7339.458,2.875
1048.000,1038.791,4586.750,1.667
1357.625,1323.875,5405.625,1.417
1774.333,1761.666,12723.250,1.416
785.958,0.250,3433.375,1.250
1853.500,1883.458,8097.458,1.417
938.584,0.291,4478.417,2846.875
1309.417,1334.250,6197.250,2.667
1196.625,1208.417,11737.000,1.625
902.042,896.417,4574.375,1.458
1065.417,1071.417,3655.416,2531.667
777.791,0.292,6458.416,2.666
1872.667,1872.667,8203.250,5064.333
1272.208,0.291,5905.875,3.250
1999.500,2032.833,31608.750,3676.000
904.666,908.625,4788.250,2.666
1505.792,1522.875,8586.125,1.709
879.958,875.334,35324.584,1.458
1473.375,1507.416,7356.167,5801.458
939.709,933.500,3765.500,3.458
1122.125,1126.084,11638.667,1.625
926.291,926.625,2704.417,1.291
1077.958,0.291,4621.667,1.333
1260.584,1251.000,3908.416,3334.833
1103.833,1107.791,4250.583,2.750
705.084,698.417,3099.250,1.750
653.042,641.625,3398.625,1.459
503.375,477.709,3218.958,1.292
1213.250,1218.666,4639.583,1.333
1352.792,1372.458,4757.125,3696.166
1629.375,1645.917,16260.167,2.583
1612.792,1650.458,4150.875,3315.459
1546.417,1562.000,5336.375,2.625
902.750,898.833,3499.625,1.792
1206.083,1200.750,2963.750,1.500
1838.000,1867.208,6794.375,6594.708
1255.833,0.250,2781.959,2.583
1039.000,1046.250,2982.000,3013.292
855.000,0.292,6917.459,2.708
675.750,660.625,4114.291,1.708
1166.333,1174.208,2215.416,2249.167
1311.417,1298.334,11209.417,2883.750
1041.958,1056.041,2606.167,2577.709
1082.375,0.250,2471.083,2.708
1515.916,1559.666,9248.167,1.750
1345.916,0.292,13011.000,14181.584
1509.542,1528.667,5450.042,5349.625
1981.209,2032.167,4420.708,4434.375
1025.375,1009.916,2582.708,3.208
1069.833,1075.208,8904.166,7063.083
1033.667,0.292,2522.000,2018.958
1324.209,1345.750,3942.458,3608.584
1405.666,1431.042,3469.833,3.125
870.416,864.292,5254.208,1.708
1001.459,994.791,7105.458,1.375
1142.916,1159.334,3463.792,3467.458
1910.625,0.333,5418.209,3.000
764.292,744.459,2891.583,2.000
1003.375,0.291,2985.042,1.416
796.125,786.333,2633.459,1.375
1454.667,1478.959,3603.375,1.250
1327.459,1342.834,2841.000,2939.542
1472.709,1479.375,2874.166,2899.958
1656.625,0.459,4740.792,4798.000
1101.791,1105.000,28206.125,2.959
718.666,711.542,3273.750,1.750
1132.625,1148.125,3890.333,1.458
1104.167,1107.625,3248.792,1.333
1168.458,1178.708,4313.208,4764.750
877.125,880.291,2213.541,3.958
1199.542,0.250,2538.500,1.875
1436.417,1447.542,3977.208,1.458
1155.084,0.333,3285.042,1.333
1342.208,1366.709,3588.917,4035.375
1733.542,1773.209,3112.916,3622.625
1263.542,0.292,16596.500,18246.750
1392.042,1413.708,5974.459,5.417
1160.625,1173.958,2651.792,1.792
1593.250,1625.500,51056.500,54408.125
1347.500,1369.458,3241.125,3329.042
879.375,882.583,4492.875,4.167
905.750,906.833,3083.333,1.875
760.792,760.041,1961.625,1.500
785.458,782.250,4042.500,1.375
1646.958,1670.792,7061.500,8347.833
1074.250,1069.584,2470.291,2864.708
2041.375,2078.667,34627.250,4487.042
1222.542,1231.250,4154.125,3.125
1307.625,1312.792,28807.000,30109.542
1201.833,1201.500,3156.875,4.584
947.458,947.000,2724.417,1.791
1536.542,1562.500,2595.084,2998.708
1391.458,1415.125,4139.834,3.542
1711.458,1716.417,6430.375,2.333
344.333,311.333,1803.583,1.459
1094.416,1099.209,2263.834,1.375
1282.958,1291.791,3424.292,3614.500
1294.917,1300.584,4936.292,3.416
1197.917,0.250,2596.250,3130.542
997.250,1003.125,5071.000,3.875
1715.125,1721.125,9185.500,10428.292
1279.125,1263.042,3120.750,4.208
460.833,436.333,3881.250,1.625
962.667,959.000,3467.167,1.584
181.666,157.750,5731.000,1.375
1515.292,1516.583,2981.541,1.416
894.834,886.584,2618.833,1.250
801.167,788.750,2943.250,1.250
1190.125,1189.459,2453.292,1.250
1998.209,0.250,5232.708,1.250
1070.209,1047.084,2545.083,1.208
1270.084,1259.167,7897.458,1.209
1010.958,997.709,2697.625,1.292
1447.750,0.333,3325.333,3591.833
1361.375,1357.417,32495.666,3771.334
898.792,0.292,2810.000,2.875
841.250,831.458,2544.083,1.541
1650.417,1624.875,5566.917,1.417
1177.166,1179.209,2907.167,1.208
529.709,502.791,3326.750,1.458
2026.083,2051.584,40630.083,4522.458
717.375,710.875,2459.792,2.791
1299.584,1313.125,16591.041,3596.542
1197.416,1200.458,2721.083,3.083
1901.792,1935.458,5021.709,5256.291
976.042,968.000,3140.459,3.459
493.167,475.625,3548.042,1.750
1457.125,1483.750,3988.792,4341.375
954.667,956.708,3573.250,3.125
899.875,896.042,2290.417,1.792
1038.250,1029.042,2971.375,1.541
835.666,0.292,1839.625,1.334
1234.541,1247.750,3195.042,1.292
915.542,919.458,3509.000,1.458
1215.125,1229.542,7412.084,8864.500
1335.459,0.250,11578.209,3283.791
1018.792,0.167,2385.625,4.125
1247.250,0.208,2480.041,1.875
2156.625,0.167,5044.333,5580.917
1337.417,1346.417,5443.584,3.583
2098.292,2150.084,12310.250,12788.416
1019.041,1010.375,2461.209,6.250
868.500,847.958,2320.417,1.667
1831.584,1844.292,5862.584,6766.292
805.958,0.292,3504.791,3.833
1191.125,1188.542,3802.541,1.500
978.958,974.834,3515.709,1.625
1085.500,1086.500,3286.625,1.292
1217.666,1216.917,3171.292,1.291
1046.167,1046.416,2709.292,1.250
1241.959,1239.875,2311.875,1.208
1476.500,1485.916,2779.792,2886.625
991.958,979.500,6098.625,3.375
1758.167,1795.208,4553.417,4638.333
1040.916,1031.334,3144.042,2.792
964.458,961.916,2174.125,1.667
1570.500,1592.583,3801.541,4157.541
1379.166,1390.667,3948.000,4.500
976.292,974.708,3681.291,3942.291
1622.458,0.292,8924.500,3.000
1328.792,1255.792,2242.541,2400.084
595.583,561.583,5752.709,2.875
1569.209,1583.750,4169.000,4192.625
2663.083,0.291,6820.500,7209.875
1464.583,0.250,4489.417,3.166
1244.958,1229.917,5918.083,1.542
798.625,780.875,2021.042,1.292
1354.625,1356.875,2756.875,3064.250
1371.958,1379.791,214448.750,207154.625
1205.541,1206.209,4445.500,4.500
1913.833,1932.541,3853.458,5119.166
608.000,595.375,3670.917,3.791
595.833,565.709,1591.750,1.792
1243.333,1218.666,3185.125,1.416
1102.875,0.333,6587.875,1.291
1167.417,1134.959,4068.167,1.333
1046.583,1023.375,3415.875,1.292
911.875,890.833,2313.250,1.208
1680.833,1661.750,3027.500,3271.708
913.375,899.084,4289.916,3.625
1915.750,1887.000,12946.500,9369.708
1294.500,0.292,2558.584,2910.333
838.625,0.209,2063.209,3.750
1017.417,999.958,5976.208,1.792
1520.625,1492.500,6850.875,1.417
1103.000,1071.584,3094.125,1.334
1279.167,1249.083,2871.417,1.250
742.500,725.708,5884.625,1.333
1364.375,1328.708,4419.792,1.250
910.458,883.667,3065.291,1.458
1275.500,0.416,2361.875,1.292
1877.875,1849.209,8685.834,3550.500
2321.625,2309.667,38333.417,3211.084
1132.083,1093.958,2850.166,2867.459
1294.708,1271.833,2904.833,2.958
1308.166,1283.708,6003.958,1.958
776.875,734.542,8428.500,1.417
1121.667,1089.584,5113.917,1.375
1662.459,1631.542,4440.167,4341.500
1058.500,1040.666,3099.875,2.833
1182.041,0.333,2920.708,1914.542
1481.417,1441.041,15038.791,2.333
761.625,739.916,5306.375,1.625
845.250,0.333,8944.625,1.458
1216.250,1189.417,8494.583,1.250
1106.125,0.292,305723.208,204798.042
1284.250,1254.292,5383.250,6.875
1145.667,0.292,4122.500,1.958
1703.959,1679.000,7516.666,3884.416
1500.375,1485.792,9044.000,3.250
768.416,746.000,3731.167,1.625
1119.417,1099.458,3500.667,1.625
727.667,715.792,3961.791,1.292
1385.791,1376.333,3788.959,3213.416
939.083,926.334,2647.292,2.875
849.875,843.250,2214.542,1.833
976.458,948.083,2867.792,1.375
1205.000,0.291,3847.208,1.333
1361.500,1398.292,3506.250,1.250
986.334,986.375,4793.667,1.375
1601.875,0.333,17113.000,1.209
1015.125,0.208,3450.125,1.167
1524.375,1488.667,4258.375,1.166
529.167,510.458,3050.166,1.250
1128.875,1121.041,4287.375,3159.291
792.625,786.875,2855.916,2.875
746.542,723.792,3787.334,1.750
796.583,773.458,3518.458,1.458
1651.875,1620.250,8695.458,5856.041
833.542,823.667,3629.917,2.625
2163.375,2153.666,11134.375,8594.667
1070.750,1053.292,4010.583,3.458
1348.000,1352.709,38608.416,1.625
1183.042,0.334,3332.167,1.542
797.167,786.958,3220.709,1.333
990.584,986.958,3950.500,1.208
388.709,0.250,3079.250,1.250
720.958,699.958,3121.917,1.250
969.958,0.292,3449.500,2724.167
1552.792,1564.292,459699.667,192184.375
952.583,943.916,2941.708,5.167
1390.209,1373.208,3847.583,1.958
741.250,0.334,2623.875,1.375
1058.334,1074.625,3394.000,3610.250
1087.583,1085.959,2763.083,3.333
778.625,755.875,2778.166,1.542
848.458,830.084,5051.042,1.583
1273.458,1252.458,30179.750,1.333
1511.500,1470.625,3589.333,3436.708
1559.667,1519.834,4911.750,4916.584
1679.417,1635.125,19163.667,2199.583
753.250,726.208,2143.916,2.708
1407.500,1346.334,25553.500,2540.167
1552.458,1494.334,3493.666,3266.584
930.958,892.167,2015.250,2.625
1323.625,1282.791,2803.750,1.459
801.000,761.208,2156.292,1.542
1003.791,0.417,4929.709,1.250
541.000,506.000,2653.334,1.292
1139.208,1088.583,3179.041,1.291
836.791,786.834,2323.792,1.167
1195.291,1135.375,17982.458,1.334
809.041,761.334,2514.459,1.209
858.666,812.209,2078.791,1.209
680.834,640.791,2530.292,1.209
1152.834,1100.917,5333.292,5629.291
1375.208,1321.500,9369.708,2.833
1632.583,1599.750,37699.625,1.709
1721.333,1723.125,4357.000,3948.625
934.417,0.333,3340.583,2.541
860.750,840.417,3271.416,1.666
1043.791,1025.875,2326.541,2224.750
1528.000,1529.459,4612.208,2.583
567.167,553.458,2047.875,1.750
1846.542,1917.083,5977.125,1.375
1464.542,1462.292,3538.416,3076.708
1706.750,1708.250,3025.750,2954.500
1276.167,1250.292,2583.208,2449.292
1545.750,1526.875,14120.709,13694.625
805.959,783.625,3320.750,3.166
2017.208,0.458,27916.125,3046.084
1410.584,1444.958,4938.291,2.458
1667.250,1683.041,4436.000,3784.250
1205.125,1217.125,4484.833,2.750
1108.667,1115.708,2830.833,2556.958
1385.125,0.333,5085.584,2.583
1507.291,1546.708,4440.125,3178.292
690.834,672.833,3132.625,2.667
1351.292,0.292,8282.041,1.667
1278.666,0.209,3672.708,1.417
1071.500,1055.334,3937.459,1.375
1560.792,1564.125,5716.625,1.292
1441.000,1467.541,10189.916,1.292
912.791,899.334,8321.667,1.291
1033.041,0.333,4785.541,2333.125
1233.625,1254.542,5411.292,2.542
890.750,886.791,4524.834,1.667
1133.334,1137.833,3652.792,2285.000
734.250,0.250,2910.834,2.417
1347.958,1318.625,5091.250,2768.042
702.250,675.708,4665.625,2.541
994.959,0.333,4828.125,1.666
613.417,586.291,4709.000,1.416
765.750,738.541,5015.875,1.250
1323.750,1297.917,6077.584,1.334
1025.125,1016.500,4283.375,1.209
1083.375,1060.625,4207.625,2763.375
1835.208,1809.083,8076.667,2.541
772.000,738.416,4409.375,1.666
1358.708,0.292,4304.542,1.417
753.084,719.416,5214.416,1.333
1051.583,1015.833,4342.250,1.291
597.708,568.667,8526.167,1.209
1022.709,988.208,4960.291,1.250
1446.125,1429.042,85852.167,1.250
1114.000,1102.375,3485.083,2386.667
693.000,671.667,2546.291,2.708
1326.250,1285.917,4206.875,1.666
680.542,650.750,2599.083,1.375
668.292,641.333,51455.292,1.500
878.917,849.666,2633.166,1.375
541.541,515.292,3368.958,1.292
1438.542,1415.834,173531.292,130487.833
1071.000,1040.208,3019.166,6.750
1463.792,0.458,8838.208,8884.625
1600.542,1577.167,7261.250,6850.083
919.500,905.875,2354.583,3.000
1260.583,1237.041,2547.084,2622.458
830.584,0.250,2919.209,2.875
1531.500,1512.000,138916.708,1.833
847.958,814.958,3776.083,1.417
1834.333,1839.584,15963.750,17603.208
890.500,867.208,5403.416,3.417
1562.375,1529.042,2674.500,1.750
1370.708,1343.417,2799.084,1.416
859.709,845.958,3119.250,1.292
1657.917,1642.834,18481.667,2622.334
991.375,962.250,5708.792,2.625
1477.667,1445.458,41070.834,37382.041
1155.333,1129.916,2258.417,2594.458
830.667,811.541,2829.000,3.667
1614.917,1590.959,9905.208,11426.833
1669.417,0.250,7951.042,6.291
643.875,603.083,3334.792,1.584
1435.333,0.250,4361.750,5550.916
992.458,962.917,2654.459,6.084
1659.000,1643.875,62482.625,39321.584
1498.250,1478.959,2682.917,5.792
855.792,0.292,2397.125,1.625
958.125,931.875,4910.042,1.583
354.583,338.208,1342.625,1.333
774.750,774.833,1924.250,1.333
1541.958,1512.750,4936.750,1.209
1028.667,0.291,2905.917,1.209
1221.250,0.208,2828.500,1.209
1922.958,1909.625,34799.167,40959.625
1035.042,0.250,3174.875,5.416
1126.000,1111.833,2869.208,2.125
1447.041,1416.875,6565.292,6940.042
1352.791,1324.833,3803.292,3.375
949.667,916.834,2472.750,2652.500
850.750,0.291,2864.791,2.667
1876.916,1848.292,15263.458,1.584
1282.791,0.375,3829.250,3874.083
833.625,0.209,2068.125,2.833
2006.250,1968.834,4683.000,4925.209
2064.250,2072.708,12755.292,13906.584
910.583,0.292,2188.500,3.542
1409.000,1403.667,3881.125,1.500
785.834,764.500,2055.375,1.333
990.417,969.084,2650.209,1.458
1988.125,1959.041,9245.959,9396.792
945.125,934.584,2929.541,3.000
1518.875,1495.833,4554.208,1.833
614.583,579.209,3569.833,1.417
1087.375,1077.166,4502.542,1.209
342.625,318.708,1778.959,1.209
714.917,706.208,2511.333,1.208
972.125,0.292,2687.667,1.333
846.208,823.750,1773.375,1.209
835.458,0.292,2751.292,1.167
588.833,573.625,2969.542,1.208
780.833,753.292,5498.417,1.208
1610.334,1578.000,4609.125,4891.208
1362.291,1333.750,7112.667,8640.084
1647.375,1622.083,5183.167,5605.375
1356.917,1363.583,3126.542,3.459
1083.958,1073.834,2726.167,1.584
1412.292,0.250,3220.833,1.500
2114.584,0.250,4659.875,4854.750
1288.583,1271.458,4340.875,4576.458
1497.792,1525.458,5143.209,2.750
1346.125,1322.584,10451.750,1.875
853.208,842.500,2352.208,1.500
806.125,782.750,2141.375,1.209
590.917,567.500,2275.459,1.208
1327.959,1332.250,3055.459,3241.167
1539.083,1563.000,6444.125,2.916
1352.791,1359.833,5318.500,1.792
1493.500,1507.750,11550.042,12569.417
1489.958,1509.916,3242.291,3.208
710.458,703.084,2934.083,1.541
1127.416,1139.208,2228.000,2475.125
2126.375,0.292,43358.833,3875.208
928.000,914.625,4532.250,3.333
1460.125,1467.667,25691.875,3544.000
1813.083,1802.958,38237.875,20440.584
1402.708,0.292,3718.125,3608.333
1521.667,1555.458,7725.792,2050.209
1296.958,1302.459,3805.417,2.667
1310.083,1299.500,12275.125,1.459
1333.459,1347.542,2686.958,2611.875
1127.125,1235.708,3649.167,3180.250
1112.709,1277.125,3284.958,2807.791
694.000,708.292,3057.125,2.667
1009.041,0.500,3692.167,1.709
624.167,0.250,2345.916,1.417
1199.000,0.167,3502.000,1.250
1379.750,1360.625,2791.625,2751.166
742.708,714.583,3738.667,2.791
1133.625,0.375,5209.875,4545.084
555.375,526.917,2585.000,2.875
1276.417,1226.875,2815.416,2705.959
1147.625,1095.333,6291.666,2.625
1347.083,1302.542,2967.458,2779.625
1533.042,1468.666,5090.459,2.625
1070.542,1023.792,2240.417,1.583
903.333,858.167,2112.500,1.250
762.125,727.834,2351.041,1.250
815.041,775.750,3019.500,1.250
1235.417,1182.958,3336.209,3191.917
896.166,857.584,2466.625,2.708
521.083,487.041,4384.750,1.750
1928.500,1847.500,4885.959,4507.791
1168.209,1113.833,6988.417,4.084
1698.083,0.250,4325.666,4277.292
1540.666,0.209,6160.333,6318.250
409.125,382.042,7561.125,3.750
846.750,791.791,10332.583,1.625
1940.250,1839.667,30060.417,4938.291
589.167,0.292,2575.084,3.167
1055.667,1012.125,5793.959,1.709
533.709,488.584,4655.334,1.333
1384.833,1325.625,5139.042,1.375
707.417,667.500,3619.000,1.333
1758.375,0.750,5100.334,3622.167
1291.250,1220.167,3588.833,2.833
1382.542,1308.750,7343.208,5220.917
1524.208,1452.125,4748.625,3509.834
1421.625,1353.125,12837.167,2.542
1062.583,988.875,3846.500,1.666
1500.083,1422.375,5111.208,3233.292
890.167,839.583,2985.209,2.542
1538.500,1447.167,11909.667,1.833
1289.292,1225.875,5148.375,1.416
441.458,408.750,3645.917,1.292
1198.666,1134.875,4155.375,1.291
1182.292,1117.750,2728.041,1.167
1312.250,1244.292,7337.375,1.209
819.958,771.833,2508.417,1.291
1255.042,1191.334,6240.125,5275.958
1677.083,1621.875,4327.167,3803.125
1208.375,1169.000,3193.791,2.666
835.834,0.292,3297.459,1.750
361.458,337.125,1582.417,1.417
2108.291,2033.542,8374.041,4357.750
1102.417,0.292,3185.042,2.583
1123.333,1100.167,4225.750,3787.584
1279.666,1243.625,2762.334,2475.292
1013.709,966.000,4139.208,2.667
731.708,691.375,2975.750,1.875
751.791,700.333,3162.583,1.541
726.250,684.416,2518.417,1.375
1090.750,1036.916,3194.208,1.333
1426.209,1357.209,3519.709,1.250
1526.875,1443.750,3740.709,1.208
1066.708,1000.416,3146.750,1.292
1049.375,988.291,3986.750,1.291
1468.750,1388.041,2823.541,1.250
1564.333,1492.667,3870.875,2295.292
559.916,0.333,2969.750,2.167
771.417,727.583,5059.500,1.667
1291.625,1226.084,3241.583,3185.667
999.292,0.292,2998.291,2.916
522.666,490.750,3596.583,1.667
1023.417,964.583,2615.750,1.375
1838.250,0.250,22656.583,3307.958
967.584,0.250,2104.125,2.250
1525.875,1520.584,3742.459,3663.333
326.375,300.958,6931.209,2.458
818.917,0.250,2484.334,1.500
683.333,649.500,2166.958,1.500
774.333,736.000,2364.666,1.417
1525.750,1477.166,16010.834,1861.583
890.292,0.250,2140.667,1.916
1334.750,1306.958,3221.583,1.541
757.709,713.375,6922.042,1.458
788.917,758.542,2573.667,1.333
565.708,0.250,2610.791,1.334
312.208,296.625,1670.417,1.250
1546.750,1457.791,2780.750,2749.333
2419.375,2307.167,7684.917,7565.708
1064.208,995.417,4436.166,2.584
465.291,423.334,3627.292,1.667
1273.750,0.291,3023.375,2993.417
1195.292,0.208,4638.416,4970.958
2270.750,2146.792,29701.416,3757.083
667.708,0.291,2632.750,2.583
1340.083,1279.625,4443.917,1.834
789.417,741.708,3199.667,1.542
1592.625,1499.375,3097.709,2965.458
1366.875,1295.792,3072.292,2858.209
1557.583,1485.500,24928.250,7050.167
1377.792,1316.417,4199.625,2.500
1054.083,1011.500,3063.792,1.667
1521.500,1493.667,4526.084,3675.834
1396.625,1371.792,2979.000,2.625
1232.375,1195.334,4184.000,1.625
1636.167,1614.667,9409.250,1.292
1185.666,1162.291,3379.292,1.250
1910.125,0.291,5070.958,4321.667
1310.250,1226.625,12871.541,13226.125
1399.666,1326.333,13394.166,3.209
250.417,224.833,1922.458,1.833
1102.334,1070.917,4244.875,1.375
1479.917,1412.250,6428.292,1.375
1356.250,1302.541,4077.583,1.208
1017.458,964.417,3033.625,1.334
973.958,924.792,2404.333,1.292
1325.917,1241.875,3584.917,1.208
770.792,0.291,2243.250,1.208
807.584,762.458,2993.250,1.250
536.500,493.875,2114.084,1.208
703.708,0.292,5523.583,1.208
1897.208,1844.500,6862.917,5638.708
1069.167,1007.667,6906.458,6049.250
1446.708,0.291,6850.791,3.000
1871.667,1754.500,62085.750,13077.959
1680.791,1609.042,8296.750,3.959
650.250,611.333,3566.542,1.834
456.667,414.333,3413.750,1.459
743.500,691.291,3436.875,1.292
757.500,714.000,4088.750,1.250
1524.292,1464.708,8884.667,1.167
975.250,922.292,5624.333,1.125
1367.209,1304.667,30834.750,1.250
847.750,0.291,2420.708,1.209
1716.541,1646.583,9311.708,1.208
1074.708,1022.583,2858.417,2418.458
1210.166,1153.667,5199.792,3.000
716.750,0.250,2310.208,1.542
915.083,855.791,2129.084,1.625
1004.500,937.667,4763.458,1.333
1450.667,1382.584,20425.583,2377.417
538.709,499.875,3718.375,2.291
646.375,617.458,26444.834,1.542
1531.958,1459.167,5534.167,5449.125
1257.500,1189.458,7738.125,2.875
971.750,0.250,2227.708,1.750
704.917,662.041,2084.750,1.416
1761.500,1715.208,4662.167,4695.833
1420.084,1388.125,4182.333,2.750
951.958,913.166,3574.625,1.709
1108.209,1089.250,2389.458,1.542
1197.584,1166.416,2934.500,1.291
1292.875,1259.834,7510.291,1.333
1098.250,1067.167,2238.375,1.333
750.208,721.958,6932.458,1.250
834.125,0.291,2347.917,1.250
567.041,0.208,4255.333,1.250
1445.125,1422.542,3866.625,3864.917
1173.792,1144.583,4038.250,2.459
1210.667,1202.500,2696.708,2786.250
1042.292,1025.292,1939.417,2.625
898.542,862.375,2782.583,1.542
1286.084,1253.000,2619.709,2652.500
710.167,0.459,1911.375,2.417
1448.292,1418.959,3413.916,1.500
1214.958,1138.416,3179.917,1.417
1221.333,1166.334,2466.125,2514.750
1041.209,1004.666,2071.958,2125.167
1618.916,1575.750,5582.958,5557.833
1029.291,1002.834,2629.500,2.709
2040.125,1978.500,20627.541,20701.458
1260.083,1239.000,3522.458,3.042
1017.500,0.250,4009.833,1.542
1134.500,1114.041,2205.250,2332.375
1160.416,0.250,3273.417,3358.750
1073.750,1038.208,2285.542,2.542
838.333,812.041,2727.750,2828.667
2239.041,2230.375,7310.250,7459.458
727.500,694.750,4267.833,2.792
1282.000,1252.625,12838.750,1985.709
1268.250,1239.458,3495.667,2.583
1054.000,1026.792,3845.917,3840.750
1159.292,1134.750,2672.291,2.500
682.291,666.166,1877.750,1.875
1575.709,1565.167,3664.500,3665.791
1427.375,0.291,3919.291,2.500
1469.042,1457.250,2991.708,3004.167
2116.250,0.292,4719.167,4700.333
1090.042,1067.375,2871.750,2.625
1142.125,1102.250,5622.625,1.542
1392.625,0.291,6240.500,1.291
2049.208,0.250,15287.792,14862.875
1028.625,995.500,2762.875,3.541
1896.875,1869.083,31433.708,2579.750
453.125,0.292,2246.334,2.500
645.375,618.125,2232.875,1.708
1044.417,1026.791,3213.250,1.667
993.417,960.375,2276.084,1.333
935.500,0.250,3841.791,1.417
804.167,784.583,2492.834,1.334
815.417,792.000,1824.416,1.334
917.541,891.667,2176.417,1.250
1468.167,1448.083,10355.834,1.250
1735.417,0.250,3789.917,1.291
898.625,884.959,2998.958,1.292
308.209,278.750,1804.792,1.208
895.166,862.041,3645.583,1467.083
1137.375,1100.209,3006.459,3080.208
708.500,692.959,3293.334,2.791
637.083,608.750,1952.042,1.416
2152.500,0.250,8273.667,8277.000
534.167,500.625,4112.417,2.958
915.792,0.250,3445.333,1.750
791.250,769.000,1975.167,1.500
1611.000,1576.500,7352.584,7429.959
741.666,708.583,4858.000,3.042
1576.584,0.291,4429.750,4408.958
1379.334,0.208,2356.208,2399.791
1672.416,1666.625,3953.666,2.667
1504.459,1466.250,204120.500,1.500
1050.834,1017.875,2501.125,1.542
765.834,740.708,3818.708,1.333
828.125,803.375,2024.333,1.333
1181.958,1174.834,2822.125,1.291
867.416,0.250,2681.459,1.334
1303.709,1232.833,4906.541,4998.375
1238.583,1169.458,2388.417,2465.042
1013.667,967.416,2700.792,2.584
937.166,903.250,2445.208,1.750
1005.541,942.458,2065.417,1.333
1304.875,1225.959,3312.666,1.250
925.541,0.250,4048.667,1.333
864.458,828.459,1831.375,1.375
548.666,514.375,1408.000,1.250
832.625,791.334,1884.750,1.208
703.333,662.250,1691.834,1.292
1021.708,0.250,2906.583,1.292
900.750,838.791,3150.708,1.209
1174.125,1125.250,6134.125,1.292
777.375,729.958,2734.542,1.208
445.416,0.333,1957.500,1.291
798.291,748.708,2664.042,1.209
817.584,771.417,4781.709,1.292
2109.708,2056.084,4025.500,4144.750
1594.875,1637.584,5908.958,6269.792
1293.917,1269.833,7267.125,2.792
954.292,0.500,2452.250,1.625
2135.292,2064.083,12802.959,12514.584
1369.000,0.292,4166.709,4343.125
1356.708,1333.167,2887.000,2982.042
994.834,959.459,2371.667,2.583
1691.250,0.291,3695.666,3783.709
1455.000,0.208,3545.208,3661.208
1025.084,982.291,9427.125,2.500
1109.500,0.292,2297.125,1.708
1181.708,1136.875,2603.375,2698.875
934.000,883.125,2826.500,2.584
1048.208,0.333,3893.084,4271.000
1220.917,1168.875,2437.416,2.708
1286.042,1229.417,3842.792,1.708
1209.791,1160.459,2544.375,1.291
696.375,653.166,2273.292,1.208
1447.625,1365.292,8070.625,1.250
1096.917,1051.375,2423.000,1.417
1980.958,1881.000,3032.958,3104.667
1446.667,1376.500,4141.000,4286.167
948.875,913.583,5170.167,2.583
1242.708,1178.500,2246.250,1.500
1701.541,1636.291,4472.917,3414.583
2103.916,2019.250,5303.500,5350.083
649.834,615.417,2184.000,2.541
1421.250,0.291,4316.708,4527.667
1244.750,1161.125,2597.000,2.584
558.625,520.125,2727.041,1.583
860.667,811.792,2314.083,1.333
1315.333,1262.291,4699.334,4787.833
589.500,550.667,525043.583,2.666
991.500,918.625,5614.042,1.750
689.125,644.542,3941.750,1.500
997.417,938.167,3424.000,1.333
1093.125,0.333,2706.166,2741.000
2308.792,2240.125,4707.250,4668.959
688.000,0.333,4333.667,2.500
1056.292,1014.750,15025.333,1437.625
1328.541,1268.500,4105.334,1812.292
921.750,0.250,2173.375,2.291
1611.250,1521.583,4853.333,1.500
1309.375,1250.000,3110.125,1.500
1211.042,1170.292,2654.209,1.291
1432.084,1400.666,4804.958,4846.208
987.667,963.584,2722.500,2.625
845.208,819.083,2320.750,1.666
1688.625,1634.250,3507.625,3552.417
1018.750,993.625,2323.375,2.750
1167.541,1136.667,2246.583,1.625
1088.917,1067.125,2891.375,1888.750
1071.834,1041.375,2974.541,2.333
1304.708,0.542,2712.625,2759.958
1690.791,1666.417,7101.875,2.542
960.667,0.291,115353.625,1.542
452.667,431.125,3096.666,1.542
949.750,925.708,6618.917,1.292
1694.875,1693.542,8904.042,1.416
1553.125,1533.500,96331.500,85914.500
725.084,711.667,8569.417,4.250
776.416,0.250,4125.500,1.833
1116.250,1114.125,2896.833,1.458
859.917,836.792,2320.167,1.334
598.208,0.375,2305.833,1.250
508.458,488.792,2380.459,1.208
730.750,705.666,6910.500,1.209
779.208,768.208,4164.750,1.208
1139.834,1085.208,2910.958,1.250
561.167,0.209,1821.875,1.209
1041.208,1018.042,2859.625,1.167
1184.583,1170.125,6787.250,1.250
1802.583,0.291,665838.250,626249.208
1763.250,1751.333,10052.958,10685.583
1324.208,0.250,117792.541,5.959
1319.125,1299.292,5402.834,6245.250
1687.084,1687.625,4219.375,4837.417
1392.417,1559.209,5237.459,3.625
806.541,810.792,3531.958,1.833
1527.292,1527.584,4390.875,1.333
934.166,967.000,2363.333,1.333
1216.167,1238.625,4221.291,4678.584
1005.333,979.334,2855.291,3.000
935.083,916.375,2093.000,1.792
1761.709,1752.875,4438.167,4736.417
1140.375,1127.583,3006.375,2.750
901.833,0.708,2191.000,1.709
818.333,0.167,2331.834,1.458
974.334,0.208,2375.750,1.250
1980.083,2000.625,5056.458,5446.875
1385.417,1957.750,5167.542,5690.334
1610.750,1849.958,2531.084,2763.334
1368.708,1382.250,2657.333,2819.667
549.500,0.417,2149.666,2.584
892.792,935.875,3002.208,1.709
527.583,513.083,8256.125,1.458
1397.458,1408.667,3991.791,4241.541
1225.083,1241.791,3588.250,2.792
789.834,833.625,3693.375,1.667
1526.375,1616.125,4262.250,4768.125
1230.292,1259.000,2493.375,2659.417
890.958,899.584,3652.375,2.875
1470.125,0.417,9763.834,5642.541
1550.459,0.250,4226.875,4570.167
739.166,716.459,2311.917,2.583
1180.667,1206.541,2107.916,1.750
1173.000,0.292,3100.083,1.292
1399.000,1442.542,2798.750,1.375
1035.792,1047.583,2609.916,1.250
1121.125,1115.667,5657.125,1.208
1009.958,0.375,3598.125,1.208
704.542,700.459,4402.583,1.250
1223.292,1250.458,2667.167,2848.166
926.209,0.333,2044.292,2.625
979.458,995.334,2119.917,1.584
1190.292,1214.750,2834.625,3073.542
1137.708,0.291,2623.667,2.709
1596.292,0.250,8243.125,2585.500
1244.916,0.209,2266.792,2.500
629.542,621.417,1735.417,1.667
1314.292,0.250,3580.417,1.500
1069.083,1066.209,4844.084,1.292
1046.875,1058.584,2731.667,1.375
194.167,0.333,1836.417,1.334
1433.417,1448.875,20459.375,2389.625
1357.084,1370.459,3609.750,2.250
1297.209,1337.000,2915.667,3290.000
631.542,0.250,2516.041,3.666
556.375,564.958,1983.125,1.959
1052.708,1071.333,2715.417,1.375
1397.625,1.459,5435.250,6110.458
909.333,0.208,3250.459,3.167
1165.833,1198.083,3574.208,1.542
1118.167,1152.959,3466.500,1.292
1218.875,1233.375,4283.625,1.458
661.834,625.208,2663.458,1.208
1301.417,1313.875,2909.084,1.250
1205.917,1216.792,2219.208,1.167
1046.042,0.292,2305.500,1.166
1033.958,0.209,4932.333,1.208
820.833,821.958,7634.625,1.208
1164.000,1170.125,7391.959,1.250
1067.708,0.250,1879.709,1.208
668.833,660.417,5434.417,1.166
1610.042,0.292,2578.709,2748.791
1174.500,1182.042,8698.750,2.875
727.375,721.084,2283.875,1.667
992.208,0.292,2741.500,1.542
1232.500,0.167,2935.000,1.292
568.167,560.625,1643.875,1.291
1259.500,1280.125,2962.583,3155.375
996.042,995.917,2204.833,2.667
1340.541,1347.458,2425.583,1.541
385.041,368.708,1693.625,1.416
1156.667,1164.750,3911.792,1.209
543.167,523.167,2535.875,1.250
1134.167,0.334,2277.208,1.333
1197.291,1219.625,5919.333,1962.750
1322.125,1329.667,4935.709,2.291
779.209,0.334,1802.000,1.500
904.375,905.750,3174.500,1.375
1079.542,0.292,2381.083,1.375
985.583,1004.958,2137.583,1.208
597.875,573.375,1733.666,1.291
871.292,870.833,2745.000,1.250
1139.834,1148.291,2704.958,1.291
1168.417,1202.292,3974.542,1.208
760.833,741.625,2084.292,1.208
442.750,422.250,4970.500,1.167
1958.625,1997.208,7995.500,8996.167
611.250,592.667,2475.542,3.458
1395.959,1375.625,2508.875,2784.000
582.917,568.875,1760.208,2.833
900.375,887.917,3695.500,1.708
588.000,559.625,1767.792,1.500
1742.875,1728.875,3957.250,4210.750
1072.625,1048.959,7020.583,6812.292
898.250,879.750,2847.000,3.334
497.250,0.542,3528.875,1.792
1250.417,0.209,2338.833,1.459
575.083,567.791,2319.375,1.333
1171.708,1163.667,2656.250,1.291
1381.459,1355.583,4672.833,1.250
1625.125,1622.167,6478.667,6749.917
1116.375,1095.792,4070.958,3.208
1535.000,1525.667,2883.583,3098.083
1480.167,1443.666,2745.167,3069.333
454.041,437.459,2219.458,3.208
773.292,753.042,2177.667,1.833
1588.833,1577.042,4344.875,4711.792
1482.208,1449.625,47594.291,2801.916
1665.166,0.292,9184.625,9915.000
1321.084,1282.084,2446.291,3.666
1308.459,1285.750,2770.667,1.583
1361.375,1361.542,2476.334,2756.542
632.083,600.333,3264.333,2.875
481.084,446.292,2140.333,1.708
1290.792,1272.833,4882.875,5852.792
1286.459,1291.667,9111.958,3.458
746.334,719.417,2535.875,1.667
839.917,815.333,3217.000,1.542
990.458,955.083,2047.375,1.334
1059.750,1026.209,2914.166,1.250
1616.041,1622.375,4059.625,1.333
923.125,0.292,2727.750,1.250
771.916,750.625,1763.958,1.208
1483.791,0.250,3582.750,3956.167
1090.000,1061.875,3932.708,2.709
1267.375,1261.000,2704.708,1.875
1374.084,1359.334,3570.250,1.417
873.917,836.208,2783.708,1.333
1287.041,1258.042,2956.959,3198.209
1531.083,1498.584,3669.375,3964.291
1660.750,1643.791,16891.750,18875.416
1406.000,1389.000,2751.209,3093.458
882.416,855.625,2490.583,3.292
1328.292,2512.458,3224.458,1.750
1430.208,1787.083,15801.375,3493.917
1164.292,1272.792,2294.584,3.041
1129.208,0.625,2380.458,2603.250
1398.125,0.250,3336.458,3596.416
722.959,746.042,17734.417,2.875
529.542,534.375,1537.875,1.708
1580.084,1965.792,28467.334,2551.083
1995.792,2114.250,5927.166,6196.167
1013.333,0.500,5197.291,2.750
1235.333,1269.042,5376.333,1.750
1720.500,1797.667,3908.542,4227.833
1738.416,1765.667,8925.334,2.708
580.708,585.125,1580.625,1.583
1263.000,1308.708,2545.250,1.291
1112.042,1123.375,2785.250,1.417
1850.292,1902.167,28845.875,30223.875
935.042,948.083,2361.041,3.041
705.500,717.958,8492.167,1.834
1552.166,1590.709,2868.667,3126.208
527.708,524.083,2155.667,2.750
858.333,0.292,1929.958,1.625
1028.958,0.208,6911.334,1.583
1036.917,0.209,2310.459,1.291
953.166,971.667,2527.416,1.333
1091.917,1104.917,3669.125,1.292
1559.417,1525.625,40326.000,1.250
1398.167,1392.583,4546.541,1.250
658.459,655.833,2305.625,1.166
1443.583,1433.459,5479.167,5984.792
945.375,921.125,2669.209,2.833
1408.833,1388.375,3888.417,4162.375
1140.625,1122.250,2448.875,2538.167
1420.084,1399.375,7686.208,2.792
1210.333,1179.625,2847.208,2909.625
1079.375,1054.625,4933.708,5594.584
994.084,962.500,3814.958,3.084
1566.667,1542.041,5149.708,5421.584
1532.167,0.416,2411.625,2624.958
1035.417,1026.666,2013.125,2143.792
824.416,800.750,3376.084,2.708
567.416,0.292,2374.292,1.583
857.917,846.916,2616.292,1.542
1992.083,1965.000,4612.375,1.292
1496.792,1471.292,6651.625,7125.583
1550.833,1542.834,3250.417,3832.500
1026.916,0.292,10472.750,3.083
651.250,633.542,2468.625,1.583
1077.834,1055.333,2381.375,1.416
1607.791,1568.250,3735.583,4111.000
1097.542,1073.375,5157.583,5981.500
1260.000,1289.625,5593.041,2295.209
1207.125,1228.500,3425.333,2.750
659.000,646.375,1853.958,1.542
1128.750,0.375,2240.292,1.459
800.792,806.333,2199.792,1.292
1583.042,1638.167,6095.458,1.291
614.958,602.084,1973.542,1.292
1117.875,1132.667,3603.083,1.250
1260.166,1291.583,3718.500,4679.125
933.625,948.583,2714.833,3.458
930.000,956.083,18847.042,1.708
1270.209,1427.916,6563.708,2630.666
1467.959,1481.041,4093.750,4439.792
499.500,0.417,4604.583,2.791
595.250,0.208,1672.125,1.583
1238.209,1232.333,8594.458,4960.000
683.584,0.250,1807.500,2.875
997.208,974.333,2942.459,1.875
1237.083,1213.417,2315.625,1.375
1060.417,0.333,3045.459,1.291
1275.208,1256.833,15187.959,17212.417
1068.167,1101.459,2076.000,2365.041
788.041,791.417,2139.333,2.959
953.417,965.250,3037.500,1.750
1266.542,1295.375,6429.917,7238.542
2277.583,2393.333,39846.917,3814.167
653.750,661.792,1570.542,2.917
1136.959,1163.833,10951.625,1.625
977.917,1119.708,2287.833,1.334
1245.750,1335.084,2411.875,1.375
689.875,702.750,4362.917,1.292
1068.666,1075.625,3220.334,1.250
816.917,821.584,2595.084,1.292
746.583,754.291,2323.708,1.333
1017.791,1029.458,8074.292,1.250
819.667,818.958,3458.625,1.250
1081.792,1106.041,3609.833,1.208
1051.167,1059.042,6109.708,6657.292
968.959,978.834,4222.500,4555.041
1002.167,991.458,6359.125,7074.625
807.792,805.250,2143.334,3.083
681.833,668.125,2543.000,1.750
1359.791,1372.250,5957.792,1.541
1539.791,1800.917,18384.958,2364.333
859.334,901.042,8583.584,2.375
819.667,836.583,2063.250,1.583
1286.208,1314.125,2863.666,1.417
1568.416,1592.917,3632.166,3946.750
728.000,729.875,1895.250,2.584
980.625,1000.417,2244.958,1.750
1141.500,1162.125,3004.125,1.334
1993.250,2051.459,36903.917,3071.459
1091.625,1110.042,2402.292,2.500
1227.833,1253.834,3715.042,4037.250
1392.500,1453.667,8131.792,2.584
393.250,0.791,1943.000,1.709
377.250,378.583,1357.584,1.417
1559.250,1625.125,11695.917,13330.916
1543.875,1755.209,30535.916,3.375
1222.417,1239.916,3501.875,1.750
865.042,856.458,2291.833,1.458
1031.417,1022.125,3128.125,1.291
1304.709,1296.000,2687.709,2947.750
1257.625,1248.542,2751.625,3002.667
588.667,0.417,1711.333,2.792
1150.333,1147.583,2530.417,1.833
1845.125,1838.666,10706.583,11435.250
1527.958,0.333,3636.333,4515.583
1691.125,1703.875,2879.042,3356.625
1833.291,1847.292,8227.375,8888.500
754.584,744.542,4124.875,3.375
1392.250,1354.333,2534.250,2927.583
1508.667,1589.833,3509.541,3791.500
929.750,952.583,2481.958,2.709
571.000,0.417,18418.959,1.667
583.292,580.583,2025.792,1.375
1011.583,1018.417,4322.917,1.458
1626.125,0.292,4035.292,4326.959
1429.625,1428.333,4168.583,2.750
341.959,0.292,4017.375,1.750
1605.500,1620.167,2988.416,3237.250
1783.791,0.292,3905.333,4171.541
1259.083,1250.333,3157.708,2.792
602.125,579.250,1826.042,1.667
984.792,979.334,2968.459,1.375
464.625,0.291,1927.833,1.250
1137.750,1126.000,2411.459,2713.958
1470.791,1506.625,4247.459,2.625
1376.042,1411.292,2792.750,3022.500
1598.917,1634.125,23628.375,2.709
809.000,823.792,4789.042,1.667
1346.417,1397.792,11045.500,9044.584
1602.667,1614.000,3482.041,3.083
1289.208,0.542,15545.000,1.750
677.750,650.667,2701.583,1.458
1484.417,1460.250,3536.750,1.250
1192.500,0.292,3197.083,1.292
1099.167,1065.542,2197.000,1.292
696.834,0.292,2053.417,1.250
1588.959,1584.750,6357.375,1.167
1016.625,994.375,6075.625,6805.167
1657.875,1633.084,6489.792,7264.584
799.833,770.916,2429.542,3.291
894.000,867.167,5527.042,1.791
399.000,0.291,3472.417,1.375
1769.208,1749.459,4179.875,4472.250
1812.791,0.291,4776.500,5053.167
923.833,898.291,2472.334,2.750
1450.500,1429.875,3585.625,3938.667
1068.042,1045.292,2046.584,2.833
773.833,760.125,2506.708,1.750
878.917,0.250,3604.083,1.583
979.500,943.916,5052.875,1.333
1528.125,1495.208,6395.542,1.417
1370.542,1346.750,8932.875,10232.459
809.917,778.166,2303.000,4.042
1214.958,1187.792,2350.417,1.500
1398.875,1372.500,3366.083,3660.875
1676.625,1677.041,7740.375,8459.416
428.833,0.417,1749.917,3.208
1197.334,1181.667,3701.125,1.708
724.125,0.292,2258.958,1.500
727.792,697.458,1838.750,1.291
1306.166,0.250,3997.250,1.333
989.917,947.250,2695.875,1.250
1287.625,1267.542,22310.250,1.291
1129.667,1110.375,3209.708,1.250
944.125,0.292,2272.000,2497.750
584.375,554.750,2006.750,2.750
1127.125,1103.875,2068.666,1.750
1262.459,0.250,2995.417,3219.958
823.375,796.291,3114.916,2.625
1586.625,1572.041,4641.750,4859.666
1911.875,1904.334,3226.792,2.500
668.917,0.291,1633.042,1.792
1675.833,1688.208,4676.500,4969.375
1022.083,1007.833,2591.416,2.584
1222.917,1215.334,3673.250,4186.000
926.584,907.208,2381.750,2.834
1512.042,0.292,5963.167,1.584
845.458,0.208,2977.125,1.542
1885.708,1870.041,16191.500,17663.334
1273.042,1232.541,4337.333,3.167
921.792,884.709,3517.458,1.750
1683.958,1649.667,22984.959,2403.875
724.125,701.125,1971.125,2.291
1333.333,1316.708,3115.250,3362.167
1586.875,1558.667,14827.042,3497.875
1022.875,0.291,4179.875,2.500
886.333,853.167,2249.792,1.583
1496.125,1469.250,18844.000,7798.250
1115.417,1096.459,2323.458,2.708
760.875,734.916,2089.292,1.583
703.125,672.625,2613.375,1.542
1512.500,1472.208,7243.250,1.292
845.291,817.000,3098.709,1.208
1032.750,0.292,2253.959,1.250
1260.125,1239.750,15243.917,2259.375
746.042,0.292,3351.416,2.333
1250.958,1240.250,13303.417,1.625
558.792,0.292,2027.250,1.417
506.750,492.125,1975.875,9.500
1085.042,0.417,2714.917,2.042
711.208,675.791,3012.667,1.375
718.625,691.041,1874.458,1.291
1423.167,1386.833,3551.834,1.250
1323.333,1298.083,14908.458,1.292
680.042,647.917,2447.834,1.250
979.541,0.292,3029.542,2598.334
658.584,631.958,1996.459,2.583
1628.500,1610.000,5662.125,5048.917
1604.792,0.292,9294.667,8819.958
1181.292,1164.000,6151.417,3.209
877.583,866.583,2043.292,1.542
779.375,758.667,2404.792,1.583
922.042,0.292,2575.375,1.333
1566.792,1552.750,4073.166,4227.417
1302.875,1277.292,3467.917,2.875
1470.959,1451.417,4547.042,4862.000
1155.834,1126.125,3519.959,3680.209
1089.250,1066.750,2561.250,2703.750
877.042,854.459,2047.708,2.875
1328.458,1294.417,2804.167,1.625
1094.584,1065.917,2771.541,1.250
1589.500,1569.458,3990.250,4051.209
1594.792,1589.833,4682.333,4757.458
848.750,826.458,15416.583,2.709
827.667,803.333,2027.166,2088.834
619.584,590.916,2802.958,2.750
1072.958,0.375,10030.333,10929.625
1379.166,1361.542,20925.125,3.458
1148.250,1130.084,2728.792,1.667
801.167,0.291,2827.042,1.375
601.333,582.375,4980.917,1.292
1571.083,1529.500,69572.709,1.333
943.292,931.417,3604.709,1.167
1055.792,1039.875,3400.500,1.208
805.541,775.167,3340.958,1.166
1010.708,0.333,3820.875,1.292
1083.833,1057.125,3019.875,3207.250
1729.208,1726.292,6419.375,6799.250
1128.417,1125.666,5080.917,2.708
1137.458,1113.042,5892.750,6345.417
1670.416,1661.500,3857.833,3945.750
1567.917,1546.958,4287.833,4390.792
1366.250,1344.458,22653.042,23691.666
1622.667,1623.792,5220.375,3.875
1298.167,1270.125,4851.625,4770.250
1115.916,1143.041,4326.125,4614.709
1460.000,1483.583,4124.625,3.000
619.791,615.583,2526.958,1.709
345.250,326.250,1685.250,1.375
1329.459,1349.417,12767.208,13990.541
1070.875,1080.625,2290.583,2433.250
1058.833,1064.584,9406.334,2.792
2169.250,2217.709,16444.291,9395.833
1350.209,1382.208,32587.667,32900.750
1416.625,1448.709,4475.250,3.833
1163.958,1178.458,3661.667,1.916
1702.625,1727.292,26665.000,18174.792
1284.208,1319.292,6271.917,3.458
1127.083,1158.875,2864.792,1.667
1079.750,1079.208,3569.292,1.375
1046.917,1059.375,2779.708,1.291
851.708,854.750,2284.875,1.417
1075.500,1080.208,2856.667,3058.375
1175.250,0.417,2861.292,3032.875
924.459,930.959,3651.167,2.916
850.375,850.334,2274.042,1.958
1438.875,1446.125,4912.166,1.417
1325.500,1353.000,3238.292,1.417
1327.375,0.375,3001.708,3110.541
825.000,831.333,2522.750,2.542
1403.667,1419.750,2672.250,1.750
373.917,345.916,3699.084,1.375
1496.333,1464.625,3191.292,1.542
1546.833,0.250,9088.750,9980.750
1097.500,1091.875,2896.375,3000.000
819.083,794.583,2911.167,2.666
1133.334,1096.334,2392.792,1.583
1008.959,993.750,2426.500,1.292
1713.625,1693.709,3332.125,1.542
1525.208,1569.583,7610.625,8100.458
1411.459,1389.083,2899.292,3152.875
1814.667,1814.541,38161.625,3353.667
1318.291,0.292,3344.041,3336.000
1381.834,1352.750,4247.667,2.750
934.750,919.916,5590.417,1.625
538.125,519.792,1806.208,1.500
1061.958,1044.583,34120.667,1.334
1287.750,1276.916,15054.667,2542.709
1002.584,0.292,3797.166,2.500
517.000,494.833,1704.291,1.708
1108.042,1090.667,7037.375,1.333
1837.833,1820.542,8455.042,8699.291
1094.625,1066.042,2124.333,3.334
1070.042,1041.041,3635.083,1.458
899.209,869.959,1918.542,1.500
631.916,603.792,2183.292,1.542
1042.834,0.292,3993.375,1.209
1120.916,1136.375,3020.833,1.208
1033.375,1048.750,3073.583,1.292
1374.500,0.334,3230.625,3332.792
1179.250,1174.084,14598.333,3.250
1662.750,0.292,3638.291,3855.834
1361.542,0.208,4051.542,2.666
1558.209,1563.375,2864.917,3076.500
1429.250,0.291,3037.333,3220.584
1481.500,0.167,3088.583,3345.250
1145.667,1174.458,2728.167,2.708
896.667,888.000,2340.209,2529.333
906.916,0.292,4161.459,2.583
1148.750,0.167,3428.000,1.709
1137.750,1124.584,8630.125,1.583
1000.541,981.750,2735.292,1.250
1100.416,1072.667,5310.500,1.208
819.667,798.917,2436.417,1.458
1652.709,1634.584,35106.125,4436.667
730.000,701.708,1701.167,2.458
1577.125,1571.417,3099.666,2983.375
1137.750,1116.083,2592.750,2711.833
785.791,753.875,4023.916,2.584
965.417,0.333,3789.417,1.583
1698.083,0.209,4640.500,4839.750
995.875,0.167,4172.666,2.541
994.083,964.041,3795.542,3986.458
1604.958,1583.083,14352.959,2.875
1086.167,1062.125,2663.792,2654.375
1261.500,1241.042,3047.125,2.708
1390.667,1367.375,2611.167,3025.833
1353.125,1338.792,3040.209,3866.667
1382.500,1379.125,11979.458,3.583
835.000,804.042,3028.042,1.708
1075.917,1053.375,2935.750,1.625
894.959,870.041,1932.291,1.375
206.583,189.041,6674.459,1.250
689.792,666.792,2733.750,1.375
1591.875,1580.542,11556.333,10223.583
1455.042,1457.125,11876.334,4.125
1190.292,1199.250,5206.500,1.750
1044.042,1037.417,6288.167,1.541
990.792,0.292,5949.791,1942.042
1222.209,1227.250,4221.708,2.500
1781.334,1779.542,61367.709,9194.708
660.958,643.583,2735.875,3.500
894.084,881.792,5485.833,1.750
867.959,838.375,2965.625,1.375
757.125,730.209,7322.250,1.250
1192.459,1179.833,12915.250,1.292
1319.917,1308.042,5701.750,3737.791
1060.125,1027.292,3977.583,3.666
1530.041,1498.333,4733.792,3807.000
1049.459,1027.375,20413.417,1536.875
1165.833,0.292,3700.208,2.708
1003.083,970.041,2833.084,1.583
1320.917,1292.917,3842.750,1.541
1110.458,0.292,2998.916,1.292
900.875,875.000,2787.584,1.209
1330.917,1333.041,3317.208,2889.834
898.292,903.375,4533.125,2.792
1206.792,0.333,8027.041,1.583
1201.875,1190.792,3567.750,3035.917
1132.791,0.291,3193.333,2499.125
950.834,945.125,2731.291,3.084
1262.625,1256.291,4676.334,3748.459
816.250,806.458,2774.542,2.834
1212.708,1181.042,2776.625,1.708
971.792,953.208,5227.375,1.417
1093.083,1078.125,4426.708,1.334
1339.541,1328.417,6276.292,1.250
1192.333,0.333,4354.041,1.291
535.209,0.167,2604.459,1.292
1024.709,1018.500,2488.166,2350.000
1495.709,1473.000,2867.541,2690.250
1105.541,1102.541,2871.125,2.500
1754.750,1725.125,5440.792,5079.667
945.250,0.250,2756.250,2.667
1026.833,1004.958,3546.708,1.791
1102.458,0.250,3944.833,1.417
727.042,693.750,2522.500,1.167
1225.625,1218.834,2295.959,2377.458
1272.292,1241.583,4577.125,2.375
1534.292,1523.083,8042.875,1.667
1397.458,1383.208,3710.291,3906.083
1557.708,0.250,4639.125,2.875
1087.334,1061.666,5356.084,1.792
1369.458,1322.500,2813.416,1.334
1272.000,1120.917,7445.500,1.375
1785.084,0.291,4805.750,4863.583
1010.417,969.333,2357.084,2.708
1725.792,1671.208,5275.792,6443.292
1078.500,1036.041,4386.250,4.417
1004.042,998.209,2807.834,1.792
708.417,701.125,4569.792,1.458
878.458,897.292,2402.666,1.292
1452.541,1467.625,2828.000,3243.542
1374.083,1396.750,7023.042,2893.458
1453.458,0.291,1084593.708,1012148.375
1745.083,1791.750,18210.459,3051.042
1598.667,1657.167,5853.166,3.292
964.917,959.417,2824.916,1.666
1425.375,1463.292,4516.584,1.500
1026.042,1031.459,3292.916,1.333
655.750,643.542,2478.709,1.250
2484.541,2574.167,59210.167,11131.125
1658.416,1731.542,19768.917,19337.625
975.167,979.958,3723.916,5.833
1485.792,1547.583,3752.000,3425.333
835.750,844.250,4395.334,3.166
861.500,866.625,2765.875,1.750
706.583,707.834,3821.542,1.583
1809.875,1833.083,6620.750,1.292
1326.750,0.458,7484.292,6561.417
1307.000,1336.666,7970.500,7179.667
1134.083,1175.334,3802.541,3380.333
921.125,931.792,3782.750,3.042
1901.667,1951.708,33085.292,25923.625
1356.125,1368.250,2791.334,2838.000
1653.416,1701.208,37469.709,17956.083
1808.959,1848.042,4390.792,4414.208
967.500,983.958,2690.666,3.000
1285.542,0.291,5944.125,1.708
1521.083,1567.708,5467.875,1.333
642.625,638.250,2163.417,1.292
1501.292,1538.750,17520.625,1.167
961.875,972.209,3295.750,1.250
1259.958,0.250,4396.125,1.209
1656.833,1684.208,3107.125,3234.375
2168.917,2242.167,5576.958,5786.166
1983.750,2047.583,625581.666,3988.667
707.000,709.958,8207.875,2.542
1156.042,0.250,4532.750,1.583
1594.333,1642.542,18580.084,1.334
1858.375,1937.916,14841.250,1.417
1263.667,0.375,5216.541,1.208
309.458,302.834,8519.042,1.250
1129.958,1154.583,6631.458,1.250
1372.625,1408.167,4770.792,1.167
1239.500,1277.666,5317.625,1.208
1540.041,1584.750,7505.625,1.167
1556.375,0.333,10623.542,4384.791
1878.167,1916.000,96910.666,3831.042
824.458,831.500,5220.542,2.584
596.000,0.291,2773.208,1.791
874.542,0.166,3042.125,1.416
1113.042,0.166,4269.583,1.375
1619.792,1691.292,4813.542,1.291
1448.167,1476.542,17847.584,15458.000
1456.500,1490.000,4579.334,2983.834
1141.375,1156.958,3123.250,2125.792
344.042,321.459,2758.166,2.750
1099.458,1095.209,3417.083,1.792
1016.500,1019.625,2774.833,1.334
759.667,0.291,3142.666,1.334
2303.666,2346.500,11536.542,5710.125
1244.500,1226.417,10212.375,2.834
1671.875,1660.416,6536.875,4333.916
797.417,788.333,3377.750,3.042
2163.875,2151.917,9701.083,1.708
1498.958,1471.041,36285.666,2385.666
779.666,0.417,5198.917,2.250
1654.917,1704.958,5941.542,3971.084
1079.250,1095.667,4271.375,2.792
1229.750,1155.792,23934.792,1.709
932.750,931.000,4371.875,1.375
1575.125,1594.542,21400.083,2472.917
1397.750,1416.792,8352.375,2.417
1063.458,1062.625,8000.417,1.667
1087.542,911.042,7689.125,1.334
1559.625,1554.875,8497.042,5729.666
791.583,780.333,4249.291,2.458
940.250,924.417,4226.542,1.542
1904.083,1906.125,147530.750,23540.209
1334.125,1358.333,3711.584,2753.125
1432.084,1456.042,13220.167,9434.917
1196.583,1195.458,6207.750,3.667
1297.625,1281.875,6438.667,3881.542
1198.125,0.291,7960.042,4335.750
1177.834,1199.042,6304.542,3.292
1460.500,1493.500,6336.250,2966.292
907.750,895.583,6891.083,2.750
819.583,0.292,4788.166,1.833
1535.833,1558.541,20795.250,11154.959
969.417,973.292,8073.417,4050.583
1124.417,1096.334,3665.708,2.750
1504.875,0.250,3633.833,2571.834
812.167,786.083,4358.750,2.625
2096.209,2101.625,8349.708,3767.542
707.333,683.959,17440.917,2.625
637.792,637.916,4693.083,1.916
952.000,962.792,6401.208,1.375
1076.834,0.333,3600.166,2611.333
856.666,838.000,3201.667,2.542
1855.250,0.292,6206.709,4506.083
1660.083,1686.958,5636.625,3961.625
1301.000,1318.250,6115.000,3.458
552.583,540.708,7064.583,1.625
642.125,628.584,3983.458,1.542
933.792,0.292,3932.417,1.292
1687.709,1730.667,40052.625,3180.791
1578.292,1625.292,5604.750,3.625
569.125,559.250,3098.041,1.625
568.208,559.416,3587.834,1.292
952.250,946.500,25451.625,1.375
1154.791,1146.500,5048.500,1.291
1784.209,1837.833,6392.000,5094.042
708.625,703.583,1951.084,3.084
1246.958,1253.875,62301.875,1.708
660.916,653.208,3126.333,1.375
822.542,821.917,3590.250,1.375
1271.208,1288.042,6528.625,1.291
1475.833,1511.750,37361.209,37049.625
884.541,890.167,2325.417,4.375
1450.750,0.292,4902.792,4890.042
1275.042,1297.083,8411.083,3.083
1225.916,0.333,5682.167,1.958
1130.250,0.208,3840.333,2756.708
778.708,789.041,8875.333,2.875
728.750,723.083,3868.875,1.584
1057.709,1048.292,3099.291,1.333
974.708,977.000,3219.000,1.292
1252.208,1273.458,4529.917,1.500
1125.250,1140.584,2862.208,1.292
856.417,856.083,2256.167,1.333
952.333,948.417,2713.250,1.250
1597.917,1641.584,23902.375,3016.291
752.625,758.375,2930.584,2.583
1556.125,1669.291,13100.291,3702.000
801.958,811.542,3760.875,2.625
797.584,783.167,3640.417,1.542
1291.583,1314.708,6725.584,1.458
1661.333,1695.417,8470.083,2714.584
1123.083,0.334,4254.500,3540.583
626.583,0.208,2687.000,2.792
1002.958,1002.333,2553.334,1.667
790.000,808.292,2707.625,1.542
1755.625,1825.083,20666.666,4825.709
1674.500,1729.334,4798.583,4123.625
1348.875,1383.834,3004.417,2656.083
1755.125,0.292,4480.333,3.000
1201.000,1211.250,124763.459,1.666
2133.834,2195.916,6200.167,6090.542
1050.500,0.291,2792.417,2.792
1315.083,1331.875,4713.959,4699.125
951.250,960.542,4550.750,2.792
835.417,826.667,4263.583,1.875
1731.250,1780.833,10892.000,4127.834
1481.875,1510.125,3362.000,3552.750
1028.667,0.333,2201.792,2417.875
1169.791,0.166,2859.375,3106.709
1417.292,1440.000,2980.417,3176.625
862.583,0.292,2435.458,3.125
1879.917,1951.291,3541.042,3751.500
1317.958,1335.750,2813.167,3.041
933.333,934.541,2982.917,1.667
1111.666,1136.250,2670.917,1.375
1921.791,1970.833,40011.708,4949.583
734.292,728.042,3515.000,2.750
1326.417,1347.000,3228.709,3372.666
1079.667,1103.959,4534.959,2.959
1462.125,1490.792,13166.291,1.541
962.250,967.375,2761.625,1.583
762.791,771.375,5483.000,1.334
1268.875,946.500,1876.125,1.208
1113.625,0.250,2819.083,1.250
1471.625,1448.375,3831.375,1.250
1634.042,0.292,4042.042,1.208
1505.292,1486.459,5265.333,5584.791
1976.750,1727.250,3587.500,3754.709
1469.458,1403.084,2439.125,2942.833
509.250,463.750,4264.000,3.417
825.417,0.250,3071.750,1.625
474.625,459.000,2977.000,1.542
1058.333,1025.125,2870.125,1.291
967.333,0.292,2701.458,1.208
880.334,853.667,2880.125,1.208
1226.292,1054.041,2974.375,3293.375
1480.375,1426.583,3258.916,3.167
1262.709,0.292,3457.208,1.625
824.250,800.708,2144.542,1.584
1185.375,1166.333,2363.417,2489.459
764.292,740.667,2784.042,2.834
1948.834,1876.958,6979.667,7455.792
2008.417,1910.916,10313.625,10840.042
345.750,311.625,1697.958,3.042
874.250,829.000,2175.375,1.625
1204.292,0.541,5497.416,1.333
1092.250,1071.875,4972.542,1.375
1330.042,1313.333,3327.167,1.208
1211.458,0.333,4332.583,1.250
821.833,0.208,2374.083,1.125
737.291,709.541,2510.250,1.250
1424.792,1399.958,5046.750,1.125
1000.125,0.334,2069.542,1.208
872.917,855.459,1928.958,1.167
1173.209,1154.542,45156.041,1.166
1762.833,1743.459,58161.542,2437.542
1622.042,1598.583,5431.875,5879.750
960.583,946.083,2068.041,2.875
1371.583,0.250,5951.916,1.625
1977.250,1949.542,35809.292,36978.791
1311.875,1306.292,2580.208,5.166
1408.000,1396.459,5868.291,6264.167
1500.708,1498.416,4659.750,3.416
1454.917,1425.209,23382.417,1.625
997.000,974.458,161199.333,1.333
1163.542,1150.250,3448.875,1.625
2757.542,2760.166,39087.834,3886.875
1081.000,1055.459,2773.417,2.291
1345.708,1335.541,4313.333,3415.542
732.084,703.166,2312.083,2.708
1396.917,1383.250,3943.792,2968.875
907.208,0.333,2980.417,2.667
1154.583,1142.959,7287.125,1.625
1708.875,1699.000,7370.667,3548.916
919.333,891.333,3566.333,2.458
1224.583,1203.584,5671.917,1.625
741.291,0.375,2836.667,1.500
1025.500,999.000,3315.792,1.333
1074.958,1060.750,3870.708,1.250
582.375,0.292,2357.666,1.334
1323.084,1316.250,2936.125,2673.875
1700.333,1687.667,6880.541,6236.667
1519.458,0.333,2837.083,2720.375
922.792,901.208,2085.875,2.875
1472.042,1471.084,3856.417,3643.084
764.708,740.708,2888.875,2.667
1238.834,0.333,3218.000,1.709
837.375,821.084,2546.083,1.459
696.084,0.333,2226.667,1.334
1508.667,1494.000,5657.166,2543.916
541.167,0.292,2778.750,2.291
1178.000,1171.250,3518.583,1.542
1380.792,1354.791,3816.667,1.542
1147.875,0.333,2433.125,1.500
1289.542,1269.125,4525.833,1.292
1366.583,0.375,4894.292,4275.125
1134.125,0.208,3010.000,2.709
923.000,0.125,5453.292,1.708
1100.542,954.458,35270.667,1.417
1726.292,0.292,26107.875,4631.666
1136.791,1111.875,3364.667,3408.125
1165.375,0.292,2620.375,2690.500
2058.292,2101.333,33309.208,3181.458
1012.792,1020.334,2289.583,2.625
1053.041,1146.500,2322.333,1.834
1052.625,0.708,3379.667,3471.875
1620.584,1675.125,3069.542,3164.625
683.375,679.041,1767.250,2.625
1420.000,1412.417,2857.125,2951.542
895.709,875.333,1923.583,2.667
1348.416,1317.333,3542.000,1.542
945.083,923.667,3313.250,1.417
581.791,0.292,1541.792,1.291
1654.792,1648.541,45816.167,4844.334
1596.750,1595.334,22035.208,2179.625
1226.958,1204.417,8542.625,2.291
859.583,834.459,1876.458,1.750
702.666,667.500,2485.500,1.459
1133.375,1100.917,7222.542,1.417
737.917,709.084,2117.500,1.292
953.042,915.084,2546.625,1.333
1439.250,0.292,3082.042,2931.750
692.416,684.125,5321.084,2.625
1816.125,1815.541,21692.041,2966.375
1344.625,1315.542,2496.750,2.375
664.750,645.292,1680.708,1.500
1405.333,1379.833,8670.334,1.291
892.334,868.833,2300.917,1.250
976.125,0.292,2169.833,1.375
1276.833,1254.666,27070.375,3643.708
1153.250,1128.250,5041.792,2.250
1058.417,1035.625,3278.291,1.542
758.125,0.292,1761.792,1.458
660.042,645.875,2782.750,1.291
620.291,594.084,2344.042,1.250
556.333,538.250,10034.084,1.209
674.625,643.042,4592.667,1.292
702.042,671.167,2217.041,1.250
1614.500,1610.709,3816.959,3618.166
942.583,918.333,2712.709,2.542
1094.417,1060.209,4276.541,1.625
705.500,667.542,2466.750,1.375
1443.084,1432.375,2537.583,2485.875
886.542,874.417,4406.292,2.458
1212.166,1175.708,8677.000,1.583
1756.917,1734.375,7725.500,1.375
868.667,837.750,2486.416,1.375
1034.542,1018.625,2542.084,2632.958
824.000,797.458,2422.125,2.542
1893.541,1873.000,5908.625,1.708
1028.792,1003.042,2710.875,1.416
1270.375,1241.083,21465.834,1.333
1235.167,1206.542,3813.416,1.208
2027.084,2006.625,9381.625,9383.333
1312.959,0.417,3439.958,3.375
773.000,758.917,18945.000,2360.042
946.958,0.292,6248.875,2.375
1115.834,1089.250,2833.625,1.667
1503.708,1475.542,5821.417,5812.333
1635.541,0.250,3538.209,3513.208
877.500,855.250,6800.000,2.583
1122.083,1093.792,2918.541,1.583
778.875,745.042,5120.292,1.542
1499.875,1470.833,4484.708,1.292
686.333,667.292,2434.708,1.500
997.667,0.250,4551.500,1.208
782.791,745.667,2200.000,1.250
1491.000,0.292,3787.083,1.250
1273.208,1222.959,102410.834,110492.792
1171.208,1136.916,3858.250,4471.916
650.583,622.167,2569.500,3.833
976.375,944.000,2237.000,2464.833
1073.292,1048.208,2109.333,2.875
1754.250,1702.583,5288.458,6240.584
1578.708,1569.125,3245.625,3411.709
854.459,831.334,1857.250,2.625
1148.500,1120.125,2654.167,2767.500
787.459,0.542,4302.000,2.541
762.958,737.000,1768.959,1914.000
1036.333,1016.416,31862.708,35369.625
1368.458,0.250,3636.167,4.375
1427.750,0.208,3635.584,1.667
2621.666,2607.917,64226.541,5380.708
1516.625,1509.375,4270.417,3.541
1378.042,1352.833,4357.458,1.542
1529.875,1529.458,5022.459,1.292
856.042,832.750,1716.625,1.292
1181.417,0.292,3465.333,3851.917
1421.292,1399.667,3482.417,3600.334
1333.208,1323.125,5098.709,2.708
1731.917,0.292,7088.417,3419.875
1143.542,1132.666,2727.083,2.625
1624.250,1584.917,4848.083,4872.000
971.958,0.292,2295.541,2.792
589.500,571.417,1644.583,1.542
1973.041,0.250,33834.875,4317.583
863.417,825.958,3408.750,2.458
1286.458,1266.709,4102.667,1.542
823.334,795.834,2385.625,1.541
916.875,886.125,2391.958,1.291
657.250,0.333,1697.833,1.208
1444.959,0.250,3107.084,1.333
1144.708,0.208,3981.500,4090.750
1053.250,1036.791,1878.834,1982.542
735.541,709.375,2205.625,2.666
961.958,932.000,2639.709,1.666
789.750,767.459,3849.417,1.417
1581.250,1543.375,25295.708,1.250
1249.000,1233.541,2779.625,2778.250
390.417,362.500,2092.792,2.625
957.833,936.209,5743.333,1.708
1419.583,1399.042,4533.209,1.417
1281.792,0.333,3006.666,1.292
712.833,682.208,2227.500,1.333
1011.042,0.208,3038.667,1.375
768.208,746.791,2926.209,1.250
1748.333,0.291,56403.417,25978.500
708.375,673.083,2329.417,4.625
1280.042,1254.250,3554.333,1.708
1229.333,1195.292,2492.459,1.417
1013.625,1001.334,2350.000,1.292
1055.584,1035.292,2143.750,1.250
1058.291,1028.292,2739.291,1.250
762.292,739.958,2080.750,1.208
931.333,905.083,2714.750,1.208
1126.750,1104.458,5845.000,1.209
1129.208,1112.375,3280.208,1.209
1267.375,0.292,3059.667,1.250
1186.334,1153.375,2629.000,1.166
1398.292,1376.166,19891.583,3323.083
1661.291,1643.041,5829.959,2.667
1192.375,1172.916,4848.875,5179.041
856.416,824.292,2232.458,3.042
583.333,558.459,1420.709,1.917
1335.417,1297.291,6822.458,1.500
1011.625,996.166,3766.125,1.375
1629.709,1604.750,54096.000,1.333
1099.333,1073.916,2280.959,1.292
958.542,938.167,2610.958,1.250
1714.292,1691.167,24780.084,3483.667
1049.875,1033.417,3074.500,2.625
607.875,580.583,3374.334,1.666
986.417,950.958,3116.542,1.500
1406.208,1392.583,2718.875,1.458
1329.750,1299.208,9228.583,1.500
1195.417,1182.834,3735.833,1.292
838.791,813.250,3406.000,1.208
1004.167,989.375,2223.083,2362.875
774.083,748.834,4057.334,2.583
811.417,0.333,3024.750,1.584
1013.500,998.958,2756.292,2891.667
743.333,721.791,6205.958,2.792
1666.500,1646.584,3020.875,3171.417
1482.542,1473.042,491186.791,2528.167
1288.000,1263.166,5295.709,2.500
1639.750,1618.542,4420.417,4849.875
951.000,928.875,3790.041,2.875
1415.834,1396.416,17660.417,1.750
1174.792,1149.583,2498.792,2550.291
1358.333,1403.500,3440.000,3499.041
1477.917,0.959,18757.084,8477.625
905.958,935.875,2798.917,2.625
1066.083,1109.416,2218.667,1.583
1236.500,1263.833,2896.667,1.542
1194.500,1220.833,2292.958,2354.708
1131.500,1159.500,3006.333,2.500
1746.791,1814.958,7946.792,8364.834
1228.792,1250.084,2437.208,2604.333
818.958,0.375,4621.292,3.042
796.292,817.375,2524.459,1.833
626.417,624.084,2023.667,1.500
1292.125,1301.042,3407.500,1.333
1400.500,1426.459,6735.833,1.292
1198.750,1211.334,2992.333,1.250
1079.500,0.375,2265.750,1.125
1426.250,1449.375,3367.500,1.333
1937.041,1964.666,9900.000,10254.417
652.333,658.541,2109.667,2.667
1727.667,1776.584,5828.875,2962.709
1230.000,0.375,3292.375,2.167
764.042,756.541,1863.166,1.500
1647.875,0.333,3841.166,3859.750
1995.000,2039.750,3915.042,4185.458
848.125,843.167,3087.833,3.791
1162.250,0.375,2733.792,3250.208
1822.959,1879.250,8309.791,8723.459
1077.792,1064.292,10830.292,3.375
593.375,589.041,2356.125,1.750
393.500,379.583,2632.875,1.333
1562.667,0.292,3171.292,1.250
717.333,720.500,2321.584,1.291
784.959,798.875,4360.750,1.208
1128.625,1150.083,3201.958,2960.792
622.459,607.625,1837.459,3.084
1447.375,1472.417,31839.958,1.666
1060.167,1074.292,4090.792,1.375
775.792,785.167,2533.541,1.458
1602.250,1613.250,5137.375,1.250
707.542,700.083,3109.542,1.333
779.000,751.334,4060.208,1.209
1215.667,1198.333,4305.000,1.209
642.083,0.541,2767.166,1.250
748.417,735.291,1978.334,1.167
1481.208,1440.375,3653.250,1.208
1423.750,1404.167,2885.625,3080.041
1630.208,1608.875,2805.125,2957.209
1445.708,1471.583,14292.541,2871.083
957.333,0.292,2292.375,2415.458
916.125,918.792,2412.166,2501.750
1119.375,1125.750,2629.833,2742.417
838.667,815.541,2412.583,2.834
1123.167,1094.458,4017.833,3939.208
766.791,742.125,2061.791,2.958
2232.917,2213.792,4756.000,4870.125
697.000,657.833,7144.208,2.750
534.708,504.042,2036.042,1.542
953.458,920.458,3269.708,1.584
447.375,422.792,2782.417,1.375
988.584,965.458,3175.041,1.250
1080.542,0.292,3739.458,1.208
786.958,751.042,2432.292,1.333
454.166,433.125,21843.834,1.167
775.917,753.417,3573.750,1.167
876.375,842.583,2816.250,1.167
1268.834,1224.334,3433.042,3537.250
1431.459,1409.791,5386.458,3.208
1513.708,1536.375,7925.791,1.792
915.000,891.459,3017.083,1.459
1674.625,1647.542,48524.667,3544.833
918.291,886.125,2907.125,2.583
1661.000,1621.167,41653.541,2656.458
782.167,742.709,1954.459,2.209
962.625,931.375,6323.917,1.708
1485.959,0.333,2887.417,1.458
887.041,0.167,2777.292,1.292
873.542,850.542,2827.541,1.333
1132.209,1108.792,3400.417,1.291
865.125,865.917,3088.584,1.208
763.834,756.166,2031.750,1.208
1451.250,1455.084,19666.333,1894.459
1166.333,1142.334,5585.834,2.167
2180.917,2247.000,39095.291,1.542
918.417,0.375,2203.542,1.375
970.375,991.292,4412.500,1.250
1368.250,1379.500,9145.833,5807.541
1540.417,1562.708,19761.417,3235.583
1325.792,1348.250,4942.208,2.667
1043.584,1049.167,25260.417,2158.875
741.875,743.625,2331.375,2.625
766.166,761.917,3976.000,1.708
697.625,0.292,2118.625,1.333
1327.750,1349.959,9004.875,9572.625
550.042,539.417,2953.333,4.375
925.875,920.375,3703.834,1.708
791.875,0.250,2417.333,1.458
1364.833,0.250,3750.292,1.334
1809.250,1867.750,3988.708,4153.625
185.667,174.291,2070.916,3.417
1993.584,0.334,20919.333,15533.417
797.083,781.375,1688.292,4.791
1042.500,1020.292,2096.209,2420.542
2034.917,0.292,33793.250,16218.000
1777.625,0.208,3686.042,3840.625
1924.667,1917.833,11023.959,11420.166
887.833,0.292,4599.125,3.042
1589.125,1611.792,4459.500,4704.167
347.542,329.292,2467.125,3.208
428.125,404.500,2713.958,1.833
891.500,872.208,3481.958,1.458
441.167,418.667,3843.417,1.417
986.292,958.250,2045.500,2229.791
1493.458,1472.542,10635.750,2.625
668.708,644.333,3847.917,1.625
601.458,0.333,1926.667,1.583
1476.917,1463.166,2963.625,3027.666
855.334,822.000,4109.167,2.542
1344.791,1323.250,3423.167,3493.916
1419.333,1386.292,21894.333,2559.083
802.458,803.875,4056.209,2.542
1151.583,1137.375,2349.666,2506.625
1157.500,1130.458,3031.709,3224.375
1485.084,1426.333,3529.125,4121.042
1019.667,971.875,6350.791,3.375
1214.417,0.292,3330.333,1.750
1195.208,1189.000,4609.792,1.458
741.959,697.667,1995.750,1.292
1480.333,1456.459,3775.916,4010.208
702.541,668.042,2100.416,2.708
1075.833,0.292,2947.208,2960.042
800.667,772.875,3983.167,2.667
1361.875,1305.000,3287.750,3425.958
1395.125,1377.791,52653.958,4379.708
1381.292,1349.584,3348.208,3374.416
760.750,727.625,2050.583,2.791
1480.417,1449.292,19566.625,19621.125
911.458,882.750,4792.625,3.083
1033.625,0.250,2127.000,1.791
853.209,820.000,1826.084,1.708
1041.917,1012.334,3288.750,1.416
2146.250,2124.208,39718.833,3785.417
1868.875,1938.166,14917.416,13748.167
932.959,934.625,2281.542,2115.917
1454.667,1472.333,5255.583,3.000
1290.292,1313.334,3584.000,1.916
2182.500,0.292,6296.792,1.333
1862.291,1915.042,4268.584,3892.916
1118.166,1122.916,49530.500,2.792
537.917,517.417,2894.000,1.833
1066.375,1066.583,3678.208,3342.000
1046.083,0.292,2777.375,2.750
1816.625,1922.208,3610.000,3359.917
1038.250,1048.708,3301.584,2.833
595.458,0.333,2301.250,1.666
978.792,1007.958,2403.292,1.583
887.167,913.334,2349.458,1.250
610.042,600.458,4352.625,1.292
697.541,0.292,2473.333,1.209
1287.917,1316.500,10543.583,6027.458
1311.709,0.333,4019.041,2.792
564.583,548.209,2477.792,1.667
732.792,705.709,2943.833,1.417
1622.625,1607.500,5384.709,4877.750
994.708,979.416,26543.292,2.542
857.875,828.708,3598.209,1.791
922.417,887.500,3338.083,1.375
734.334,699.667,3008.958,1.208
761.834,733.625,2826.458,1.167
476.583,453.667,1917.708,1.167
906.167,884.250,2610.375,1.292
1340.875,1306.084,4222.542,1.209
1477.417,1518.000,3075.583,2810.000
1639.833,1615.583,4603.125,4125.375
1558.000,0.417,6325.791,5719.000
1396.834,1386.792,3330.458,3.167
1000.541,997.125,2402.666,2203.875
1050.542,0.291,4440.291,2.666
960.500,963.459,2641.958,1.792
971.833,979.708,3684.416,1.708
1378.208,1363.791,14226.583,1.333
781.458,762.208,4105.417,1.375
1099.792,1092.250,2901.084,2624.834
1865.042,1857.333,38934.292,7014.333
1112.166,1127.000,4551.542,3.000
1080.417,1066.542,3759.917,1.792
1153.542,1127.208,5733.375,1.375
1514.500,1497.458,21706.375,2614.250
1590.167,1565.375,10180.292,8877.958
1194.000,1174.667,3156.250,2.625
1119.791,1101.417,3229.958,1.750
1158.667,0.292,3370.333,3043.959
1551.542,0.250,5669.000,5215.750
1940.875,0.167,9559.083,9186.166
1920.584,0.167,12018.875,10685.625
1313.500,1280.208,4227.125,3.000
1532.750,0.292,3395.166,1.750
1073.375,1098.750,4550.791,1.417
679.709,669.667,3052.958,1.375
768.416,763.875,2942.250,1.250
1707.833,1741.708,6696.125,6279.625
790.125,782.625,3010.834,3.084
712.792,704.417,2728.041,2.042
1377.166,1415.541,16778.875,1.541
1321.584,1337.333,3628.708,3258.000
1855.333,1896.292,4767.667,4302.042
1273.459,0.292,7473.958,2.917
880.167,892.125,2587.542,1.792
857.875,861.708,2966.250,1.375
1104.583,1111.666,3784.334,1.541
421.667,0.292,3727.208,1.250
752.458,744.333,1951.792,1.208
1291.916,1299.583,23494.500,1.292
1031.250,1026.583,2622.791,2580.875
737.750,731.458,2349.333,2.625
1806.208,1779.083,11009.291,1.625
1250.334,1214.708,5752.625,6041.583
1557.125,1605.333,3254.250,2.625
798.875,790.208,2220.708,1.708
1404.125,1388.334,3665.458,1.292
888.416,867.583,2206.125,1.583
754.875,739.292,2772.958,1.375
1036.334,0.291,2794.083,1.333
1047.500,1049.166,2427.792,2504.708
834.125,810.000,2616.042,2.584
1980.208,0.292,4477.208,4590.458
1098.291,1070.834,2550.875,2.583
1071.209,1039.166,2738.000,1.750
781.625,751.583,1793.750,1.333
1805.000,1780.417,3268.833,3465.875
841.916,0.250,2872.417,2.750
807.625,781.625,3846.750,1.500
1087.541,1090.375,2475.375,1.417
812.375,811.375,3040.709,2956.416
1501.209,1538.708,43068.875,2.750
1577.958,0.292,4586.584,4507.208
1223.958,1239.542,6244.917,2.583
778.583,777.667,2972.375,1.667
903.542,902.083,2819.667,1.375
1275.750,1286.791,20477.042,2019.959
1319.917,1351.625,3510.209,2.625
1114.833,1119.125,121157.167,1.792
1197.084,0.292,9497.875,7771.417
1966.000,2025.209,3702.084,3810.791
551.875,0.292,3465.208,2.708
1172.917,1209.333,4212.000,4681.625
1469.792,0.209,3165.042,3271.500
1824.917,1865.667,5261.250,2.500
1646.875,1799.583,3142.458,3327.625
503.167,508.375,2112.791,2.792
1082.708,1183.916,4057.459,1.750
1127.209,1184.708,4069.625,4376.375
1878.209,1962.875,3828.791,2.709
2057.125,2134.916,11298.000,1.708
1363.167,1400.166,7084.834,1.458
834.875,849.959,2157.083,1.666
1482.625,1519.916,3956.791,4235.083
1558.042,1605.666,5368.500,2372.000
827.583,829.833,8256.125,2.541
1849.250,1896.375,33493.166,2898.750
549.000,535.083,3596.541,2.417
1001.583,1196.958,5100.667,1.583
1139.958,1156.750,2879.041,1.292
818.542,825.250,2649.958,2936.125
1386.375,1376.458,2772.292,2974.584
914.583,901.292,2699.292,2.542
1794.250,1784.917,3870.042,1.709
1152.125,0.542,2419.917,1.500
1423.750,1418.291,4316.917,5026.000
876.084,0.333,3526.875,2.792
1638.833,0.209,5760.125,1.708
869.417,855.167,2608.333,2753.875
1226.334,1224.750,26490.084,2469.625
1131.958,1104.250,3736.500,2.417
375.416,0.333,1714.084,1.667
1048.208,1024.416,2103.041,1.458
706.542,696.666,2659.333,1.417
1233.167,1216.208,3730.791,1.333
1047.417,1033.125,2683.417,1.292
924.708,0.250,2135.583,1.250
979.042,964.334,3331.083,1.166
967.167,1033.541,2147.292,2286.834
872.792,876.083,2819.834,2.458
649.333,647.459,4440.167,1.792
1694.833,1713.625,8653.708,9601.042
1566.833,1566.417,4296.834,3.334
1627.958,1616.917,4216.334,4447.792
824.417,811.541,5152.708,2.875
1744.458,0.375,3957.917,4093.833
1052.542,0.208,2963.750,2.417
1357.959,1350.542,3216.042,3312.708
1313.709,1305.375,4885.084,2739.959
1097.208,1077.917,3426.625,3561.583
1218.167,1215.416,2967.750,2.667
294.333,271.125,1413.917,1.875
1618.125,1586.375,4120.375,4297.875
641.917,616.958,2166.542,2.709
989.750,1047.250,2025.959,1.541
1344.042,1379.500,5856.541,1.458
862.375,832.167,2243.792,1.291
1729.833,1703.125,4114.750,4247.959
872.125,854.541,2276.167,2.666
402.041,0.458,1498.333,1.708
1021.292,0.167,1959.583,2098.833
1086.208,1060.250,2444.334,2579.625
1159.792,0.291,2996.209,2.750
1242.000,0.208,9310.041,9913.292
898.417,0.209,5470.208,5850.250
855.375,839.583,4701.667,3.208
918.667,899.291,2375.167,1.625
910.500,0.250,2907.500,1.666
1151.458,1126.458,2286.625,1.333
986.459,966.042,2165.625,2491.417
1206.666,1201.042,2701.708,2845.875
1218.667,1359.083,2334.375,2.625
1361.792,0.417,5947.166,1.583
1306.625,1315.333,2438.083,2521.167
1128.416,1142.125,2782.750,2.625
850.417,0.250,2351.459,1.542
1059.792,1103.625,5317.417,1.542
1107.667,1103.791,4068.708,1.334
898.541,882.334,3187.500,1.292
1446.750,1430.833,6364.042,1.459
945.000,0.375,2482.750,1.292
803.125,785.125,5088.833,1.209
2098.792,2090.542,8821.250,9158.250
515.167,494.292,2722.833,2.875
227.292,208.917,1283.583,1.500
1565.584,0.250,18582.250,2970.792
1500.334,1468.875,4038.125,4316.083
2192.500,2144.500,3857.250,4043.875
1102.167,1079.625,7099.209,2.958
1129.875,1090.084,2476.000,2572.667
987.375,941.083,2629.167,2.875
1306.875,1289.334,2492.042,2659.666
1409.667,1508.875,7854.833,2213.958
655.708,645.375,2397.125,2.834
1096.333,1068.708,2094.750,2237.958
1916.709,1887.458,5954.250,2.792
1158.250,1140.042,8125.167,1.833
956.917,0.334,2378.208,1.375
942.625,910.709,2256.125,1.208
1734.750,1700.583,3049.417,3191.250
1103.458,1077.583,2165.542,2.584
1390.416,1400.583,4768.417,1.625
982.459,966.083,4096.750,1.333
1450.875,1425.000,2819.959,2931.834
1048.208,1028.417,3052.083,2.667
1332.166,1323.000,9681.250,3938.542
728.542,702.042,2725.792,2.542
1006.000,0.292,1995.875,1.541
1170.125,1183.792,3135.916,1.292
852.708,854.417,2086.750,1.208
1183.375,1157.417,3903.458,1.417
1798.625,1768.792,10344.334,11351.250
982.208,948.083,2614.833,3.334
1080.792,1047.584,3313.333,3567.458
945.333,923.958,2557.792,3.125
889.125,854.084,2363.833,1.875
2011.083,1981.083,7244.625,7412.834
1346.125,1323.041,2745.209,2841.208
1224.000,1208.417,3383.958,2.791
971.542,939.959,2606.916,1.750
1854.875,0.291,24829.708,3135.958
1450.625,1405.375,3252.958,2.250
1174.208,1159.042,3649.083,1.583
1014.167,1026.625,3176.958,1.416
1364.833,0.292,2545.458,2531.292
821.500,802.417,2208.500,2.625
1005.167,973.416,1991.125,1978.250
884.375,857.042,2398.333,2.458
1147.875,1121.708,3042.417,1.625
461.708,0.250,2464.083,1.583
1432.000,1403.166,15335.333,16058.333
895.000,861.333,2385.708,3.375
1553.250,1609.125,12818.291,6170.375
1259.708,1240.250,2211.917,2312.958
1030.750,1037.833,2716.375,2.750
690.500,686.750,2579.375,1.625
1478.417,1505.375,2850.334,2803.500
1425.625,1445.125,31692.709,10662.125
1498.125,1535.667,3271.500,2.834
541.125,522.709,3572.375,1.667
1262.834,1280.417,2552.542,2631.542
986.667,957.084,2300.792,2388.250
775.500,744.250,1929.500,2.584
1944.041,1940.834,17394.333,13256.958
1358.083,1328.250,3623.084,3785.417
1577.167,0.333,6405.834,2.958
1253.750,1221.333,2540.375,2643.125
1204.167,1182.750,8758.167,2.750
694.917,666.125,2309.000,1.958
653.875,618.666,2255.542,1.416
530.833,0.250,2440.167,1.333
1060.042,1026.292,5156.125,1.375
1547.250,1520.417,5596.167,5941.125
575.667,548.459,2245.417,2.500
1516.750,1488.125,3912.125,4140.791
1186.834,1156.000,2483.709,2.750
2333.042,2387.042,16742.417,18521.584
961.917,930.584,4054.125,4.292
912.000,0.250,2374.959,1.583
1218.000,0.250,5960.375,2148.791
827.542,0.167,1674.917,2.458
705.250,687.708,2551.500,1.833
702.083,667.958,5998.333,1.375
1299.917,1326.917,4391.542,1.333
713.458,706.125,2566.625,1.250
692.500,684.667,3256.875,1.417
848.959,846.583,7081.959,1867.000
851.959,853.584,2140.458,2.417
526.625,0.250,1692.209,1.542
1123.000,1120.292,2851.083,1.583
1350.917,1359.833,3266.250,3236.083
1413.292,0.250,4878.667,2.541
1277.708,1290.541,10293.375,2759.959
1413.041,1428.250,2680.584,2747.792
1320.375,1337.000,3641.250,2.666
943.042,0.292,2461.958,1.875
1294.291,1313.584,3016.708,1.583
1275.833,1305.292,23734.166,1.375
649.792,634.833,1985.750,1.292
1044.167,1047.208,2510.875,1.292
1134.291,0.209,3725.084,1.292
813.625,813.000,2699.583,1.333
524.083,509.791,2048.625,1.209
833.958,834.875,2319.667,11.792
1092.209,1121.250,2872.750,1.334
810.000,794.584,2943.959,1.250
520.625,495.375,1909.291,1.209
1487.125,1506.416,6100.834,1.209
1298.792,1308.208,3220.500,1.250
799.042,787.084,2293.000,1.291
1400.084,1433.250,3518.209,3334.875
1400.834,1425.625,4156.583,4089.750
705.292,689.292,2696.667,2.625
1576.250,1624.792,7316.250,1.667
613.792,604.000,1820.167,1.417
1049.834,0.542,2489.250,1.292
788.125,0.208,2134.750,1.292
1015.000,1014.916,2292.792,1.208
745.125,735.041,3257.542,1.292
1515.958,1544.292,19950.041,19728.000
1533.084,1569.250,5123.167,3.042
709.875,705.250,2031.625,1.625
991.625,0.292,3076.667,1.458
894.250,901.375,4560.167,1.625
918.500,930.000,3079.000,1.292
1346.834,0.250,9978.708,1.250
1925.791,0.250,7118.333,6939.500
1777.416,0.167,224485.209,136738.834
1242.917,1274.583,3686.167,4.709
886.916,889.958,1867.583,2145.292
531.125,517.459,1999.000,3.167
1361.958,1376.833,4354.125,1.625
1409.125,1441.875,3240.042,1.292
1050.584,1071.167,3987.500,1.333
1367.667,1401.708,6280.791,6087.500
785.625,785.209,2406.375,3.833
1289.209,1321.000,2896.500,2861.292
980.083,0.458,5721.166,2.917
1136.333,1165.667,4457.833,3996.458
1033.375,1037.500,3053.250,2.542
831.583,815.209,5276.667,1.708
1070.708,0.250,33000.625,1.417
815.041,805.625,2296.334,1.250
868.667,860.083,3389.292,1.167
906.875,894.417,3477.375,1.250
1380.833,1392.000,15617.041,2329.500
1158.500,1153.625,4068.333,4028.250
948.208,961.875,2509.583,2.500
1124.167,1156.709,6523.333,1.625
1309.333,1304.042,3329.625,1.458
875.792,883.334,6193.000,1.333
1280.500,1294.333,4987.125,1.208
1445.750,1454.584,14092.459,2739.209
645.625,646.375,4310.500,3.500
969.334,969.250,2716.917,3089.417
821.625,0.250,2314.709,4.291
1199.542,0.250,2341.791,2669.834
763.125,757.083,2919.000,3.708
1064.084,0.292,3112.042,3359.417
1295.417,1311.750,7901.167,3.000
1118.917,1140.542,3422.208,1.542
1785.959,1839.625,4384.958,4126.000
1607.958,1645.833,3589.709,4.125
1410.000,1428.458,3491.583,4526.292
1565.333,1579.875,3152.625,3.917
953.750,0.291,2681.542,1.666
844.708,838.708,2403.500,1.334
2140.084,2176.750,45560.792,3625.209
567.334,0.292,2514.500,3.167
1109.334,1122.417,3166.750,1.833
1104.125,1106.792,2948.792,1.291
1112.458,1099.750,2628.125,1.375
926.583,0.250,2436.416,1.208
1498.250,1511.458,3173.083,1.209
797.875,0.291,4607.292,1.208
1543.833,1516.542,3783.209,3662.625
1241.208,1258.000,3990.750,3.375
689.458,682.458,2808.250,1.666
906.125,0.250,2227.125,1.583
1797.375,0.250,54766.375,3100.667
752.917,743.834,2291.500,3.334
1137.708,0.292,3394.000,1.625
1111.667,1127.458,5370.542,1.333
1618.375,1664.208,6563.042,1.250
934.084,964.041,2848.875,1.500
806.459,805.292,2721.542,2636.083
535.417,517.750,1746.542,3.209
862.458,849.417,3071.833,1.875
2148.416,2216.417,8712.250,8030.458
1493.500,1431.667,5181.833,2902.459
1489.416,0.292,4743.250,2.458
2047.833,0.208,5283.083,1.666
1667.708,1565.167,2592.583,2864.334
1743.958,0.250,6524.334,2.791
971.250,907.667,2511.834,1.625
1067.167,961.000,3006.042,1.292
1339.708,1267.000,7148.916,1.500
913.958,865.250,2915.750,1.250
1419.709,1330.500,3335.875,1.250
420.208,387.000,2487.416,1.375
1005.208,972.041,8537.333,1.250
1286.458,0.291,4463.792,4744.458
903.250,888.875,5818.333,2.583
610.500,0.291,3939.792,1.459
1755.625,1483.167,2868.625,3071.000
1064.875,996.666,2487.167,2665.167
874.250,839.334,2162.417,2.834
1755.417,1721.125,5186.917,5527.167
1349.041,1194.709,2660.375,2925.875
1335.458,1289.542,5262.250,5620.791
1041.958,1006.209,2640.875,2.708
978.416,0.291,3334.958,3521.333
1264.917,1236.208,5900.666,2.542
1209.375,1171.375,5954.000,1.500
2158.250,2121.208,18545.583,8976.958
1641.959,1571.375,3720.000,3842.667
1654.208,1434.125,2602.916,2726.917
1508.875,1449.833,41902.042,2192.167
557.167,527.791,5288.875,2.500
497.000,0.334,1580.209,1.750
1336.708,1313.750,4154.042,1.417
1223.834,1184.458,2518.791,1.250
1355.792,0.250,3126.334,3065.125
986.000,957.042,2871.917,2.625
791.500,0.292,2272.791,1.667
1500.667,1429.625,2560.375,1.375
831.375,791.709,3990.417,1.500
684.917,642.000,2656.875,1.291
790.417,778.209,5608.584,1.292
1627.000,0.333,13697.625,9227.125
619.792,611.208,3161.500,2.750
1041.459,1039.083,6678.958,1.625
1082.875,935.666,3205.167,1.375
1540.000,1534.333,12011.583,2645.000
846.333,823.500,2030.041,2.125
1088.041,1076.791,3818.709,1.709
1401.250,1404.167,3125.042,3212.041
1213.583,1183.208,3116.625,2.458
1402.417,0.541,6512.333,1.458
1124.875,0.250,2719.250,1.333
1340.542,1363.542,2666.708,2706.708
1122.458,1115.542,5717.708,2.625
1446.333,1443.625,23254.584,2128.209
2026.166,2074.916,5308.500,6218.292
1097.875,1094.250,4768.125,2.917
1469.416,1303.000,13575.084,1.709
366.292,324.500,2047.334,1.500
613.208,580.209,2519.250,1.541
518.125,485.167,4797.542,1.250
1077.959,1058.042,2685.334,1.208
1269.084,0.250,3197.084,2870.750
1342.042,1334.625,2683.666,2649.500
1650.916,0.333,9560.917,2.542
1778.083,1770.584,41263.750,2937.375
585.000,584.167,1797.292,2.375
647.833,625.833,2070.459,1.666
666.042,625.584,2591.250,1.333
1887.791,1822.833,20819.042,1.333
1017.875,976.209,2742.708,1.333
1059.833,1010.916,241470.000,2349.459
888.084,836.292,4455.292,2.334
1702.750,1600.708,5174.417,1.708
1410.333,1479.000,21043.917,1.333
1643.375,1519.916,4349.875,2827.416
422.167,0.333,3775.042,2.625
1058.625,925.417,3671.750,1.500
1039.792,961.792,4041.833,1.375
874.708,812.292,3608.917,1.250
1386.750,1324.125,5396.916,3093.667
1138.209,1118.333,4432.959,2.500
1273.542,1265.917,4211.500,3191.125
1691.458,1668.875,8552.208,6593.458
984.708,964.625,3821.167,3.083
1813.958,0.334,17518.000,13474.709
1546.708,1538.583,6393.625,2.875
1326.167,1326.667,3410.166,2626.583
1045.167,1042.917,5195.917,2.833
1603.166,1586.750,4255.875,3390.875
497.834,463.917,2714.959,2.917
1071.750,1043.834,3888.917,1.750
1707.917,1619.042,7110.208,1.375
1038.458,986.542,4532.792,1.333
1361.125,1292.875,3065.542,3445.375
1292.125,1229.666,40642.250,3846.541
1182.833,1144.958,10413.125,3.500
987.500,934.334,2443.708,1.750
813.417,779.500,2310.500,1.458
1237.958,1168.166,3958.875,1.542
1591.833,1467.209,4891.417,5157.750
1898.541,1808.958,3294.500,3.208
1237.250,1207.000,3798.416,1.667
1187.541,1139.250,2770.250,2969.500
726.584,721.750,3346.084,2.833
935.125,928.750,4059.750,1.792
1320.167,1245.291,2530.667,2754.500
1729.750,1518.167,2841.166,3055.666
1623.583,1230.667,2574.125,2727.834
869.584,709.792,2042.667,2.792
437.375,427.875,1889.916,1.709
1564.083,0.625,2832.500,1.417
2115.125,1950.750,8958.375,1.334
1067.875,1005.083,3770.083,1.250
1240.917,1014.708,3247.958,1.292
965.042,772.209,1782.708,1.167
1410.208,0.333,2641.083,1.166
1593.833,1426.208,4156.542,1.208
1426.250,1235.833,4821.542,1.167
1251.125,1187.917,5672.959,1.208
698.583,646.500,3111.625,1.125
1129.417,1055.167,2730.500,1.209
2065.458,2019.875,3964.209,4159.333
1020.958,0.292,2042.667,3.000
792.416,746.375,2143.000,1.667
897.209,838.708,5472.041,1.458
1735.500,1488.292,7726.708,1.333
1752.042,1630.375,3919.334,4081.250
1343.667,1268.167,5681.542,2.750
870.750,838.958,3849.541,1.750
1450.125,1506.125,6454.541,1.417
1309.708,1247.791,8565.583,9436.625
1375.959,1402.125,2862.916,2901.000
450.584,423.417,2854.667,2.875
1447.292,1417.334,2395.708,2957.375
1655.125,1657.500,5346.083,4.292
955.792,1000.083,3581.333,1.791
824.417,0.625,4557.208,1.458
1390.125,0.250,4142.041,1.417
957.666,906.250,2426.500,1.375
1442.583,0.333,3185.291,1.291
1563.416,1652.667,5208.458,1.250
1268.833,1294.792,2693.916,2698.958
873.625,843.416,2608.542,2.667
1476.125,1502.458,6058.709,1.500
557.958,558.458,3364.750,1.542
1333.583,1878.042,2872.625,1.375
1422.708,0.542,4313.625,4505.875
1793.792,1801.584,3314.584,3484.625
1257.541,1232.625,4028.500,3.083
1334.459,0.292,2922.750,3066.584
847.375,815.250,2125.083,3.083
1276.666,1172.042,3278.542,1.709
1100.417,1058.666,2539.708,1.375
1460.667,1520.292,3201.791,1.250
1136.500,1116.083,2877.042,3067.000
1085.375,1033.750,3215.291,2.792
1426.625,0.416,3241.209,1.875
1172.209,1145.000,4881.417,1.417
1372.500,1322.125,6230.000,2228.875
662.541,0.333,1831.250,2.292
1343.208,1328.792,3224.125,3368.667
1850.833,1865.916,7768.708,8445.708
1084.833,1087.333,4628.792,3.375
1186.750,0.333,2808.833,3140.917
1425.291,1454.708,3234.916,3.166
954.291,953.417,3362.292,1.875
860.959,0.375,1916.625,1.375
1196.667,1232.334,7643.792,1.333
612.500,0.375,3197.000,1.291
1393.625,1430.167,2958.666,3494.542
1158.042,1173.958,2545.000,2.750
1176.958,1186.125,5035.125,1.750
892.375,883.459,3180.209,1.292
904.208,0.458,2151.625,1.292
1143.584,1140.916,5679.042,1.334
965.917,942.750,3336.667,1.167
1177.542,1162.209,2706.666,3034.417
1549.625,1448.625,5877.458,3.000
1888.542,1775.958,4864.708,5605.708
1479.583,1470.042,4105.167,4464.459
1712.208,0.334,4317.250,3.042
654.417,0.208,1687.750,1.750
1213.500,1233.708,3310.375,3610.917
624.958,613.458,1784.209,2.625
1019.584,0.250,1939.250,1.666
891.542,0.167,4086.208,1.417
1512.584,1519.375,4176.417,4669.000
1215.917,0.291,2757.958,2.791
576.167,544.708,1714.958,1.667
1204.250,1071.375,2975.833,3144.625
2160.458,1650.917,31737.583,6904.042
1146.667,1084.625,2051.791,3.167
637.334,600.000,2545.959,1.542
1605.333,0.292,2841.584,2229.167
723.750,645.125,3849.875,2.333
1853.542,1371.542,2838.375,3129.625
1134.167,0.291,4273.458,4909.250
1144.125,0.209,5765.083,2.750
849.167,812.917,3917.750,1.792
1400.500,1373.167,3920.375,1.417
1241.625,0.250,4255.125,1.334
803.667,743.584,1966.791,1.292
998.916,869.083,1879.250,1.417
915.541,850.458,4276.458,1.167
1437.375,1387.667,5009.792,5213.291
708.542,673.375,1943.417,2.542
1293.500,1229.000,3156.125,3322.792
1494.292,1442.875,3413.875,3532.333
1033.042,725.000,2154.875,2.708
1345.208,1073.542,3189.208,1.667
1623.375,0.291,5150.583,5953.000
1655.292,0.208,3784.000,3.083
838.875,477.458,2132.042,1.875
942.833,0.291,2241.416,1.459
1340.959,985.291,5043.375,1.334
752.458,564.750,7998.959,1.208
1398.167,1304.416,2755.917,1.208
618.917,576.875,2455.166,1.209
1247.250,1212.625,2478.250,1.209
2191.417,2082.958,50087.459,3758.333
1435.833,0.416,4025.375,2.375
1413.250,1036.084,3030.417,3375.750
1297.291,993.250,2220.709,2.792
1381.000,1327.250,5252.584,1.792
3153.292,0.292,94661.042,8009.833
1225.791,0.208,2439.125,2367.750
1361.750,1352.417,3461.625,2.833
1380.083,1393.500,3033.959,3164.125
1560.708,1568.625,5235.584,2.750
1231.541,1244.250,4330.208,4898.208
1397.750,0.250,3031.791,2.875
1142.708,1076.708,3802.042,1.459
1379.916,1336.875,3920.292,1.333
1101.292,1057.667,5587.292,1.292
1319.459,1286.709,3065.417,1.542
853.125,823.625,9118.333,1.292
1344.250,1297.875,2984.416,3106.250
942.083,895.250,2307.083,2.667
1369.625,1325.667,3251.959,1.750
1445.500,1403.375,2956.167,1.375
577.708,547.333,3922.542,1.333
1650.542,1673.458,3147.583,3380.500
730.833,706.750,2071.125,3.125
857.084,843.208,4977.625,1.542
1331.959,1326.792,3207.333,1.292
805.000,0.250,2104.042,1.208
1301.250,1298.958,2519.042,2680.333
1733.584,1760.584,3085.542,3282.083
1300.292,1314.875,2745.292,2.500
1355.584,1376.125,4304.709,4609.083
1561.458,1593.542,12016.791,12632.625
1867.208,1890.166,16511.833,2928.209
887.750,873.375,2084.500,3.083
701.208,693.208,2587.041,1.500
1180.250,0.250,3942.625,4163.625
1551.084,1572.334,4897.375,5123.250
780.625,0.291,3721.291,2.875
1176.459,1190.333,5994.541,6658.541
1179.042,1062.084,2946.167,2.667
1093.667,1050.042,2532.416,1.541
808.875,0.333,148792.458,1.250
538.625,0.167,1716.708,1.500
1798.959,1677.375,5454.667,1.292
743.708,716.708,3523.708,1.208
930.125,885.250,2086.917,1.166
1249.125,0.292,2293.208,2522.167
1247.292,1202.250,2333.042,2.333
1348.542,1278.709,4990.541,5364.750
895.291,848.958,4593.500,2.375
1188.417,1127.708,2611.667,1.542
1610.709,0.292,3668.125,1.334
1175.209,1118.000,2454.041,2654.209
836.333,779.834,1803.334,2.334
633.417,593.250,1892.167,1.583
1415.292,1155.250,2168.708,2451.667
710.375,654.792,4470.500,2.416
910.958,0.292,4699.208,1.625
790.959,734.667,2096.667,1.292
1517.708,1441.916,2905.292,1.292
680.750,632.250,2251.000,1.167
2064.083,1951.167,4041.000,1.250
1575.042,0.292,3583.250,1.125
1537.833,1442.875,6471.041,1.500
1544.334,0.292,3695.250,3921.292
774.875,733.500,1594.333,2.750
999.958,948.334,3403.875,1.542
817.459,0.292,1975.375,1.500
907.125,852.375,3567.708,1.291
1557.666,1401.417,31669.125,2163.084
1417.625,1303.708,2522.666,2668.000
1455.917,1352.959,4326.959,2.667
987.542,949.500,3171.875,1.583
896.167,854.458,2494.667,1.416
927.166,893.042,1906.416,1.250
1216.125,1183.958,4593.125,1.208
1611.750,1571.750,10424.375,1.333
1004.292,973.708,2903.625,1.291
1712.750,1685.459,4065.542,4205.750
1699.000,1586.458,4020.875,2.750
1344.917,1285.541,2539.250,2694.708
792.833,746.792,2177.292,2.459
830.875,733.791,3347.583,1.625
1077.833,1029.666,2160.083,1.333
864.541,822.292,2659.209,1.334
821.500,793.292,1963.042,1.292
809.708,783.041,2313.958,1.375
830.542,797.083,2239.459,1.417
842.417,0.417,2504.375,1.167
411.000,379.583,2388.250,1.167
1153.958,1116.542,2928.500,1.166
1103.500,1062.750,2344.458,1.209
1387.000,1365.250,2954.750,1.250
437.375,410.708,1647.667,1.208
1519.916,1468.834,3526.541,3726.667
1033.750,1007.792,6585.750,2.500
1443.500,1414.958,20978.292,2230.417
1060.250,0.250,2784.000,2930.417
1030.083,0.208,3651.791,2.542
687.375,657.542,1759.500,1.708
1459.958,1338.417,11632.291,1.333
848.708,0.250,1852.834,1.292
556.125,0.208,2401.084,1.292
938.500,881.333,1740.042,1.375
2157.542,2046.875,63223.750,22106.500
482.084,0.250,2261.375,4.084
1152.583,1086.500,3216.500,1.750
753.291,710.833,2252.417,1.292
1583.083,0.291,2714.833,1.375
1392.292,1298.083,4758.459,1.209
1319.834,1250.083,3360.625,1.209
852.083,806.875,6479.709,1.416
1332.833,0.250,3904.084,1.208
1418.750,1372.709,4683.208,1.250
1210.333,1139.375,2767.000,3346.917
1429.917,1340.750,2498.542,2769.625
835.292,779.958,4493.208,3.250
1022.292,965.334,2389.375,2651.250
1189.250,1111.333,3474.250,2.542
1381.917,1301.000,2716.500,2994.666
772.833,725.833,4494.500,2.667
1942.542,1860.250,40379.667,3649.125
359.625,0.250,2126.625,2.458
606.875,571.292,1780.542,1.625
1134.459,1071.417,2858.583,2743.000
1281.709,1207.208,2747.833,3039.041
1451.583,0.250,5553.708,5901.375
1176.041,1114.458,15145.750,1848.500
1302.291,1231.125,3115.125,3300.917
1207.875,0.292,5844.416,6530.833
778.667,736.500,2705.458,3.041
993.750,0.250,1976.584,2141.334
1464.542,1380.375,3360.584,2.875
1124.917,1063.667,2457.667,1.833
1040.042,992.875,16335.542,1.416
829.375,775.625,2499.167,1.417
1315.041,1248.208,7718.500,8013.042
1158.875,0.250,2990.459,2.875
1303.959,1236.167,5551.458,1.542
2164.709,2068.208,53289.083,3810.875
1946.667,1836.583,3601.209,3817.958
1268.084,1201.666,2254.708,2.750
864.209,0.292,7084.750,1.666
1265.250,1217.000,2641.417,2779.542
1379.250,1321.875,17636.167,2.709
1333.958,1255.292,4837.958,1.875
980.459,924.709,2218.958,2398.709
927.375,879.375,1960.625,2.625
1854.792,1760.583,5651.708,6160.292
1208.875,1153.458,2724.458,3065.375
1122.125,1062.416,3223.250,3706.583
1396.833,1320.292,3281.584,3554.292
495.500,0.250,2106.958,2.833
665.542,0.208,1860.625,1.750
910.250,869.083,2132.875,1.292
400.000,0.250,1725.458,1.250
1409.292,1341.792,2804.917,3117.084
1286.291,1227.083,3122.666,2.709
1254.000,1198.959,6995.084,8608.084
1634.833,1539.958,38504.542,40501.000
716.459,0.250,1762.542,3.834
1468.584,1394.792,3642.875,4043.125
611.417,575.125,4845.500,3.000
985.083,926.042,2123.917,1.833
1478.625,1394.375,3060.666,1.375
1489.084,1401.375,3428.458,1.375
850.250,803.208,1897.416,1.250
1084.459,1034.459,1877.625,1.500
1023.250,966.083,3506.875,1.208
1253.292,0.292,2253.708,2475.834
1258.375,1194.041,2897.541,2.833
1534.583,1455.625,8223.583,2494.167
1262.000,0.250,2814.334,2.250
1266.250,1212.792,2426.083,1.542
556.834,0.208,1580.084,1.459
1660.709,1580.875,26790.125,2294.417
679.750,639.459,1712.667,2.375
1870.042,0.291,9943.583,10387.958
926.875,854.084,1890.583,2.791
783.542,724.791,2006.250,1.542
1250.416,1166.333,2699.792,2958.208
1338.166,0.292,4057.583,4432.125
1396.375,1320.542,5793.584,2.792
1128.083,1063.833,3302.250,1.709
1430.167,1370.292,3051.875,3279.292
1218.042,1169.167,2284.041,2497.542
897.209,843.209,3438.458,2.875
865.292,814.292,3609.416,1.667
682.375,0.250,2508.458,1.542
1309.667,0.250,9012.458,10139.791
1637.125,1582.291,3772.500,3926.292
1797.667,1720.458,8370.750,2.709
1970.500,1896.000,4462.708,4664.958
1713.917,1623.917,4392.459,4753.958
1692.833,1627.459,7145.416,2657.500
790.250,739.541,2621.708,2.625
1212.125,1151.625,2883.834,3097.625
699.542,653.083,2084.875,2.584
1122.041,903.875,2675.916,1.625
534.833,493.416,2365.458,1.292
1016.041,950.583,3057.916,1907.167
1046.208,977.083,2815.167,2.458
635.417,594.625,2188.667,1.792
911.167,862.167,2118.416,1.333
602.292,0.250,1941.500,1.292
1153.291,1088.292,2351.459,2587.458
1337.000,1188.417,2957.166,3137.542
1218.708,944.000,2522.333,2.542
434.083,396.125,1651.250,2.042
332.292,307.000,2073.417,1.542
1964.625,1937.334,4520.875,5011.458
384.875,350.167,1985.625,2.833
1539.292,1510.917,4427.875,4728.750
685.000,660.625,5303.541,2.667
1502.542,1389.625,2657.375,2834.584
1029.667,0.500,2254.250,2.584
2185.083,2111.833,29096.291,15613.000
915.666,0.291,1942.041,4.125
945.916,922.417,3024.375,1.875
1684.708,0.250,6750.250,7427.375
953.333,933.542,2045.666,3.250
1029.375,818.833,3326.333,1.834
856.291,782.583,2268.000,1.458
1230.333,1121.750,2724.250,1.375
1565.916,1492.042,9094.667,1.333
1962.208,1929.250,49698.792,2796.875
1648.584,0.333,3584.708,3688.583
1123.583,1089.625,5160.583,2.791
1333.250,1285.125,3661.167,3779.583
365.208,0.292,6593.708,2.750
1137.750,1102.583,3080.583,1.542
1366.292,1292.500,6632.792,1.334
827.959,780.459,3187.500,1.458
867.042,826.625,3623.375,1.292
1099.625,1047.583,3333.458,1.291
890.416,0.292,2153.416,1.250
1121.375,1077.167,3608.750,1.208
1894.708,1781.375,3120.083,1.208
1170.792,1115.459,5867.375,1.250
1121.458,1047.541,3308.500,3742.792
1300.500,1244.792,2555.875,2.708
1739.500,1678.125,27104.083,2705.500
777.375,727.667,2491.500,2.375
864.042,0.208,2404.375,1.625
1307.291,1230.833,4865.291,4987.500
910.292,862.916,2002.541,2.583
785.042,733.792,1757.709,1.500
446.417,415.959,1886.292,1.500
563.375,0.250,1391.750,1.250
708.042,0.208,2009.792,1.167
769.958,728.917,1928.084,1.250
1347.250,0.209,2805.666,1.250
1490.667,1428.375,7063.500,8198.917
1663.417,0.333,4342.584,4626.167
1002.417,0.167,2490.875,2.750
1214.209,1161.083,4147.709,2155.042
1783.916,1683.542,3518.333,2.417
1445.542,0.250,5121.042,5029.291
1043.750,989.625,6975.416,2.750
1556.875,1481.917,3988.834,1.750
1467.416,1403.084,3612.792,3644.375
825.125,0.333,2330.125,2408.458
499.792,0.208,2145.042,2.667
742.541,716.375,1584.416,1.542
840.208,798.542,2160.375,1.375
1094.917,1043.000,2718.667,1.333
667.083,631.625,1700.292,1.208
1490.708,1402.334,4746.000,4884.083
728.083,0.291,2020.375,2.709
1307.166,1254.458,2610.708,1.750
1222.042,1169.708,2286.833,1.458
1955.458,1867.084,33026.583,3931.542
933.083,877.792,2214.000,2.166
1351.500,1314.708,5303.500,1.542
1311.459,0.250,2720.750,1.291
1075.917,1013.041,2098.458,1.250
758.625,714.333,2026.209,1.333
403.250,365.917,2055.791,1.375
1258.334,1186.709,3820.292,1.167
1286.709,1214.375,4565.208,1.292
1594.292,1510.250,9485.000,2873.708
1153.625,1094.083,2215.208,2.208
1513.917,1448.292,3408.500,3571.250
2556.958,2427.041,41130.333,44784.000
720.000,671.292,1618.333,4.750
717.250,684.041,2856.709,1.500
1188.875,1130.625,3772.833,1.583
839.667,780.708,1727.125,1.292
2045.959,1948.375,6993.792,7374.000
735.500,687.708,2023.667,3.416
1722.125,1670.875,5310.959,5758.125
790.292,737.750,1574.917,2.750
1395.375,1318.958,2435.584,2636.417
1051.250,982.792,2916.500,2.667
1186.167,1126.000,3632.000,3767.750
796.750,754.291,6154.167,3.000
1589.875,1515.917,3760.416,1.750
365.167,0.416,1702.000,1.375
1168.375,1115.000,3575.167,1.292
1060.458,1022.791,30444.000,1.208
1804.375,1736.834,4663.459,4952.416
701.000,676.875,2218.542,2.917
1233.625,1288.958,4073.958,1.667
676.750,676.875,5177.292,1.417
1189.792,1149.875,11579.834,1.291
762.292,0.333,1841.875,1.250
1363.875,0.208,31307.875,16821.209
1380.875,1311.500,13051.000,3.250
766.250,729.084,2468.667,1.625
945.750,912.250,2456.666,1.500
596.250,566.625,2913.959,1.334
1029.875,0.208,2198.958,1.417
1151.541,0.250,2393.375,2341.708
829.875,790.625,2286.375,2.625
740.500,692.625,3916.084,1.792
1222.625,1163.000,5183.750,1.375
1362.500,1324.209,3570.209,3514.500
697.791,0.333,2300.000,2.666
1115.709,1061.416,2356.209,1.708
1656.541,1540.166,24556.958,22117.375
1037.167,0.291,3053.750,4.833
1461.709,1395.917,64703.875,37504.875
814.375,765.958,4914.167,4.500
1793.208,0.333,8036.292,5983.333
1258.542,1187.625,8919.542,3.542
1039.625,994.750,3097.292,1.542
920.208,883.625,2729.500,1.375
1613.208,1537.375,55553.792,1.375
1060.375,1004.167,2484.125,1.250
1327.958,1257.250,3924.417,1.209
1503.875,1424.917,7986.791,1.167
875.583,827.167,2875.708,2435.166
966.500,912.209,3104.083,2661.208
926.375,862.500,3701.709,2.708
919.459,869.666,5540.167,1.625
1380.292,1298.000,4259.334,3073.750
1098.959,0.500,3022.542,2181.084
1015.375,990.708,3378.958,2.750
1260.375,1210.917,12704.417,1.541
1321.250,1294.917,10231.667,6338.625
511.750,0.209,3646.667,4.625
1849.541,1840.542,8486.541,4129.125
855.875,833.084,9385.125,2.916
1154.958,1123.875,8331.375,1.708
1382.167,1359.750,15895.500,1.375
648.708,618.500,3194.875,1.291
1061.125,0.209,48969.709,1.291
788.458,748.458,6578.000,1.208
852.708,800.208,2834.167,1.292
1774.375,1680.959,5221.542,4129.666
891.958,0.291,4850.583,3.125
1511.959,0.208,4874.292,3758.125
1241.083,0.208,5464.750,4485.625
825.458,790.666,4494.084,2.792
1193.250,1138.667,3520.416,1.666
809.667,759.166,3737.167,1.458
1606.542,1527.125,3192.875,3461.291
321.500,301.125,1814.542,3.875
1733.709,1673.542,21931.000,5576.625
1574.042,1480.834,58313.291,3.667
1150.167,1090.125,3435.125,1.667
1162.208,1118.292,6218.125,1.333
160.583,150.833,2274.333,1.375
757.334,700.709,2058.250,1.167
1259.875,1182.042,5601.208,1.458
731.084,682.625,2114.125,1.209
1506.125,1432.209,4655.000,5377.084
1288.333,1240.000,3829.250,4350.833
1881.167,1787.042,19386.250,3317.041
994.042,942.666,2538.250,2.875
1057.042,1028.834,2162.584,1.584
761.208,731.333,8980.458,1.500
610.167,590.250,5230.792,1.292
1186.500,1158.625,5407.458,5923.833
1292.167,1262.667,3108.125,3.416
669.250,629.250,1613.041,2.041
908.542,853.209,3854.792,1.541
1323.792,1251.041,9277.167,11619.333
1331.666,0.250,2430.667,4.958
671.083,625.584,2368.708,1.834
899.375,847.500,2710.791,1.375
1102.750,1039.875,2783.083,1.375
712.000,671.042,3811.792,1.208
1085.208,0.250,2949.583,1.291
638.958,0.208,4670.625,1.250
1106.541,1059.041,10314.666,1.250
1731.208,1673.291,7507.542,4629.542
758.458,725.792,4734.791,4.000
1188.958,1165.167,7760.416,1.792
1838.125,1793.125,64532.292,1.459
957.417,895.959,8697.584,1.292
1165.958,1131.209,2358.208,1.250
1706.750,1643.333,15952.084,1.292
1422.417,1329.375,6319.209,1.167
1079.916,1012.042,4646.916,1.209
1006.791,952.042,4394.709,1.167
896.417,842.084,3719.416,1.167
865.542,0.291,3476.167,1.208
1467.333,1396.625,9761.833,7667.583
1169.834,1148.125,146745.625,4.250
595.333,559.625,2088.791,1.834
1451.750,1445.791,9696.167,1.417
1130.625,1101.500,3495.625,1.292
963.208,935.958,4287.334,1.375
1741.250,1691.000,5584.750,4844.792
1740.916,0.416,3786.666,3.250
1875.375,0.208,5917.750,6258.167
1320.375,1272.750,3794.167,3.042
710.875,678.459,2108.875,1.708
1341.500,0.291,6262.917,1.292
1176.708,1083.792,2090.167,2191.292
1233.916,1173.916,4647.959,2.666
2126.458,2100.416,21355.375,3049.208
728.791,699.250,3962.334,2.584
1271.084,0.250,3053.417,1.583
1550.250,1511.417,3416.791,1.625
1900.958,1828.500,35148.875,5550.167
677.125,649.792,2319.208,2.708
1603.375,1509.083,5462.000,5191.375
972.583,964.250,2788.583,2.875
1024.375,987.375,3268.542,1.833
1827.000,1741.083,4938.125,4652.334
1002.834,941.542,2570.167,3.000
560.708,525.542,3527.083,2.000
671.666,624.166,3377.458,1.417
644.250,591.333,2369.541,1.333
1386.667,1340.209,3287.291,1.292
753.833,712.459,16187.208,1.250
1340.208,0.334,2945.125,3011.875
1641.291,1605.000,6983.583,3.250
1104.166,1057.375,3644.916,1.750
1030.875,973.750,2398.334,1.375
956.042,920.833,2809.958,1.375
900.208,854.125,2689.375,1.334
861.792,815.208,2388.875,1.291
998.000,940.375,2720.750,1.250
1257.250,0.292,3758.958,1.334
1557.334,1482.834,3172.167,1.250
1651.375,0.292,3553.708,4029.167
1006.667,961.709,2088.083,2.958
1060.625,0.291,2710.000,3014.208
1257.417,1216.875,3595.833,2.667
1410.000,1374.167,4543.958,1.709
1681.708,1640.417,20497.375,3951.875
952.084,894.416,2168.833,2.417
1031.625,973.917,4841.041,1.542
1115.042,1049.542,2007.875,2215.416
1345.750,1280.584,4114.250,2.708
545.375,0.291,2521.875,1.500
946.167,907.083,4882.917,1.458
1050.584,1003.000,3724.500,1.292
657.208,618.417,2267.958,1.334
691.958,655.166,10659.333,1.292
874.958,822.375,6329.208,1.208
985.500,927.417,2591.291,1.208
677.000,629.625,2548.375,1.208
882.166,0.292,2389.125,1.208
1389.834,0.208,13533.167,14912.542
1784.709,1681.250,4774.250,5140.667
374.333,0.291,1590.625,2.875
915.334,0.208,2602.208,1.708
1065.250,996.708,11087.125,1.334
1507.209,1432.583,6258.833,6773.750
1582.208,0.917,5150.083,5895.458
2218.958,0.208,3510.000,4657.750
1131.583,1069.833,2254.250,4.084
1575.791,1486.209,2666.917,2991.208
1680.542,1598.958,4988.084,3.000
1533.542,1459.833,16652.541,7829.958
752.500,712.792,1655.333,3.708
1243.791,0.250,2381.917,1.625
1311.583,1221.167,5774.875,1.292
763.917,0.334,3356.708,1.292
1507.125,1450.459,9542.000,9045.625
875.166,0.250,1995.833,3.333
1229.000,1178.917,6310.083,1.750
771.250,723.833,7945.333,1.375
653.500,612.958,2411.083,1.375
1500.500,1427.458,2298.667,2580.750
